tweet_id,keyword,tweet_text_raw,text_clean,disaster_class,sentiment_negative,sentiment_neutral,sentiment_positive,sentiment_score,sentiment
4,ablaze,"""Lord Jesus, your love brings freedom and pardon. Fill me with your Holy Spirit and set my heart ablaze with your l… https://t.co/VlTznnPNi8","""lord jesus, your love brings freedom and pardon. fill me with your holy spirit and set my heart ablaze with your l… url",Non-disaster,0.005517510697245598,0.05319228023290634,0.9412901997566223,0.9357726890593767,Positive
6,ablaze,"Several houses have been set ablaze in Ngemsibaa village, Oku sub division in the North West Region of Cameroon by… https://t.co/99uHGAzxy2","several houses have been set ablaze in ngemsibaa village, oku sub division in the north west region of cameroon by… url",Disaster-related,0.7226853966712952,0.26943808794021606,0.007876579649746418,-0.7148088170215487,Negative
20,ablaze,Cameroon's #BIR soldiers on the 05/01/2020 invaded the #SouthernCameroons Village of Kimar - So setting ablaze a total of…,cameroon's #bir soldiers on the 05/01/2020 invaded the #southerncameroons village of kimar - so setting ablaze a total of…,Disaster-related,0.7427772879600525,0.25127124786376953,0.00595140503719449,-0.736825882922858,Negative
55,accident,I actually posted this by accident to twitter but have decided this can stay,i actually posted this by accident to twitter but have decided this can stay,Non-disaster,0.13235034048557281,0.7927510142326355,0.07489870488643646,-0.05745163559913635,Neutral
60,accident,"The speeding car rammed into a group of people, who were returning after attending a temple festival of Ayyappan Ka… https://t.co/e3bBlaVDDA","the speeding car rammed into a group of people, who were returning after attending a temple festival of ayyappan ka… url",Disaster-related,0.45659053325653076,0.5284919142723083,0.014917517080903053,-0.4416730161756277,Neutral
72,aftershock,TICKETS ON SALE!!!!!!!!!! - Aftershock https://t.co/kQHMzbgmvk #nowplaying #k4hdradio,tickets on sale!!!!!!!!!! - aftershock url #nowplaying #k4hdradio,Non-disaster,0.004347730427980423,0.4556661546230316,0.5399860739707947,0.5356383435428143,Positive
78,aftershock,Puerto Rico hit by another 5.9 magnitude aftershock - KYMA https://t.co/rrTNTMA8NR,puerto rico hit by another 5.9 magnitude aftershock - kyma url,Disaster-related,0.23715455830097198,0.7412629723548889,0.021582476794719696,-0.2155720815062523,Neutral
87,aftershock,И снова о кризисе демографии (Yakov_Z) https://t.co/BlgYuNumDG,и снова о кризисе демографии (yakov_z) url,Non-disaster,0.042965859174728394,0.8980929255485535,0.05894123762845993,0.015975378453731537,Neutral
106,aftershock,Puerto Rico hit by another 5.9 magnitude aftershock - KYMA https://t.co/P9Th3vpTak,puerto rico hit by another 5.9 magnitude aftershock - kyma url,Disaster-related,0.23715455830097198,0.7412629723548889,0.021582476794719696,-0.2155720815062523,Neutral
111,aftershock,We continue to update our 30-day aftershock forecast scenarios for #PuertoRico. Forecasts are posted in both English https://t.co…,we continue to update our 30-day aftershock forecast scenarios for #puertorico. forecasts are posted in both english url,Non-disaster,0.0043097794987261295,0.9012565016746521,0.09443368762731552,0.09012390812858939,Neutral
119,airplane accident,"That’s a load of rubbish, there was never an imminent threat, Jesus Christ!!!Iran sho… https://t.co/C815DfZF7C","that’s a load of rubbish, there was never an imminent threat, jesus christ!!!iran sho… url",Non-disaster,0.868830680847168,0.1189672127366066,0.012202124111354351,-0.8566285567358136,Negative
129,airplane accident,How is it that Iran fired between 12 and 20 surface to surface missiles...…..then FIRED A SURFACE TO AIR MISSILE AT… https://t.co/mpkttFCAFB,how is it that iran fired between 12 and 20 surface to surface missiles...…..then fired a surface to air missile at… url,Non-disaster,0.5310438871383667,0.4558477997779846,0.013108305633068085,-0.5179355815052986,Negative
130,airplane accident,"Basically, you killed the general, put the whole country into a confusing status, they shoot a civ… https://t.co/P1lKrqhP1Y","basically, you killed the general, put the whole country into a confusing status, they shoot a civ… url",Non-disaster,0.8931926488876343,0.10196711122989655,0.004840275272727013,-0.8883523736149073,Negative
138,airplane accident,"Just dial 112 toll-free from your phone in the event that you wish to report fire, flood, theft, armed robbery, kidnap,…","just dial 112 toll-free from your phone in the event that you wish to report fire, flood, theft, armed robbery, kidnap,…",Non-disaster,0.19677841663360596,0.77000892162323,0.03321260213851929,-0.16356581449508667,Neutral
140,airplane accident,So Iran can shoot down a commercial airplane and claim it was an accident. Does ANYONE really believe that?!!! 😡😡😡😡,so iran can shoot down a commercial airplane and claim it was an accident. does anyone really believe that?!!! 😡😡😡😡,Disaster-related,0.9248090386390686,0.06946491450071335,0.0057260883040726185,-0.919082950334996,Negative
147,airplane accident,"Hey, got some swamp land for sale. You are either naive or just plain stupid! Which is it? Iran downing t… https://t.co/fu3cjJf1q8","hey, got some swamp land for sale. you are either naive or just plain stupid! which is it? iran downing t… url",Non-disaster,0.8485669493675232,0.13409548997879028,0.01733754575252533,-0.8312294036149979,Negative
155,airplane accident,"It is unimaginable to have 174 people gone in one ""accident."" How could anyone point a surface to air missile at a… https://t.co/7Abwo7HXuz","it is unimaginable to have 174 people gone in one ""accident."" how could anyone point a surface to air missile at a… url",Non-disaster,0.9059678316116333,0.08823389559984207,0.00579826021566987,-0.9001695713959634,Negative
160,airplane accident,Good lord...... Yeah. It was an accident. The airplane didn't give the missile the right away.... 😒,good lord...... yeah. it was an accident. the airplane didn't give the missile the right away.... 😒,Non-disaster,0.9256643056869507,0.06810755282640457,0.006228149402886629,-0.919436156284064,Negative
173,airplane accident,"Yeah, yer well prepared ...hit a few buildings &amp; knocked down yer own airplane by accident ...better keep d… https://t.co/ww1W8LOYVl","yeah, yer well prepared ...hit a few buildings &amp; knocked down yer own airplane by accident ...better keep d… url",Non-disaster,0.45762646198272705,0.39881211519241333,0.1435614377260208,-0.31406502425670624,Negative
177,airplane accident,# Trump in Accident # Crash - Airplane # Ukraine is the main factor as the most powerful person in the world whose count…,# trump in accident # crash - airplane # ukraine is the main factor as the most powerful person in the world whose count…,Non-disaster,0.3900245130062103,0.5435672998428345,0.0664081797003746,-0.3236163333058357,Neutral
184,airplane accident,She is still silent about the killing of 176 innocent people in Iran. Iranian military admitted it shot down Ukrainian a…,she is still silent about the killing of 176 innocent people in iran. iranian military admitted it shot down ukrainian a…,Disaster-related,0.900907576084137,0.09516695886850357,0.003925427328795195,-0.8969821487553418,Negative
190,ambulance,Fire Engulfs Ambulance Conveying Corpse of Catholic Priest’s Mother; #streetjournal https://t.co/gK6dAGKRrL,fire engulfs ambulance conveying corpse of catholic priest’s mother; #streetjournal url,Disaster-related,0.07538633793592453,0.9032405614852905,0.021373089402914047,-0.05401324853301048,Neutral
191,ambulance,"Is it racist to be concerned that this is correct … 50,000 residents in Birmingham can't speak English? Birmingham is England…","is it racist to be concerned that this is correct … 50,000 residents in birmingham can't speak english? birmingham is england…",Non-disaster,0.8303983211517334,0.16279923915863037,0.00680244667455554,-0.8235958744771779,Negative
193,ambulance,"#USDJPY despite Richter Scale overbought, Fxstreet Line Up Swissquote bullish long, Jason Sen Mr. Ambulance Chaser B…","#usdjpy despite richter scale overbought, fxstreet line up swissquote bullish long, jason sen mr. ambulance chaser b…",Non-disaster,0.025241494178771973,0.8324074149131775,0.14235106110572815,0.11710956692695618,Neutral
206,ambulance,And drumroll its beach girl. Henry tried to keep pressure on the wound and calls for an… https://t.co/gvo4M76B1O,and drumroll its beach girl. henry tried to keep pressure on the wound and calls for an… url,Non-disaster,0.07961514592170715,0.827701985836029,0.0926828384399414,0.013067692518234253,Neutral
209,ambulance,"ooh, guys, do you know where in gauteng people go to study nursing and the ambulance nurses who keep you alive in transit…","ooh, guys, do you know where in gauteng people go to study nursing and the ambulance nurses who keep you alive in transit…",Non-disaster,0.03985457494854927,0.9200665354728699,0.04007888212800026,0.00022430717945098877,Neutral
216,ambulance,“ambulance nurses” ♥️♥️♥️,“ambulance nurses” ♥️♥️♥️,Non-disaster,0.0056662666611373425,0.08573337644338608,0.9086003303527832,0.9029340636916459,Positive
218,ambulance,For all your ambulance 🚑 needs call us today on our Toll-Free number 👉0819696 https://t.co/aWzJw2wxkx,for all your ambulance 🚑 needs call us today on our toll-free number 👉0819696 url,Non-disaster,0.019423004239797592,0.8398844599723816,0.1406925767660141,0.12126957252621651,Neutral
220,ambulance,Timely action during accidents can save someone's life. If you find someone with injury then call for an ambulance… https://t.co/9PPTiJUJpN,timely action during accidents can save someone's life. if you find someone with injury then call for an ambulance… url,Disaster-related,0.09382724016904831,0.7060978412628174,0.2000749111175537,0.1062476709485054,Neutral
223,ambulance,Another race baiting ambulance chaser exposed ..this is racism in action but you and peop… https://t.co/2UhePawVK9,another race baiting ambulance chaser exposed ..this is racism in action but you and peop… url,Non-disaster,0.9117326736450195,0.08196253329515457,0.006304790265858173,-0.9054278833791614,Negative
224,ambulance,"ooh, guys, do you know where in gauteng people go to study nursing and the ambulance nurses who keep you alive in t… https://t.co/M6YK1fibLu","ooh, guys, do you know where in gauteng people go to study nursing and the ambulance nurses who keep you alive in t… url",Non-disaster,0.020883647724986076,0.9382620453834534,0.04085426405072212,0.019970616325736046,Neutral
230,annihilated,Which Quranic Verse Did the Leader Choose for Qasem Soleimani? | Unique Moment A soldier of Islam who tirelessly foug…,which quranic verse did the leader choose for qasem soleimani? | unique moment a soldier of islam who tirelessly foug…,Non-disaster,0.012520183809101582,0.8967780470848083,0.09070171415805817,0.07818153034895658,Neutral
234,annihilated,Zero chance of any of those candidates winning the next election. The deluded hard left will… https://t.co/Xnurp3Teng,zero chance of any of those candidates winning the next election. the deluded hard left will… url,Non-disaster,0.8566134572029114,0.1271882802248001,0.016198260709643364,-0.840415196493268,Negative
240,annihilated,"Titans, raise your tridents and drink to Victory We annihilated our enemies yesterday and sent them to hades where they…","titans, raise your tridents and drink to victory we annihilated our enemies yesterday and sent them to hades where they…",Disaster-related,0.06375117599964142,0.36716440320014954,0.5690844058990479,0.5053332298994064,Positive
245,annihilated,"Polls mean shit all Hugh, they were wrong, massively, we have effectively now had 3 votes, leave won… https://t.co/EpTuVM6j5q","polls mean shit all hugh, they were wrong, massively, we have effectively now had 3 votes, leave won… url",Non-disaster,0.8480206727981567,0.13713636994361877,0.014842957258224487,-0.8331777155399323,Negative
250,annihilated,"WE WIN! The Federal Judge lifted the TRO. We can Build in the Floodplain, this will change the game. The judge absolutely…","we win! the federal judge lifted the tro. we can build in the floodplain, this will change the game. the judge absolutely…",Non-disaster,0.005255403462797403,0.07026306539773941,0.9244815707206726,0.9192261672578752,Positive
251,annihilated,"Oppenheimer annihilated him, I was done when he referenced Mistress Death's dislike of Thanos. https://t.co/165Ot51Jxs","oppenheimer annihilated him, i was done when he referenced mistress death's dislike of thanos. url",Non-disaster,0.7291151285171509,0.2479410618543625,0.022943852469325066,-0.7061712760478258,Negative
258,annihilated,Nicki minaj single handedly annihilated the male species the day this dropped !! https://t.co/v7KK4pWdtK,nicki minaj single handedly annihilated the male species the day this dropped !! url,Non-disaster,0.05887879803776741,0.26838529109954834,0.6727359294891357,0.6138571314513683,Positive
286,annihilation,"You are just deflecting the issue, which is discouraging statistics(of Bengali hindus) f… https://t.co/rGjkNxYzL8","you are just deflecting the issue, which is discouraging statistics(of bengali hindus) f… url",Non-disaster,0.7962404489517212,0.19589166343212128,0.007867827080190182,-0.788372621871531,Negative
288,annihilation,"I loved and hated #UncutGems, like several movies recently. It evoked Clockwork Orange - grotesque but compelling -… https://t.co/KPHUCeRWCi","i loved and hated #uncutgems, like several movies recently. it evoked clockwork orange - grotesque but compelling -… url",Non-disaster,0.7114946246147156,0.18156927824020386,0.10693605989217758,-0.604558564722538,Negative
320,annihilation,annihilation on hulu,annihilation on hulu,Non-disaster,0.024756886065006256,0.7514849901199341,0.22375816106796265,0.1990012750029564,Neutral
326,apocalypse,I will never understand why the smell of girls perfume lasts for a 8 secs meanwhile boys can go through an apocalypse and st…,i will never understand why the smell of girls perfume lasts for a 8 secs meanwhile boys can go through an apocalypse and st…,Non-disaster,0.809753954410553,0.1737755537033081,0.01647048257291317,-0.7932834718376398,Negative
338,apocalypse,"Yea, but let's be honest. Kids value pretty much any game they see on Roblox the same. They'll play whatever they f… https://t.co/k0YcbKnN9U","yea, but let's be honest. kids value pretty much any game they see on roblox the same. they'll play whatever they f… url",Non-disaster,0.18403613567352295,0.6598684191703796,0.15609540045261383,-0.02794073522090912,Neutral
346,apocalypse,chodzi ci o Apocalypse?,chodzi ci o apocalypse?,Non-disaster,0.050569452345371246,0.9011685848236084,0.048261962831020355,-0.002307489514350891,Neutral
348,apocalypse,Apocalypse chic,apocalypse chic,Non-disaster,0.06696140766143799,0.6981755495071411,0.2348630577325821,0.1679016500711441,Neutral
351,apocalypse,Texsch literally caused the apocalypse and that's invalid :o),texsch literally caused the apocalypse and that's invalid :o),Non-disaster,0.7735437154769897,0.19062268733978271,0.03583362698554993,-0.7377100884914398,Negative
357,apocalypse,"I just survived the London rush hour tube ride (which is basically like surviving the zombie apocalypse), but what… https://t.co/OC1WtHjXiw","i just survived the london rush hour tube ride (which is basically like surviving the zombie apocalypse), but what… url",Disaster-related,0.07613030076026917,0.44751179218292236,0.4763578176498413,0.40022751688957214,Positive
358,apocalypse,👍 on : GTA 5 Zombie Apocalypse Mod #2 - SURVIVAL!! (GTA 5 Mods) https://t.co/jwRJlHMW6R,👍 on : gta 5 zombie apocalypse mod #2 - survival!! (gta 5 mods) url,Non-disaster,0.006845507770776749,0.39439502358436584,0.5987594723701477,0.591913964599371,Positive
364,apocalypse,"GRETA THUNBERG: please no phjotos. I dont want to be fjamous, i just want my save my small windmill town frjom climjate apo…","greta thunberg: please no phjotos. i dont want to be fjamous, i just want my save my small windmill town frjom climjate apo…",Non-disaster,0.7097210884094238,0.262434184551239,0.027844738215208054,-0.6818763501942158,Negative
365,armageddon,It’s Armageddon for wheelie bins.,it’s armageddon for wheelie bins.,Non-disaster,0.4600161910057068,0.4438745677471161,0.09610918909311295,-0.36390700191259384,Negative
368,armageddon,"New Music: DJ Joenel feat. Ajebo Hustlers, Dr Barz &amp; Dan Dizzy – Armageddon https://t.co/S8bAUOPZDZ https://t.co/jiel4VWU1F","new music: dj joenel feat. ajebo hustlers, dr barz &amp; dan dizzy – armageddon url url",Non-disaster,0.004191318992525339,0.8505673408508301,0.14524134993553162,0.14105003094300628,Neutral
369,armageddon,"New Music: DJ Joenel feat. Ajebo Hustlers, Dr Barz &amp; Dan Dizzy – Armageddon https://t.co/rlOcieXQPt https://t.co/2DCzBRS1nJ","new music: dj joenel feat. ajebo hustlers, dr barz &amp; dan dizzy – armageddon url url",Non-disaster,0.004191318992525339,0.8505673408508301,0.14524134993553162,0.14105003094300628,Neutral
375,armageddon,That can’t be true. Jesus usually rides a Harley to Armageddon picknicks. https://t.co/luYrj6NY7z,that can’t be true. jesus usually rides a harley to armageddon picknicks. url,Non-disaster,0.5150046348571777,0.4589582085609436,0.026037149131298065,-0.48896748572587967,Negative
376,armageddon,Getter Robo: Armageddon (1998) https://t.co/fqD7EoBjq8,getter robo: armageddon (1998) url,Non-disaster,0.01669975370168686,0.8898953199386597,0.09340494871139526,0.0767051950097084,Neutral
378,armageddon,65RT↑270♡↑ Thanks!,65rt↑270♡↑ thanks!,Non-disaster,0.008843925781548023,0.314692884683609,0.67646324634552,0.667619320563972,Positive
385,armageddon,White: I Saw Trump Riding Golden Horse Alongside Jesus During Armageddon https://t.co/oG3RkpyvH8,white: i saw trump riding golden horse alongside jesus during armageddon url,Non-disaster,0.03033163771033287,0.893963098526001,0.0757053792476654,0.045373741537332535,Neutral
386,armageddon,When the few hold the most wealth power and privilege due to the defective money system that humani… https://t.co/EPmdxaRAus,when the few hold the most wealth power and privilege due to the defective money system that humani… url,Non-disaster,0.5708959698677063,0.4082755744457245,0.02082846313714981,-0.5500675067305565,Negative
388,armageddon,The ONLY reason that Jesus would be riding along side of tRump would be to show him the gates of hell w… https://t.co/0qLG3G8yko,the only reason that jesus would be riding along side of trump would be to show him the gates of hell w… url,Non-disaster,0.8110535144805908,0.17809607088565826,0.010850352235138416,-0.8002031622454524,Negative
395,army,Today Pak Army soldiers will b thanking to Indian Army.If the Indian Army did not carry out deadly strikes in Neelum Valle…,today pak army soldiers will b thanking to indian army.if the indian army did not carry out deadly strikes in neelum valle…,Disaster-related,0.44850048422813416,0.45225006341934204,0.09924942255020142,-0.34925106167793274,Neutral
402,army,People in the army kill people everyday and then get sent home no jail time,people in the army kill people everyday and then get sent home no jail time,Non-disaster,0.9161508679389954,0.07756748050451279,0.006281665526330471,-0.9098692024126649,Negative
410,army,Remember when an army used google translate to ask “are you excited to go to korea?” But it messed up and said “Are you horn…,remember when an army used google translate to ask “are you excited to go to korea?” but it messed up and said “are you horn…,Non-disaster,0.35377079248428345,0.604265570640564,0.04196358844637871,-0.31180720403790474,Neutral
411,army,J-Hope's 'Chicken Noodle Soup (feat. Becky G)' MV has passed 130 million views. #iHeartsAwards #BestFanArmy…,j-hope's 'chicken noodle soup (feat. becky g)' mv has passed 130 million views. #iheartsawards #bestfanarmy…,Non-disaster,0.0018383539281785488,0.1150454506278038,0.8831162452697754,0.8812778913415968,Positive
417,army,I’m the one who wrote this post on weverse. I’m glad that many ARMYs are able to see so that they have awareness as to wh…,i’m the one who wrote this post on weverse. i’m glad that many armys are able to see so that they have awareness as to wh…,Non-disaster,0.014035655185580254,0.30610939860343933,0.6798549294471741,0.6658192742615938,Positive
421,army,Weverse Official A Special Gift for ARMY from BTS SUGA https://t.co/7VQDvghgfj,weverse official a special gift for army from bts suga url,Non-disaster,0.002483162796124816,0.3541848063468933,0.6433320045471191,0.6408488417509943,Positive
424,army,remember when yoongi replied to an army in english 🥺🥺 why did i just read it in his tiny english voice too i’m devastate…,remember when yoongi replied to an army in english 🥺🥺 why did i just read it in his tiny english voice too i’m devastate…,Non-disaster,0.24250993132591248,0.4898679256439209,0.2676222026348114,0.025112271308898926,Neutral
427,army,INDONESIA ARMY WHERE ARE YOU?! WE ARE HUGE PLEASE VOTE #BoyWithLuv #BestMusicVideo #iHeartAwards @…,indonesia army where are you?! we are huge please vote #boywithluv #bestmusicvideo #iheartawards @…,Non-disaster,0.0070736464112997055,0.10672979056835175,0.8861965537071228,0.8791229072958231,Positive
445,army,Congratulations J-Hope and for 130M views for CNS 🎉 Let's stream as much as we can until Hobi's bir…,congratulations j-hope and for 130m views for cns 🎉 let's stream as much as we can until hobi's bir…,Non-disaster,0.0015871580690145493,0.019095733761787415,0.9793171286582947,0.9777299705892801,Positive
460,arson,"""Only about 1 per cent of the land burnt in NSW this bushfire season can be officially attribu… https://t.co/prCXHHyt1B","""only about 1 per cent of the land burnt in nsw this bushfire season can be officially attribu… url",Disaster-related,0.49084365367889404,0.49410828948020935,0.015047967433929443,-0.4757956862449646,Neutral
470,arson,"Climate change is now the #1 cause of arson. Or perhaps arson is the #1 cause of #ClimateChange Whatever it is, the sol…","climate change is now the #1 cause of arson. or perhaps arson is the #1 cause of #climatechange whatever it is, the sol…",Non-disaster,0.6357284784317017,0.3477329611778259,0.01653861068189144,-0.6191898677498102,Negative
474,arson,"2009 bushfires in Victoria: - 173 fatalities - Labor Govt &amp; Kevin Rudd - Caused by arson, power lines, lightning - Nobody…","2009 bushfires in victoria: - 173 fatalities - labor govt &amp; kevin rudd - caused by arson, power lines, lightning - nobody…",Disaster-related,0.8669618964195251,0.1263926774263382,0.006645364221185446,-0.8603165321983397,Negative
479,arson,Rubbish Hillary! I am an Australian living near the fires &amp; the causes of the fires have been: 1. Arson with approx 200…,rubbish hillary! i am an australian living near the fires &amp; the causes of the fires have been: 1. arson with approx 200…,Disaster-related,0.8621442317962646,0.130654439330101,0.007201423402875662,-0.854942808393389,Negative
480,arson,"We cannot stop bushfires, we must plan to live with them. This means significant change, including information and… https://t.co/XX4QCfV9h3","we cannot stop bushfires, we must plan to live with them. this means significant change, including information and… url",Non-disaster,0.38023096323013306,0.5825009346008301,0.037268053740262985,-0.34296290948987007,Neutral
487,arson,Yeah because arson and poor forest management is not climate change.,yeah because arson and poor forest management is not climate change.,Non-disaster,0.8405482172966003,0.14621800184249878,0.013233783654868603,-0.8273144336417317,Negative
493,arson,"...the lack of decent land management / strategies for fire prevention,… https://t.co/ieKcFNpZVs","...the lack of decent land management / strategies for fire prevention,… url",Non-disaster,0.7514479160308838,0.23808179795742035,0.010470248758792877,-0.7409776672720909,Negative
497,arson,"As part of our analysis of misinformation propagated about the Australian bushfires, has produced this detai…","as part of our analysis of misinformation propagated about the australian bushfires, has produced this detai…",Non-disaster,0.3797317445278168,0.6055842638015747,0.01468399353325367,-0.3650477509945631,Neutral
503,arson,"There's no doubt, , that officials are downplaying arson's role in Australia's fires (because they are global…","there's no doubt, , that officials are downplaying arson's role in australia's fires (because they are global…",Non-disaster,0.6529895067214966,0.3314743936061859,0.015536113642156124,-0.6374533930793405,Negative
513,arsonist,Equivalent of an arsonist that lights the fire then rushes in as a hero to put it out! Except this fi… https://t.co/xFebDYfVsa,equivalent of an arsonist that lights the fire then rushes in as a hero to put it out! except this fi… url,Non-disaster,0.1716463267803192,0.7340070605278015,0.09434662014245987,-0.07729970663785934,Neutral
514,arsonist,Have I got this right #Arsonist in Chief of #AustraliaBurning Morrison is even smugger &amp; smirkier than usual bc he clai…,have i got this right #arsonist in chief of #australiaburning morrison is even smugger &amp; smirkier than usual bc he clai…,Non-disaster,0.8872984051704407,0.10055666416883469,0.012144840322434902,-0.8751535648480058,Negative
519,arsonist,One of the blog confirms that voilence was linked to CAA and nrc protest. In Bhainsa of Nirma…,one of the blog confirms that voilence was linked to caa and nrc protest. in bhainsa of nirma…,Non-disaster,0.1327272206544876,0.8439361453056335,0.023336682468652725,-0.10939053818583488,Neutral
536,attack,"Trump shares horrific photo of bloodied corpse: The tweet that Trump shared said: ""Question: Who in America supports this m…","trump shares horrific photo of bloodied corpse: the tweet that trump shared said: ""question: who in america supports this m…",Non-disaster,0.846766471862793,0.14728210866451263,0.005951496306806803,-0.8408149755559862,Negative
541,attack,"RT #FightExtremism ""The Taliban have claimed responsibility for a roadside bomb attack in Kandahar that killed two… https://t.co/7Ym9WSGKQp","rt #fightextremism ""the taliban have claimed responsibility for a roadside bomb attack in kandahar that killed two… url",Disaster-related,0.7114202380180359,0.2824392020702362,0.006140556652098894,-0.705279681365937,Negative
555,attack,Moments before taking a bucket full of d6 for the Sneak Attack. #dnd #dungeonsanddragons #dnd5e https://t.co/QotzVHVliW,moments before taking a bucket full of d6 for the sneak attack. #dnd #dungeonsanddragons #dnd5e url,Non-disaster,0.013858768157660961,0.8553934097290039,0.13074781000614166,0.1168890418484807,Neutral
556,attack,i tried to go to school today and everything was fine but now i sit outside of the classroom bc my hands started to… https://t.co/JDbcnqrOJH,i tried to go to school today and everything was fine but now i sit outside of the classroom bc my hands started to… url,Non-disaster,0.36081749200820923,0.5311828255653381,0.10799968987703323,-0.252817802131176,Neutral
564,attack,"When Orientalism, Islamophobia, and anti-#Iran sentiment are used to attack people across the political aisle (this was retweet…","when orientalism, islamophobia, and anti-#iran sentiment are used to attack people across the political aisle (this was retweet…",Non-disaster,0.7240087389945984,0.2676021158695221,0.008389069698750973,-0.7156196692958474,Negative
572,attack,German Hospital Forced to Hire Security Guards After ‘Refugees’ Physically Attack Nurses https://t.co/BkDDlcTDk5,german hospital forced to hire security guards after ‘refugees’ physically attack nurses url,Non-disaster,0.511742115020752,0.47835859656333923,0.00989933218806982,-0.5018427828326821,Negative
602,attack,for his Participation in countering a Fidayeen Attack by Terrorists at District Police Lines Pulwahma on 25/26 Aug 2017 w…,for his participation in countering a fidayeen attack by terrorists at district police lines pulwahma on 25/26 aug 2017 w…,Disaster-related,0.15626609325408936,0.817036509513855,0.026697393506765366,-0.129568699747324,Neutral
605,attacked,God is going to bless you in the same season the devil attacked you.,god is going to bless you in the same season the devil attacked you.,Non-disaster,0.06474732607603073,0.2903759479522705,0.6448767185211182,0.5801293924450874,Positive
613,attacked,Id love to know how actually its just a different type of homophobia that happened to Wilson. He was a… https://t.co/mpXLgZUniA,id love to know how actually its just a different type of homophobia that happened to wilson. he was a… url,Non-disaster,0.5145211815834045,0.46609458327293396,0.01938423328101635,-0.4951369483023882,Negative
637,attacked,Son and teenage girl arrested after couple attacked at Centurion home https://t.co/Wd9rbN13YV,son and teenage girl arrested after couple attacked at centurion home url,Non-disaster,0.45109453797340393,0.5367284417152405,0.01217696350067854,-0.4389175744727254,Neutral
646,attacked,Terrorists attacked people in Telangana Smaller districts of Bhainsa and Nirmal saw terror mob burned few places and tar…,terrorists attacked people in telangana smaller districts of bhainsa and nirmal saw terror mob burned few places and tar…,Disaster-related,0.8553623557090759,0.13744279742240906,0.0071947649121284485,-0.8481675907969475,Negative
655,attacked,Why have you stopped short with only ABVP and have not questioned the ABVP cadre who initiated the att… https://t.co/aVk3SHS4Uh,why have you stopped short with only abvp and have not questioned the abvp cadre who initiated the att… url,Non-disaster,0.6471326351165771,0.34400200843811035,0.00886539090424776,-0.6382672442123294,Negative
657,attacked,"So because I've not read, heard or seen Meghan being racially attacked its b/c Im white and all white people are ra… https://t.co/DzccMLENCg","so because i've not read, heard or seen meghan being racially attacked its b/c im white and all white people are ra… url",Non-disaster,0.5334234237670898,0.4435439705848694,0.023032551631331444,-0.5103908721357584,Negative
671,avalanche,read everything Avalanche here! https://t.co/k1cBbCmrh3 #followtrain,read everything avalanche here! url #followtrain,Non-disaster,0.012974885292351246,0.800624430179596,0.18640078604221344,0.1734259007498622,Neutral
674,avalanche,JUST IN: Avalanche strikes Indian Army post in Machil sector along LoC in Jammu &amp; Kashmir. 5 soldiers were believed to b…,just in: avalanche strikes indian army post in machil sector along loc in jammu &amp; kashmir. 5 soldiers were believed to b…,Disaster-related,0.5812131762504578,0.4093743860721588,0.009412425570189953,-0.5718007506802678,Negative
682,avalanche,"Breaking News: At least 51 people have been killed in a snow avalanche in Neelum valley of Azad Kashmir , officials sa…","breaking news: at least 51 people have been killed in a snow avalanche in neelum valley of azad kashmir , officials sa…",Disaster-related,0.826677143573761,0.1670859456062317,0.006236908957362175,-0.8204402346163988,Negative
683,avalanche,⁠Turkey’s first university blockchain center BlockchainIST jumps into Emin Gün Sirer’s Avalanche https://t.co/Gr6NLOdP2I,⁠turkey’s first university blockchain center blockchainist jumps into emin gün sirer’s avalanche url,Non-disaster,0.004618743434548378,0.8708860874176025,0.12449514865875244,0.11987640522420406,Neutral
711,battle,"When you have tittle without mantle you end up with battle. You will not remember a man because of his title, but beca…","when you have tittle without mantle you end up with battle. you will not remember a man because of his title, but beca…",Non-disaster,0.4551367163658142,0.52044278383255,0.02442048117518425,-0.43071623519062996,Neutral
712,battle,"Ireland, 1014 AD. High King Brian Boru survives the Battle of Clontarf and establishes an enduring royal dynasty. The cu…","ireland, 1014 ad. high king brian boru survives the battle of clontarf and establishes an enduring royal dynasty. the cu…",Non-disaster,0.008701853454113007,0.8414210081100464,0.14987710118293762,0.14117524772882462,Neutral
728,battle,"So.. Free battle anyone?🤔 Comment ""#daddyarmy""","so.. free battle anyone?🤔 comment ""#daddyarmy""",Non-disaster,0.024851305410265923,0.8646042943000793,0.1105443611741066,0.08569305576384068,Neutral
732,battle,There's always gonna be another mountain I'm always gonna wanna make it move Always gonna be an uphill battle Sometimes I'm…,there's always gonna be another mountain i'm always gonna wanna make it move always gonna be an uphill battle sometimes i'm…,Non-disaster,0.3357864320278168,0.505241334438324,0.15897226333618164,-0.17681416869163513,Neutral
743,battle,"I GOT IT ALL IN CONTROL... RUNNING A LABEL WITH 2 DEALS ""UPHILL BATTLE LLC""","i got it all in control... running a label with 2 deals ""uphill battle llc""",Non-disaster,0.004052926320582628,0.20681625604629517,0.7891308069229126,0.78507788060233,Positive
750,battle,It's Very Sad that #EgertonHeist has reduced a once Great University to a Battle ground between the Police &amp; students simpl…,it's very sad that #egertonheist has reduced a once great university to a battle ground between the police &amp; students simpl…,Non-disaster,0.9136481285095215,0.0802961140871048,0.006055811885744333,-0.9075923166237772,Negative
752,battle,BB9B04C5 :Battle ID I need backup! Lvl 100 Celeste Omega https://t.co/s0FmtxAUFT,bb9b04c5 :battle id i need backup! lvl 100 celeste omega url,Non-disaster,0.3554821312427521,0.5872528553009033,0.05726498365402222,-0.29821714758872986,Neutral
753,battle,1DB28A63 :Battle ID I need backup! Lvl 100 Baal https://t.co/hHlrnSEJmd,1db28a63 :battle id i need backup! lvl 100 baal url,Non-disaster,0.5116466283798218,0.4371339976787567,0.051219359040260315,-0.46042726933956146,Negative
760,battle,B9CF7ABC :Battle ID I need backup! Lvl 50 Joya https://t.co/luE1wvM1Xa,b9cf7abc :battle id i need backup! lvl 50 joya url,Non-disaster,0.4843442440032959,0.46582677960395813,0.049829017370939255,-0.43451522663235664,Negative
763,battle,512B214F :Battle ID I need backup! Lvl 100 Yggdrasil Omega https://t.co/BVVSnPgZ3W,512b214f :battle id i need backup! lvl 100 yggdrasil omega url,Non-disaster,0.33472904562950134,0.6006211042404175,0.06464982777833939,-0.27007921785116196,Neutral
764,battle,s 1656ABAF :Battle ID I need backup! Lvl 100 Colossus Omega https://t.co/YeOnr59F9Z,s 1656abaf :battle id i need backup! lvl 100 colossus omega url,Non-disaster,0.3526020050048828,0.5836604833602905,0.06373755633831024,-0.28886444866657257,Neutral
767,bioterror,"Sir, if I may this tech is quite useful in case of a bioterror attack https://t.co/pAbur3CVum","sir, if i may this tech is quite useful in case of a bioterror attack url",Non-disaster,0.01692316308617592,0.2920324504375458,0.6910443902015686,0.6741212271153927,Positive
772,bioterror,"Courtesy of “Mixed in with people who nothing more than to come to America for a better life, more i… https://t.co/ZEpp4lzpnA","courtesy of “mixed in with people who nothing more than to come to america for a better life, more i… url",Non-disaster,0.24293972551822662,0.6710124015808105,0.08604781329631805,-0.15689191222190857,Neutral
784,bioterror,"US-Mexico Border: Portal For TB, Swine Flu, Bioterror https://t.co/xv4mhvm5iS via","us-mexico border: portal for tb, swine flu, bioterror url via",Disaster-related,0.11713375896215439,0.868264377117157,0.014601931907236576,-0.10253182705491781,Neutral
811,bioterrorism,hachi-san88: Leon and Claire. They fight bioterrorism and have busy days. That’s why they value the time they spend tog…,hachi-san88: leon and claire. they fight bioterrorism and have busy days. that’s why they value the time they spend tog…,Non-disaster,0.029697800055146217,0.6290839314460754,0.3412182629108429,0.3115204628556967,Neutral
813,bioterrorism,hachi-san88: Leon and Claire. They fight bioterrorism and have busy days. That’s why they value the time they spend… https://t.co/hcjq3VatR2,hachi-san88: leon and claire. they fight bioterrorism and have busy days. that’s why they value the time they spend… url,Non-disaster,0.01356521900743246,0.4566803276538849,0.5297544598579407,0.5161892408505082,Positive
857,blaze,"“Two fights - to protect rights, and to revive [EU &amp; Enlightenment] values - aren't an alternative to a campaign to rejoin.…","“two fights - to protect rights, and to revive [eu &amp; enlightenment] values - aren't an alternative to a campaign to rejoin.…",Non-disaster,0.16390787065029144,0.7811983823776245,0.05489376187324524,-0.1090141087770462,Neutral
865,blaze,"What is the definition of ""major interview?"" Let's start with when will #BrexitJohnson #ReleaseTheRussiaReport ??","what is the definition of ""major interview?"" let's start with when will #brexitjohnson #releasetherussiareport ??",Non-disaster,0.17070120573043823,0.7992425560951233,0.03005618043243885,-0.14064502529799938,Neutral
869,blaze,blaze it,blaze it,Non-disaster,0.13840273022651672,0.6539807319641113,0.20761655271053314,0.06921382248401642,Neutral
892,blazing,Margaret Cavendish was an English philosopher and author born in 1623. She was the first woman to attend a meeting at t…,margaret cavendish was an english philosopher and author born in 1623. she was the first woman to attend a meeting at t…,Non-disaster,0.00793249998241663,0.8734585046768188,0.1186089739203453,0.11067647393792868,Neutral
893,blazing,"#KartikGoenka - a flame blazing up, a volcano ready to erupt, a man whose silence has been mistaken for weakness 🙌🏼 #MohsinK…","#kartikgoenka - a flame blazing up, a volcano ready to erupt, a man whose silence has been mistaken for weakness 🙌🏼 #mohsink…",Non-disaster,0.04952339455485344,0.3111189901828766,0.6393575668334961,0.5898341722786427,Positive
900,blazing,ObsNewRev: Motherwell: A Girlhood by Deborah Orr review – fitting legacy of a blazing talent https://t.co/sa2QOkkdv9,obsnewrev: motherwell: a girlhood by deborah orr review – fitting legacy of a blazing talent url,Non-disaster,0.00793071836233139,0.3908144235610962,0.6012548804283142,0.5933241620659828,Positive
903,blazing,“Our work for LGBT-inclusive education in Scotland is about ensuring that no generation of LGBT young people ever again fe…,“our work for lgbt-inclusive education in scotland is about ensuring that no generation of lgbt young people ever again fe…,Non-disaster,0.08493559807538986,0.7926814556121826,0.12238291651010513,0.03744731843471527,Neutral
920,blazing,"I shot one of two Colts I had aimed at him, the one in my left hand, before Trent could pull the trigger of his Rem… https://t.co/asYxjXnFd0","i shot one of two colts i had aimed at him, the one in my left hand, before trent could pull the trigger of his rem… url",Non-disaster,0.2577340006828308,0.7239025831222534,0.01836344227194786,-0.23937055841088295,Neutral
925,blazing,Was a fair call before WC. Should have done it at the WC. Not now when Iyer has been in blazing form at 4.,was a fair call before wc. should have done it at the wc. not now when iyer has been in blazing form at 4.,Non-disaster,0.07482071965932846,0.7103601694107056,0.214819073677063,0.13999835401773453,Neutral
928,blazing,"Jennie looked at me, and said, “Bass, you need to do this. You need to go before Tecumseh kills again.” Get Bass Re… https://t.co/9dzgBTdopw","jennie looked at me, and said, “bass, you need to do this. you need to go before tecumseh kills again.” get bass re… url",Non-disaster,0.11090566962957382,0.7384594678878784,0.15063484013080597,0.03972917050123215,Neutral
937,blazing,"When an eagle soars into the blazing sun, it is not just a show of strength but because he truly belongs at the top. You…","when an eagle soars into the blazing sun, it is not just a show of strength but because he truly belongs at the top. you…",Non-disaster,0.004501038230955601,0.082936592400074,0.912562370300293,0.9080613320693374,Positive
942,bleeding,"Why can’t you be truthful it’s not down you have put them in concentration camps and cages ,the wall has nothing to… https://t.co/DEtzSrFaZE","why can’t you be truthful it’s not down you have put them in concentration camps and cages ,the wall has nothing to… url",Non-disaster,0.9012476205825806,0.09366809576749802,0.005084386561065912,-0.8961632340215147,Negative
955,bleeding,GHANAIAN WOMEN WOULD STAB YOU IN THE BACK THEN ASK YOU WHY YOU’RE BLEEDING.,ghanaian women would stab you in the back then ask you why you’re bleeding.,Non-disaster,0.8325110077857971,0.15626971423625946,0.011219353415071964,-0.8212916543707252,Negative
959,bleeding,"(((LIVE))) Cervical Cancer: Bleeding after menopause is a sign of disease - Dr Kwaku Ansah -Opoku, Obstetrician &amp; G… https://t.co/cSb6Vh7pFu","(((live))) cervical cancer: bleeding after menopause is a sign of disease - dr kwaku ansah -opoku, obstetrician &amp; g… url",Non-disaster,0.20352816581726074,0.7790548801422119,0.017416981980204582,-0.18611118383705616,Neutral
961,bleeding,Freedom of movement bleeding central and souther Europe dry https://t.co/iDOoN1YLaz,freedom of movement bleeding central and souther europe dry url,Non-disaster,0.6514409184455872,0.3319895565509796,0.01656952127814293,-0.6348713971674442,Negative
965,bleeding,Bleeding Madras be that,bleeding madras be that,Non-disaster,0.26923394203186035,0.6832371354103088,0.047528982162475586,-0.22170495986938477,Neutral
969,bleeding,ICYMI: “Silence Surrounds Revelations of Mueller’s Collaboration with CIA Torture Program” - my new article on Guantanamo.…,icymi: “silence surrounds revelations of mueller’s collaboration with cia torture program” - my new article on guantanamo.…,Non-disaster,0.16228251159191132,0.8176252841949463,0.020092178136110306,-0.142190333455801,Neutral
980,bleeding,I forgot my lip balm and now I’m holding a sleeping baby and my lips are dry and cracked and bleeding.,i forgot my lip balm and now i’m holding a sleeping baby and my lips are dry and cracked and bleeding.,Disaster-related,0.9194943904876709,0.07214196771383286,0.008363636210560799,-0.9111307542771101,Negative
983,bleeding,It wont taste the same and like I’d...... die......which is fine but like..........I’d rather not die… https://t.co/X0lYw9QQxs,it wont taste the same and like i’d...... die......which is fine but like..........i’d rather not die… url,Non-disaster,0.8789867162704468,0.11101347208023071,0.00999975111335516,-0.8689869651570916,Negative
994,bleeding,I kinda want to watch it,i kinda want to watch it,Non-disaster,0.012682575732469559,0.49317410588264465,0.49414339661598206,0.4814608208835125,Positive
1019,blew up,can i just say 😳 i dont understand why this blew up as the cameraman panicking @ tae as it clearly cut to a different camer…,can i just say 😳 i dont understand why this blew up as the cameraman panicking @ tae as it clearly cut to a different camer…,Non-disaster,0.8378996253013611,0.15567399561405182,0.0064263720996677876,-0.8314732532016933,Negative
1023,blew up,#AfricaKwetu Late Commander Fred Nkuranga Rubereza. One of the greatest heroes of the NRA/UPDF passed away in 1981… https://t.co/8zH6SqSJAe,#africakwetu late commander fred nkuranga rubereza. one of the greatest heroes of the nra/updf passed away in 1981… url,Non-disaster,0.10058939456939697,0.6773765683174133,0.22203396260738373,0.12144456803798676,Neutral
1040,blew up,I think the document shredder blew up and was mistaken for snow,i think the document shredder blew up and was mistaken for snow,Non-disaster,0.7856665849685669,0.20237821340560913,0.011955121532082558,-0.7737114634364843,Negative
1046,blew up,This probably was not a choice Warren was forced into. It was likely her campaign that leaked the st… https://t.co/kvUIHca4Uk,this probably was not a choice warren was forced into. it was likely her campaign that leaked the st… url,Non-disaster,0.5577676296234131,0.43386292457580566,0.008369415067136288,-0.5493982145562768,Negative
1053,blew up,I once told someone to check her iron level because there were like obvious symptoms she was having ( same thing I… https://t.co/c45iPQpOTo,i once told someone to check her iron level because there were like obvious symptoms she was having ( same thing i… url,Non-disaster,0.27387475967407227,0.6978005170822144,0.028324738144874573,-0.2455500215291977,Neutral
1060,blight,"SHDC is working with partners across Lincolnshire to launch the #SCRAP fly-tipping campaign today, which aims to fight the…","shdc is working with partners across lincolnshire to launch the #scrap fly-tipping campaign today, which aims to fight the…",Non-disaster,0.017411623150110245,0.8495995402336121,0.1329887956380844,0.11557717248797417,Neutral
1068,blight,Low traffic neighbourhoods - way ahead to save our local streets from the blight of pollution and noise. #Safer streets ar…,low traffic neighbourhoods - way ahead to save our local streets from the blight of pollution and noise. #safer streets ar…,Non-disaster,0.020122883841395378,0.3011797368526459,0.678697407245636,0.6585745234042406,Positive
1078,blight,you should understand i'm cleaning up html and css is a fucking blight and capitalists are fucking useless,you should understand i'm cleaning up html and css is a fucking blight and capitalists are fucking useless,Non-disaster,0.937631368637085,0.05432773008942604,0.008040985092520714,-0.9295903835445642,Negative
1088,blight,Tunisian fishermen driven to perilous depths by mystery sea sponge blight https://t.co/iM6VKIGqsL,tunisian fishermen driven to perilous depths by mystery sea sponge blight url,Disaster-related,0.691231369972229,0.29887691140174866,0.009891719557344913,-0.6813396504148841,Negative
1102,blight,"Only Leftists would demand exteme birth control, claim that humanity is a blight on the planet, pray for genocide… https://t.co/pNShHgmxOh","only leftists would demand exteme birth control, claim that humanity is a blight on the planet, pray for genocide… url",Non-disaster,0.8972774147987366,0.09668479114770889,0.006037821527570486,-0.8912395932711661,Negative
1118,blizzard,Blizzard fixing OW by buffing random heroes: https://t.co/MDh9vfPFbX,blizzard fixing ow by buffing random heroes: url,Non-disaster,0.0638357475399971,0.7771504521369934,0.1590138077735901,0.09517806023359299,Neutral
1122,blizzard,"Also, with the announcement of Overwatch 2(which don’t get me wrong I will play tons of), Blizzard has already slow… https://t.co/mCrN7yStna","also, with the announcement of overwatch 2(which don’t get me wrong i will play tons of), blizzard has already slow… url",Non-disaster,0.6711571216583252,0.27888965606689453,0.04995322600007057,-0.6212038956582546,Negative
1136,blizzard,PUBG: Provide Unmitigated Blizzard Goop,pubg: provide unmitigated blizzard goop,Non-disaster,0.22359000146389008,0.6145932078361511,0.16181680560112,-0.06177319586277008,Neutral
1147,blizzard,xeltes played World of Warcraft (Blizzard) in the last 24 hours https://t.co/7Qvvbxc59M #exophase,xeltes played world of warcraft (blizzard) in the last 24 hours url #exophase,Non-disaster,0.004160228651016951,0.7513955235481262,0.24444426596164703,0.24028403731063008,Neutral
1168,blood,Working on some blood maledict sets! https://t.co/lfHhS9I7sy,working on some blood maledict sets! url,Non-disaster,0.004956801421940327,0.7381182909011841,0.25692489743232727,0.25196809601038694,Neutral
1205,blood,everyman/woman who doesnt exactly belive in that must b kiled; evrythng that does… https://t.co/MtupW8m9Rt,everyman/woman who doesnt exactly belive in that must b kiled; evrythng that does… url,Non-disaster,0.43829646706581116,0.5443166494369507,0.017386876046657562,-0.4209095910191536,Neutral
1211,blood,giorno: what’s your blood type? fugo: how would i know? giorno: how would you not? fugo: who do you think i am? karl…,giorno: what’s your blood type? fugo: how would i know? giorno: how would you not? fugo: who do you think i am? karl…,Non-disaster,0.05691538378596306,0.9077542424201965,0.03533032536506653,-0.02158505842089653,Neutral
1221,bloody,"🇮🇹 Totti is 43 years old and he’s still scoring bangers like that. Class is permanent., what a bloody goal. 🔥 https://t.co/RhZptTltyF","🇮🇹 totti is 43 years old and he’s still scoring bangers like that. class is permanent., what a bloody goal. 🔥 url",Non-disaster,0.023363325744867325,0.08210092782974243,0.8945357203483582,0.8711723946034908,Positive
1231,bloody,It will just take a random google search to know about the media mavens of the day who helped the political plus bureaucr…,it will just take a random google search to know about the media mavens of the day who helped the political plus bureaucr…,Non-disaster,0.14100296795368195,0.7849636077880859,0.0740334615111351,-0.06696950644254684,Neutral
1242,bloody,I'm finally reading the Not So Stories anthology* and barely ten sentences into 's introduction I'm cr… https://t.co/hF0CMppbbl,i'm finally reading the not so stories anthology* and barely ten sentences into 's introduction i'm cr… url,Non-disaster,0.03925441950559616,0.5126176476478577,0.44812795519828796,0.4088735356926918,Neutral
1257,bloody,BBC as usual making my blood boil. Patting yourselves on the back. He is doing ok. You didn't tell u… https://t.co/Kz2isDTkLy,bbc as usual making my blood boil. patting yourselves on the back. he is doing ok. you didn't tell u… url,Non-disaster,0.8248636722564697,0.15826207399368286,0.016874291002750397,-0.8079893812537193,Negative
1258,bloody,"Our teen Junior Judges bloody loved BLOOD MOON. Fresh, positive and empowering on first love, friendships and rejecting…","our teen junior judges bloody loved blood moon. fresh, positive and empowering on first love, friendships and rejecting…",Non-disaster,0.004335095640271902,0.029453469440340996,0.9662114381790161,0.9618763425387442,Positive
1270,bloody,Let us begin by taking a look at the very concept of the US trying to trick an enemy nation into downing a civilian airliner.…,let us begin by taking a look at the very concept of the us trying to trick an enemy nation into downing a civilian airliner.…,Non-disaster,0.6554141640663147,0.33479514718055725,0.009790661744773388,-0.6456235023215413,Negative
1289,blown up,i just wanted to say really quick that i liked season 1 a lot BUT i LOVE season 2. knj really stepped up the game and mad…,i just wanted to say really quick that i liked season 1 a lot but i love season 2. knj really stepped up the game and mad…,Non-disaster,0.007929369807243347,0.027930134907364845,0.9641405344009399,0.9562111645936966,Positive
1291,blown up,"FLASHBACK- 2.3 TRILLION MISSING PROVES 9/11 WAS AN INSIDE JOB: On 9/10, $2.3 trillion went missing from the Defense Depar…","flashback- 2.3 trillion missing proves 9/11 was an inside job: on 9/10, $2.3 trillion went missing from the defense depar…",Non-disaster,0.7689101099967957,0.22125183045864105,0.009837966412305832,-0.7590721435844898,Negative
1314,body bag,That situation tends to end with the attacker shot. That would not go over very well in some places.… https://t.co/ElHAEtyaqf,that situation tends to end with the attacker shot. that would not go over very well in some places.… url,Non-disaster,0.7307594418525696,0.2615639567375183,0.007676602341234684,-0.7230828395113349,Negative
1316,body bag,"Jackson couldn’t sleep. He grabbed a coat before running out the door, had his messenger bag slung across his body as u…","jackson couldn’t sleep. he grabbed a coat before running out the door, had his messenger bag slung across his body as u…",Non-disaster,0.06799706816673279,0.8794910907745361,0.0525117851793766,-0.015485282987356186,Neutral
1320,body bag,x “Body Bag 2” (Official Video) https://t.co/dPrVs15HGQ 🎥 🎹 … https://t.co/t9e4Nhuywl,x “body bag 2” (official video) url 🎥 🎹 … url,Non-disaster,0.003897811518982053,0.9093018770217896,0.0868002399802208,0.08290242846123874,Neutral
1323,body bag,"""Body parts found in bag in Coolock, north Dublin. The investigation is still at a very early stage, but gardai are tre…","""body parts found in bag in coolock, north dublin. the investigation is still at a very early stage, but gardai are tre…",Disaster-related,0.3410717248916626,0.6453432440757751,0.013585111126303673,-0.3274866137653589,Neutral
1341,body bag,Someone was murdered and their body parts left in a bag in Coolock last night When is the gov going to acknowledge… https://t.co/BNSa2r1iXH,someone was murdered and their body parts left in a bag in coolock last night when is the gov going to acknowledge… url,Disaster-related,0.8503974676132202,0.14399704337120056,0.00560545502230525,-0.844792012590915,Negative
1344,body bag,"Typo. Yes, coroner. Witnesses confirmed body bag leaving the vacant house along with multiple evidence… https://t.co/eQbKXGkfj8","typo. yes, coroner. witnesses confirmed body bag leaving the vacant house along with multiple evidence… url",Disaster-related,0.03461316600441933,0.9206027984619141,0.04478410258889198,0.010170936584472656,Neutral
1375,body bagging,Poor . I think he’s dead after this body bagging.,poor . i think he’s dead after this body bagging.,Disaster-related,0.9275788068771362,0.0654674842953682,0.006953639909625053,-0.9206251669675112,Negative
1377,body bagging,"I don't mind being your enemy if you're an enemy of mine. Remember, I'm gone match any and all energy and don't min… https://t.co/SdhxpghXOK","i don't mind being your enemy if you're an enemy of mine. remember, i'm gone match any and all energy and don't min… url",Non-disaster,0.3808561861515045,0.500044584274292,0.11909925937652588,-0.26175692677497864,Neutral
1383,body bagging,Listen to your body &amp; take it as easy as you need to. Consider bagging your socked feet in your shoes… https://t.co/45yiQlx0IU,listen to your body &amp; take it as easy as you need to. consider bagging your socked feet in your shoes… url,Non-disaster,0.0250975601375103,0.5408626794815063,0.43403974175453186,0.40894218161702156,Neutral
1408,body bags,I’m sure the Russian Owned PM will be sending troops to back up his mate in the US. Sadly… https://t.co/FbCvF8Rqsg,i’m sure the russian owned pm will be sending troops to back up his mate in the us. sadly… url,Disaster-related,0.8877561688423157,0.1069011315703392,0.005342669319361448,-0.8824134995229542,Negative
1420,body bags,I have 1 question...how can they identify all of those passengers in 1 day? They had full body bags on the r…,i have 1 question...how can they identify all of those passengers in 1 day? they had full body bags on the r…,Non-disaster,0.3034486174583435,0.6821144223213196,0.014436870813369751,-0.28901174664497375,Neutral
1423,body bags,No more free plastic bags in Baltimore City after bill signing--I guess they need to raise money to buy more plasti… https://t.co/v4MH7fynO3,no more free plastic bags in baltimore city after bill signing--i guess they need to raise money to buy more plasti… url,Non-disaster,0.6053633093833923,0.37945079803466797,0.015185884200036526,-0.5901774251833558,Negative
1434,body bags,It's not my fight. If it was up to me we'd give Iran nukes to b… https://t.co/1xJePeKt53,it's not my fight. if it was up to me we'd give iran nukes to b… url,Non-disaster,0.5958074927330017,0.3873145282268524,0.0168779157102108,-0.5789295770227909,Negative
1435,body bags,Someone get the body bags for Warren's campaign plz,someone get the body bags for warren's campaign plz,Non-disaster,0.14156793057918549,0.7682269215583801,0.09020522236824036,-0.05136270821094513,Neutral
1445,body bags,29 years of mil service taught me that 4 body bags during “pea… https://t.co/BF2dkuNqTA,29 years of mil service taught me that 4 body bags during “pea… url,Non-disaster,0.06937415897846222,0.8215761780738831,0.10904967039823532,0.0396755114197731,Neutral
1453,body bags,"This comes to mind when I read all the comments - I remember in 2016 ""Rumors"" of W…","this comes to mind when i read all the comments - i remember in 2016 ""rumors"" of w…",Non-disaster,0.09426230192184448,0.8678451180458069,0.03789261355996132,-0.05636968836188316,Neutral
1476,bomb,“i have a girlfriend with whom i want to spend the rest of my life.” – kim jongdae. https://t.co/m5s9ocVVYt,“i have a girlfriend with whom i want to spend the rest of my life.” – kim jongdae. url,Non-disaster,0.0031583267264068127,0.20651941001415253,0.7903223037719727,0.7871639770455658,Positive
1479,bomb,Reports are Harry &amp; Meghan do NOT want to live in America until Trump leaves office. I spent years in bomb shelter as a…,reports are harry &amp; meghan do not want to live in america until trump leaves office. i spent years in bomb shelter as a…,Non-disaster,0.8155409693717957,0.17466334998607635,0.009795721620321274,-0.8057452477514744,Negative
1480,bomb,Can I just eat all I fucking want and have a bomb body? No? Awe ... okay 🙁,can i just eat all i fucking want and have a bomb body? no? awe ... okay 🙁,Non-disaster,0.5202147960662842,0.2637086510658264,0.2160765528678894,-0.3041382431983948,Negative
1482,bomb,"ARMYs are trending #ThankYouBigHit to show their appreciation towards Bighit, for providing subtitles on the new Bangta…","armys are trending #thankyoubighit to show their appreciation towards bighit, for providing subtitles on the new bangta…",Non-disaster,0.0028249090537428856,0.055756814777851105,0.9414182305335999,0.938593321479857,Positive
1492,bomb,I did not say you had a base In Iran! I simply put you are in IRAN... You can’t bo… https://t.co/ykNA7KKJPk,i did not say you had a base in iran! i simply put you are in iran... you can’t bo… url,Non-disaster,0.41790133714675903,0.5622234344482422,0.019875232130289078,-0.39802610501646996,Neutral
1511,bomb,You’ve ramped up the brutal sanctions on #Iran that are killing ordinary Iranians. You murder their top military figure #So…,you’ve ramped up the brutal sanctions on #iran that are killing ordinary iranians. you murder their top military figure #so…,Non-disaster,0.9445415139198303,0.05082849785685539,0.0046300566755235195,-0.9399114572443068,Negative
1516,bomb,"This is ALOTT jongdae husband And dad, Yoonterlude aka Shadow is a Masterpiece it's legit one of my favourite bts… https://t.co/IroORvj3eQ","this is alott jongdae husband and dad, yoonterlude aka shadow is a masterpiece it's legit one of my favourite bts… url",Non-disaster,0.004268265329301357,0.04534126818180084,0.9503904581069946,0.9461221927776933,Positive
1517,bomb,"Bomb in Van of NJ Shooting Attack Suspects Could’ve Killed People 5 Football Fields Away, Officials Said https://t.co/IL…","bomb in van of nj shooting attack suspects could’ve killed people 5 football fields away, officials said url",Disaster-related,0.6094974875450134,0.3817378580570221,0.008764601312577724,-0.6007328862324357,Negative
1521,bomb,"Lmao if this was real, I’d have to bomb Cartoon Network 😭😂 Theres no way I’m letting them ruin this like they ruined Teen…","lmao if this was real, i’d have to bomb cartoon network 😭😂 theres no way i’m letting them ruin this like they ruined teen…",Non-disaster,0.9017286896705627,0.08112747967243195,0.01714385859668255,-0.8845848310738802,Negative
1524,bombed,This bombed on IG and I have ONE follower on here but hi here’s some graphic liner (I messed up and just kept going ok bye…,this bombed on ig and i have one follower on here but hi here’s some graphic liner (i messed up and just kept going ok bye…,Non-disaster,0.7550943493843079,0.22006461024284363,0.024841060861945152,-0.7302532885223627,Negative
1526,bombed,"BREAKING: Soleimani's killing marked the culmination of US unlawful activity, Washington went beyond all legal frameworks -…","breaking: soleimani's killing marked the culmination of us unlawful activity, washington went beyond all legal frameworks -…",Non-disaster,0.6534661650657654,0.33569079637527466,0.010843035764992237,-0.6426231293007731,Negative
1533,bombed,"Hadaba Military College Cadets Drone Bombed by LNA in Tripoli, Libya https://t.co/ycJD6DNSdt","hadaba military college cadets drone bombed by lna in tripoli, libya url",Disaster-related,0.5534233450889587,0.43644312024116516,0.010133539326488972,-0.5432898057624698,Negative
1539,bombed,So I did a thing. I streamed for the first time. Bombed. But hey. Practice makes perfect!,so i did a thing. i streamed for the first time. bombed. but hey. practice makes perfect!,Non-disaster,0.01742006652057171,0.18113836646080017,0.8014415502548218,0.7840214837342501,Positive
1541,bombed,Let’s get this straight. US military bases in Iraq are bombed by Iran. What’s Trump’s response? To illegally divert…,let’s get this straight. us military bases in iraq are bombed by iran. what’s trump’s response? to illegally divert…,Disaster-related,0.773942768573761,0.21885834634304047,0.0071989018470048904,-0.7667438667267561,Negative
1545,bombed,Lakini hapo Omamo has been put in to make sure we don't get bombed and finish those contract negotiations. All in… https://t.co/gksWiMfjse,lakini hapo omamo has been put in to make sure we don't get bombed and finish those contract negotiations. all in… url,Non-disaster,0.07062731683254242,0.870979368686676,0.05839334428310394,-0.012233972549438477,Neutral
1551,bombed,Bruh it just randomly thundered out of knowwhere and that shit was LOUD AF ! Felt it in my chest and I for real tho… https://t.co/QvYh1l1V4x,bruh it just randomly thundered out of knowwhere and that shit was loud af ! felt it in my chest and i for real tho… url,Non-disaster,0.6152467727661133,0.22683769464492798,0.15791557729244232,-0.45733119547367096,Negative
1563,bombed,The place where these children once called home is no more after being bombed by #Assad and #Putin. We are so lucky they are…,the place where these children once called home is no more after being bombed by #assad and #putin. we are so lucky they are…,Non-disaster,0.6139377951622009,0.2544603645801544,0.13160182535648346,-0.48233596980571747,Negative
1567,bombed,On a battlefield tour a couple of years ago I met a gent who had been badly wounded when his ship was b… https://t.co/yhNZgF1c3T,on a battlefield tour a couple of years ago i met a gent who had been badly wounded when his ship was b… url,Non-disaster,0.46565791964530945,0.5108265280723572,0.023515554144978523,-0.4421423655003309,Neutral
1580,bombing,"retweet 👇 ...to fix a problem, deal with the root of the problem Marine Le Pen: ""Macron tells us that we are fighting terr…","retweet 👇 ...to fix a problem, deal with the root of the problem marine le pen: ""macron tells us that we are fighting terr…",Non-disaster,0.13985031843185425,0.8120462894439697,0.048103366047143936,-0.09174695238471031,Neutral
1585,bombing,30% of Republican primary voters nationally say they support bombing Agrabah. Agrabah is the country from Aladdin. #NotTheOni…,30% of republican primary voters nationally say they support bombing agrabah. agrabah is the country from aladdin. #nottheoni…,Non-disaster,0.8368440270423889,0.15430903434753418,0.008846962824463844,-0.8279970642179251,Negative
1592,bombing,"#Yemen Article/Video April 1, 2019 The US backed Saudi Coalition have been bombing and starving civilian in Yemen to f…","#yemen article/video april 1, 2019 the us backed saudi coalition have been bombing and starving civilian in yemen to f…",Non-disaster,0.8522298336029053,0.14267274737358093,0.005097503308206797,-0.8471323302946985,Negative
1598,bombing,"#Yemen Article/Video April 1, 2019 The US backed Saudi Coalition have been bombing and starving civilian in Yemen to force t…","#yemen article/video april 1, 2019 the us backed saudi coalition have been bombing and starving civilian in yemen to force t…",Disaster-related,0.8018695712089539,0.19248108565807343,0.005649265833199024,-0.7962203053757548,Negative
1610,bombing,so bombing is happening ?????,so bombing is happening ?????,Non-disaster,0.7770625948905945,0.21528273820877075,0.007654644548892975,-0.7694079503417015,Negative
1612,bombing,"On January 14, 2016 at 10:30 WIB, the first bomb blasted the Starbucks outlet at the area’s Cakrawala Building https://…","on january 14, 2016 at 10:30 wib, the first bomb blasted the starbucks outlet at the area’s cakrawala building url",Non-disaster,0.3278222680091858,0.6543123722076416,0.017865268513560295,-0.3099569994956255,Neutral
1613,bombing,Do these images disturb you?? They should . The bombing was planned!!! By who or whom?? The pictures on the left an…,do these images disturb you?? they should . the bombing was planned!!! by who or whom?? the pictures on the left an…,Non-disaster,0.835330605506897,0.15687069296836853,0.00779871828854084,-0.8275318872183561,Negative
1614,bombing,The winter in Gaza has a special character .. !!! There are many poor people in Gaza living in homes partially destroyed…,the winter in gaza has a special character .. !!! there are many poor people in gaza living in homes partially destroyed…,Non-disaster,0.9277451038360596,0.06479325145483017,0.0074616605415940285,-0.9202834432944655,Negative
1617,bombing,Most brainless report today - US invaders and occupiers in Iraq whining that pple they have been bombing and killin… https://t.co/MgL0FotZYa,most brainless report today - us invaders and occupiers in iraq whining that pple they have been bombing and killin… url,Disaster-related,0.9338014125823975,0.06141964718699455,0.004778971895575523,-0.9290224406868219,Negative
1621,bombing,My history teacher in England used to ask me to account to the class whenever there was an IRA bombing in t…,my history teacher in england used to ask me to account to the class whenever there was an ira bombing in t…,Non-disaster,0.32589107751846313,0.6520286798477173,0.02208027057349682,-0.3038108069449663,Neutral
1631,bombing,"75 buses and 20 ambulances of refugees, mostly children and women, were leaving Fou’ah and Kafriya after a two-year besiegeme…","75 buses and 20 ambulances of refugees, mostly children and women, were leaving fou’ah and kafriya after a two-year besiegeme…",Non-disaster,0.12201832234859467,0.8554778695106506,0.0225038081407547,-0.09951451420783997,Neutral
1651,bridge collapse,Sorry but our whole system needs a reset. There’s way to much corruption across the board. Trump is a… https://t.co/CFLZMHpb6j,sorry but our whole system needs a reset. there’s way to much corruption across the board. trump is a… url,Non-disaster,0.945119321346283,0.04983792454004288,0.005042782984673977,-0.940076538361609,Negative
1658,bridge collapse,"Err, what’s the bridge made of cus’ I didn’t hear any material being mentioned? A bridge without subs… https://t.co/Z18kgEhK6P","err, what’s the bridge made of cus’ i didn’t hear any material being mentioned? a bridge without subs… url",Non-disaster,0.1862591952085495,0.793032169342041,0.020708581432700157,-0.16555061377584934,Neutral
1661,bridge collapse,Still remember BJP disowning for her Comments on Mumbai foot overbridge collapse…,still remember bjp disowning for her comments on mumbai foot overbridge collapse…,Non-disaster,0.6878020763397217,0.30224257707595825,0.00995534285902977,-0.6778467334806919,Negative
1665,bridge collapse,Q / [ CEMEX] + [ EPSTEIN] + ADRENOCHROME/ HOW to hide the evidence/ think [ Hemoglobin] / quick search… https://t.co/SoR8yss6rf,q / [ cemex] + [ epstein] + adrenochrome/ how to hide the evidence/ think [ hemoglobin] / quick search… url,Non-disaster,0.05647692084312439,0.9249671101570129,0.018555976450443268,-0.03792094439268112,Neutral
1706,buildings burning,From what I know...these burning buildings are an annual occurrence. I am not ruling out arson but jus… https://t.co/LsEc981h68,from what i know...these burning buildings are an annual occurrence. i am not ruling out arson but jus… url,Non-disaster,0.591258704662323,0.3984844386577606,0.010256825014948845,-0.5810018796473742,Negative
1714,buildings burning,"I mean, there's directness though. Like, the townhall of whatevertown Alabama was built with slave… https://t.co/utqajXNNzn","i mean, there's directness though. like, the townhall of whatevertown alabama was built with slave… url",Non-disaster,0.1436154991388321,0.8242728114128113,0.032111670821905136,-0.11150382831692696,Neutral
1719,buildings burning,But his kids aren’t hungry and he saves strangers from burning buildings 🤷‍♂️😜 https://t.co/sH2dBAvT7T,but his kids aren’t hungry and he saves strangers from burning buildings 🤷‍♂️😜 url,Non-disaster,0.16318897902965546,0.5027872323989868,0.3340238034725189,0.17083482444286346,Neutral
1742,buildings burning,#BoundBrookFire Firefighters from several different departments came together to prevent even more buildings from burn…,#boundbrookfire firefighters from several different departments came together to prevent even more buildings from burn…,Disaster-related,0.0494784340262413,0.8680759072303772,0.08244568854570389,0.032967254519462585,Neutral
1760,buildings on fire,"With all the buildings that have been ‘set’ on fire in Glasgow over the last few years, it’s doesn’t sit right. the… https://t.co/6i6ZIfynFV","with all the buildings that have been ‘set’ on fire in glasgow over the last few years, it’s doesn’t sit right. the… url",Disaster-related,0.8651329874992371,0.12900330126285553,0.005863616243004799,-0.8592693712562323,Negative
1803,buildings on fire,"Inferno on Black Friday 1939: 71 deaths, 3,700 buildings, too much fuel and “lit by the hand of man” « JoNova… https://t.co/tHhw0dRMin","inferno on black friday 1939: 71 deaths, 3,700 buildings, too much fuel and “lit by the hand of man” « jonova… url",Disaster-related,0.8574069142341614,0.135102778673172,0.007490292191505432,-0.849916622042656,Negative
1807,buildings on fire,"A massive fire in Somerset County consumed at least five buildings, forced over 100 residents to evacuate and suspe… https://t.co/72cwoB36DA","a massive fire in somerset county consumed at least five buildings, forced over 100 residents to evacuate and suspe… url",Disaster-related,0.7407968640327454,0.24994193017482758,0.009261205792427063,-0.7315356582403183,Negative
1821,burned,bro i said i wanted a light toast i didnt want it fucking burned damn,bro i said i wanted a light toast i didnt want it fucking burned damn,Non-disaster,0.898857831954956,0.0944400206208229,0.0067021604627370834,-0.892155671492219,Negative
1826,burned,"I'm sorry he has lost ""his"" bees, but forgive me, the only reason these bees were there is bec… https://t.co/2LK2UbftTk","i'm sorry he has lost ""his"" bees, but forgive me, the only reason these bees were there is bec… url",Non-disaster,0.806745171546936,0.18324372172355652,0.010011181235313416,-0.7967339903116226,Negative
1859,burned,"Just like what happened with #Yezidi girls who refused to be sex slaves! 7000 Yezidis were kidnapped ,enslaved. 19 were…","just like what happened with #yezidi girls who refused to be sex slaves! 7000 yezidis were kidnapped ,enslaved. 19 were…",Disaster-related,0.8556978702545166,0.13734012842178345,0.006961990147829056,-0.8487358801066875,Negative
1860,burned,"2020 so far has been an absolute movie ❤️ but like, a bootleg, like someone brought a 2004 camcorder into the theatre and th…","2020 so far has been an absolute movie ❤️ but like, a bootleg, like someone brought a 2004 camcorder into the theatre and th…",Non-disaster,0.008347834460437298,0.03907094523310661,0.9525811672210693,0.944233332760632,Positive
1879,burning,What do you need to start a successful business? Three simple things 1)know your product better than anyone 2)know your cus…,what do you need to start a successful business? three simple things 1)know your product better than anyone 2)know your cus…,Non-disaster,0.019548621028661728,0.3291352689266205,0.6513161659240723,0.6317675448954105,Positive
1886,burning,Come on - the country is burning. Over a billion animals are dead. And you somehow think it’s still appr…,come on - the country is burning. over a billion animals are dead. and you somehow think it’s still appr…,Disaster-related,0.9361898899078369,0.058429814875125885,0.005380281247198582,-0.9308096086606383,Negative
1897,burning,"If I had to guess where the #RefundWarren and #ITrustBernie hashtags started, I'd be looking at the same Russian troll farm…","if i had to guess where the #refundwarren and #itrustbernie hashtags started, i'd be looking at the same russian troll farm…",Non-disaster,0.6299035549163818,0.3518538773059845,0.01824260875582695,-0.6116609461605549,Negative
1901,burning,We are seeing the other side ...the barbaric cult .which says there is no God but theirs ..Whil…,we are seeing the other side ...the barbaric cult .which says there is no god but theirs ..whil…,Non-disaster,0.788388192653656,0.1999361366033554,0.01167568750679493,-0.7767125051468611,Negative
1921,burning,darinde...how i wish i could put these in hot burning oil instead of hanging.,darinde...how i wish i could put these in hot burning oil instead of hanging.,Non-disaster,0.588212788105011,0.31343144178390503,0.098355732858181,-0.48985705524683,Negative
1926,bush fires,"I imagine Tony will just say that the bush fires are all part of god's plan, very much doubt he will… https://t.co/ubU3i0ql5P","i imagine tony will just say that the bush fires are all part of god's plan, very much doubt he will… url",Non-disaster,0.8293572068214417,0.16118769347667694,0.00945519283413887,-0.8199020139873028,Negative
1928,bush fires,"Ever since it came out that bush fires in Australia are caused by arsonists, not by ""climate crisis"", the BBC appear a lot…","ever since it came out that bush fires in australia are caused by arsonists, not by ""climate crisis"", the bbc appear a lot…",Non-disaster,0.6343499422073364,0.3511030972003937,0.014546921476721764,-0.6198030207306147,Negative
1929,bush fires,Can the year 9’s from who are part of my cohort “navigate” themselves as an injured &amp;… https://t.co/jrci7YAb7H,can the year 9’s from who are part of my cohort “navigate” themselves as an injured &amp;… url,Non-disaster,0.023276709020137787,0.9344558119773865,0.04226751998066902,0.018990810960531235,Neutral
1945,bush fires,"2019 is officially Australia’s hottest year on record, &amp; with that has brought an earlier start to bush fire season… https://t.co/fW2N3fuyzu","2019 is officially australia’s hottest year on record, &amp; with that has brought an earlier start to bush fire season… url",Non-disaster,0.1875644326210022,0.6960180401802063,0.11641749739646912,-0.07114693522453308,Neutral
1946,bush fires,"It’s very clear. Like the bush Fires climate change, racism, Brexit and Farage are to blame.","it’s very clear. like the bush fires climate change, racism, brexit and farage are to blame.",Non-disaster,0.8098145127296448,0.18010397255420685,0.010081524029374123,-0.7997329887002707,Negative
1963,bush fires,Yup some vegetation require the bush fires to be able to grow.,yup some vegetation require the bush fires to be able to grow.,Non-disaster,0.07389215379953384,0.815315842628479,0.11079204827547073,0.03689989447593689,Neutral
1964,bush fires,"Question: Do sports administrators &amp; directors of sports governing bodies, globally and in Australia, in the wake of t…","question: do sports administrators &amp; directors of sports governing bodies, globally and in australia, in the wake of t…",Non-disaster,0.025820426642894745,0.9465065002441406,0.027673030272126198,0.001852603629231453,Neutral
1966,bush fires,"I care about root causes, actual facts demonstrated, evidence, not LEA… https://t.co/4Y5nZTKHsx","i care about root causes, actual facts demonstrated, evidence, not lea… url",Non-disaster,0.2762036621570587,0.6684945225715637,0.05530180782079697,-0.22090185433626175,Neutral
1970,bush fires,So Big Ears appointing some dude to talk to people about prevention of bush fires and will take up to 6 months to finish ne…,so big ears appointing some dude to talk to people about prevention of bush fires and will take up to 6 months to finish ne…,Non-disaster,0.7024819254875183,0.28477856516838074,0.01273944228887558,-0.6897424831986427,Negative
1981,bush fires,Heartening photos show how the Aussie bush is already regrowing https://t.co/uxq693KKIB,heartening photos show how the aussie bush is already regrowing url,Non-disaster,0.0038921842351555824,0.07243262231349945,0.9236751198768616,0.919782935641706,Positive
1988,bush fires,"The Australian bush fires have been and continue to be devastating. We, like many others, feel we have a responsibility t…","the australian bush fires have been and continue to be devastating. we, like many others, feel we have a responsibility t…",Disaster-related,0.866811990737915,0.1247524693608284,0.008435494266450405,-0.8583764964714646,Negative
1991,bush fires,A run has been set up to raise money for the Australian Red Cross to help support those affected by the bush fires. Sun 19…,a run has been set up to raise money for the australian red cross to help support those affected by the bush fires. sun 19…,Non-disaster,0.01804572343826294,0.8752625584602356,0.10669175535440445,0.08864603191614151,Neutral
1993,bush fires,"Two Men arrested on suspicion of terrorism in Australia for starting bush-fires, laugh.... Nearly half a billion animals h…","two men arrested on suspicion of terrorism in australia for starting bush-fires, laugh.... nearly half a billion animals h…",Disaster-related,0.898963451385498,0.09571297466754913,0.005323576740920544,-0.8936398746445775,Negative
2003,casualties,Big hugs to HRH Harry thank you for your tremendous support to our Wounded Injured and Sick over the years . Also for the…,big hugs to hrh harry thank you for your tremendous support to our wounded injured and sick over the years . also for the…,Non-disaster,0.005103957373648882,0.028491370379924774,0.9664046764373779,0.961300719063729,Positive
2006,casualties,"An explosion hit a petrochemical plant in Zhuhai, south China's Guangdong Province, on Tuesday. No casualties were reported…","an explosion hit a petrochemical plant in zhuhai, south china's guangdong province, on tuesday. no casualties were reported…",Disaster-related,0.439827561378479,0.546371579170227,0.013800788670778275,-0.42602677270770073,Neutral
2013,casualties,More then 58 people dead in #NeelumValley in last two days due to heavy snowfall and glaciers More death casualties expe…,more then 58 people dead in #neelumvalley in last two days due to heavy snowfall and glaciers more death casualties expe…,Disaster-related,0.8407323360443115,0.15210437774658203,0.007163203787058592,-0.8335691322572529,Negative
2023,casualties,Two more civilian casualties succumbed to injuries. Total 5 civilians Shaheed. Indian guns silent as of now to undertake ev…,two more civilian casualties succumbed to injuries. total 5 civilians shaheed. indian guns silent as of now to undertake ev…,Disaster-related,0.779267430305481,0.2149164229631424,0.005816170014441013,-0.7734512602910399,Negative
2029,casualties,"There are reports of massive avalanches in Upper Neelum area of PoK. Many casualties reported, area not accessible by road…","there are reports of massive avalanches in upper neelum area of pok. many casualties reported, area not accessible by road…",Disaster-related,0.8497904539108276,0.1430874615907669,0.00712213572114706,-0.8426683181896806,Negative
2043,casualties,"When #explosiveweapons are used in populated areas, over 9 in every 10 casualties are likely to be civilians. This is a consiste…","when #explosiveweapons are used in populated areas, over 9 in every 10 casualties are likely to be civilians. this is a consiste…",Non-disaster,0.8033535480499268,0.18868155777454376,0.007964972406625748,-0.795388575643301,Negative
2053,casualty,The only one who can sense in a moment if his Naira is in danger though it was nothing that could cause an extreme casualty b…,the only one who can sense in a moment if his naira is in danger though it was nothing that could cause an extreme casualty b…,Non-disaster,0.3525966703891754,0.6004127264022827,0.046990614384412766,-0.30560605600476265,Neutral
2059,casualty,Just happened to be passing Bourne Park on the A343 and had to dispatch yet another deer casualty!! … https://t.co/jUiPo9Mb3F,just happened to be passing bourne park on the a343 and had to dispatch yet another deer casualty!! … url,Disaster-related,0.5992692708969116,0.3652955889701843,0.035435136407613754,-0.5638341344892979,Negative
2069,casualty,The only one who can sense in a moment if his Naira is in danger though it was nothing that could cause an extreme… https://t.co/lCfLD8Of8l,the only one who can sense in a moment if his naira is in danger though it was nothing that could cause an extreme… url,Non-disaster,0.22614292800426483,0.7159631848335266,0.057893816381692886,-0.16824911162257195,Neutral
2073,casualty,"Yes let's. Very likely 3,270 days from now our nuclear casualty body count would be the same as Fukushima's today. i.e.…","yes let's. very likely 3,270 days from now our nuclear casualty body count would be the same as fukushima's today. i.e.…",Non-disaster,0.41667723655700684,0.5157132148742676,0.06760948151350021,-0.3490677550435066,Neutral
2077,casualty,"3 years since Jacob told Connie, “It’s over” and I’m still holding out for that reunion! 🙏🏼 #Casualty https://t.co/dwy…","3 years since jacob told connie, “it’s over” and i’m still holding out for that reunion! 🙏🏼 #casualty url",Non-disaster,0.031315505504608154,0.33875927329063416,0.6299251914024353,0.5986096858978271,Positive
2079,casualty,We'll see how far a language commissioner gets him the next time he's sat in casualty for 8 hours,we'll see how far a language commissioner gets him the next time he's sat in casualty for 8 hours,Non-disaster,0.33345848321914673,0.6175007820129395,0.04904073476791382,-0.2844177484512329,Neutral
2081,casualty,Fears department store Beales could be ‘latest casualty’ of Perth’s retail sector https://t.co/W4v1Z0KfiW https://t.co/CVuhYGiVui,fears department store beales could be ‘latest casualty’ of perth’s retail sector url url,Non-disaster,0.278690904378891,0.6975124478340149,0.023796647787094116,-0.2548942565917969,Neutral
2086,casualty,SNOW STORM CASUALTY: #FANCYWATEROFTHEDAY https://t.co/qJyi9PheIB,snow storm casualty: #fancywateroftheday url,Non-disaster,0.026385247707366943,0.882572591304779,0.0910421684384346,0.06465692073106766,Neutral
2090,casualty,"Hard to believe that today is two years since I set off to film Casualty in Cardiff, and two years since I met… https://t.co/CefYC5NvWF","hard to believe that today is two years since i set off to film casualty in cardiff, and two years since i met… url",Non-disaster,0.05673885717988014,0.63916015625,0.30410096049308777,0.24736210331320763,Neutral
2091,casualty,"3 years since Jacob told Connie, “It’s over” and I’m still holding out for that reunion! 🙏🏼 #Casualty https://t.co/dwy43RhaCv","3 years since jacob told connie, “it’s over” and i’m still holding out for that reunion! 🙏🏼 #casualty url",Non-disaster,0.031315505504608154,0.33875927329063416,0.6299251914024353,0.5986096858978271,Positive
2092,casualty,Don’t look over here (just another casualty of the changing climate) Look over there at the... well... not sure wha… https://t.co/hKy5Myh4cI,don’t look over here (just another casualty of the changing climate) look over there at the... well... not sure wha… url,Non-disaster,0.22946476936340332,0.7247020602226257,0.04583320766687393,-0.1836315616965294,Neutral
2099,catastrophe,Interviewer: Where do you see yourself in ten years? Me: Scavenging for food in the climate catastrophe ravaged wastelan…,interviewer: where do you see yourself in ten years? me: scavenging for food in the climate catastrophe ravaged wastelan…,Non-disaster,0.33526188135147095,0.629917562007904,0.03482052683830261,-0.30044135451316833,Neutral
2104,catastrophe,"Here's what you can learn from the conservative response to the bushfire crisis — a masterclass in spin, wilful ignorance…","here's what you can learn from the conservative response to the bushfire crisis — a masterclass in spin, wilful ignorance…",Non-disaster,0.7128725647926331,0.26935383677482605,0.017773570492863655,-0.6950989942997694,Negative
2124,catastrophic,I’ll say it again. Doctors hate it. The public hates it. Experts hate it and predict it will wreak catastrophic consequences…,i’ll say it again. doctors hate it. the public hates it. experts hate it and predict it will wreak catastrophic consequences…,Non-disaster,0.934267520904541,0.05904484912753105,0.00668758898973465,-0.9275799319148064,Negative
2140,catastrophic,Right-wing Prime Minister Scott Morrison came to power in Australia tapping into a wellspring of resentment and touting his…,right-wing prime minister scott morrison came to power in australia tapping into a wellspring of resentment and touting his…,Non-disaster,0.7290238738059998,0.2598251402378082,0.011150968261063099,-0.7178729055449367,Negative
2156,catastrophic,When California's largest electric utility shut off power to millions of customers to prevent equipment from sparking catas…,when california's largest electric utility shut off power to millions of customers to prevent equipment from sparking catas…,Non-disaster,0.5515478253364563,0.435217946767807,0.013234267942607403,-0.5383135573938489,Negative
2161,catastrophic,#ThisIsNotJournalism The Coalition Govt Government buried climate risk action plan produced 18 months ago. It fai… https://t.co/Ovmloubiwe,#thisisnotjournalism the coalition govt government buried climate risk action plan produced 18 months ago. it fai… url,Non-disaster,0.8748701214790344,0.11919565498828888,0.005934224463999271,-0.8689358970150352,Negative
2188,chemical emergency,"This man was seen fallen down in our community at Amje Alagbado Lagos this morning, very sick &amp; can not describe anyth…","this man was seen fallen down in our community at amje alagbado lagos this morning, very sick &amp; can not describe anyth…",Disaster-related,0.9026123881340027,0.09057902544736862,0.006808614823967218,-0.8958037733100355,Negative
2212,chemical emergency,"CFA Chemical Hazard All Clear: 15:20 For: Cobram, https://t.co/iT10DqmBJu #vicAlert","cfa chemical hazard all clear: 15:20 for: cobram, url #vicalert",Disaster-related,0.012295067310333252,0.9434173107147217,0.044287677854299545,0.03199261054396629,Neutral
2213,chemical emergency,The chemical hazard at Cobram is now safe. For more info: https://t.co/6gORG7rAed #vichazmat,the chemical hazard at cobram is now safe. for more info: url #vichazmat,Disaster-related,0.01270876545459032,0.6407033801078796,0.3465878665447235,0.3338791010901332,Neutral
2245,chemical emergency,NEWS; A chemical incident in West Thurrock is no longer a risk to public health. say following extensive air… https://t.co/vwldAxFFHr,news; a chemical incident in west thurrock is no longer a risk to public health. say following extensive air… url,Disaster-related,0.07656335085630417,0.8622977137565613,0.06113894283771515,-0.01542440801858902,Neutral
2285,cliff fall,"mmmm tropes where the hero is about to die/fall off a cliff and instead of the enemy killing them/leaving them, the… https://t.co/dW6AyYnk8I","mmmm tropes where the hero is about to die/fall off a cliff and instead of the enemy killing them/leaving them, the… url",Non-disaster,0.5310313105583191,0.4526170492172241,0.016351597383618355,-0.5146797131747007,Negative
2319,collapse,"Remember: FlyBe’s collapse has nothing to do with Brexit. Also nothing to do with Brexit: Thomas Cook, Sony, Flybmi,…","remember: flybe’s collapse has nothing to do with brexit. also nothing to do with brexit: thomas cook, sony, flybmi,…",Non-disaster,0.5729621648788452,0.3913683593273163,0.035669513046741486,-0.5372926518321037,Negative
2320,collapse,Longer footage of today's road collapse in Xining 👇 https://t.co/49qdjB8NDd,longer footage of today's road collapse in xining 👇 url,Non-disaster,0.10656732320785522,0.8762093782424927,0.017223196104168892,-0.08934412710368633,Neutral
2325,collapse,"Eduardo Degrano looks at the damage to his home after a fissure formed underneath his ancestral house. In a nearby house, ow…","eduardo degrano looks at the damage to his home after a fissure formed underneath his ancestral house. in a nearby house, ow…",Non-disaster,0.6208614110946655,0.3666656017303467,0.012472959235310555,-0.608388451859355,Negative
2339,collapse,"Tennis quotes today, from: “I have never experienced anything like this. I was really scared I would collapse.” “I’m ang…","tennis quotes today, from: “i have never experienced anything like this. i was really scared i would collapse.” “i’m ang…",Non-disaster,0.677354633808136,0.2856186032295227,0.037026744335889816,-0.6403278894722462,Negative
2342,collapse,Spot on!,spot on!,Non-disaster,0.01150474976748228,0.08229365944862366,0.9062016606330872,0.8946969108656049,Positive
2348,collapse,"Haftar to Egypt ? #Libya crisis / Moscow talks collapse, at least for now: Haftar backs out of Russian negotiated ceasefire…","haftar to egypt ? #libya crisis / moscow talks collapse, at least for now: haftar backs out of russian negotiated ceasefire…",Non-disaster,0.6388939023017883,0.3526371419429779,0.008468885906040668,-0.6304250163957477,Negative
2353,collapse,Haftar likely to Egypt: Moscow talks on #Libya collapse: Haftar‘s Dassault Falcon 900 departed Moscow Sheremetyevo &amp; is now…,haftar likely to egypt: moscow talks on #libya collapse: haftar‘s dassault falcon 900 departed moscow sheremetyevo &amp; is now…,Non-disaster,0.10481147468090057,0.8695959448814392,0.025592578575015068,-0.0792188961058855,Neutral
2361,collapse,#TheReal911Report #TheSleeperHasAwakened This video combines two clips of the South Tower collapse that most of you hav…,#thereal911report #thesleeperhasawakened this video combines two clips of the south tower collapse that most of you hav…,Non-disaster,0.1540495902299881,0.8142788410186768,0.03167160227894783,-0.12237798795104027,Neutral
2366,collapse,"To the Brexitons who sneer, ""What happened to the immediate recession Remain predicted?"": 1) Only one report predicted…","to the brexitons who sneer, ""what happened to the immediate recession remain predicted?"": 1) only one report predicted…",Non-disaster,0.46291494369506836,0.5074537992477417,0.029631255194544792,-0.43328368850052357,Neutral
2368,collapse,Turns our Jessica Yaniv isn't very ladylike after all. https://t.co/GT0HN8NXpJ,turns our jessica yaniv isn't very ladylike after all. url,Non-disaster,0.789243757724762,0.19636274874210358,0.014393545687198639,-0.7748502120375633,Negative
2369,collapse,Dunno what to buy ? Tired of staring at #charts with no results ? Marriage on the brink of collapse ? Tired of losing mo…,dunno what to buy ? tired of staring at #charts with no results ? marriage on the brink of collapse ? tired of losing mo…,Non-disaster,0.9041213393211365,0.09014731645584106,0.005731323733925819,-0.8983900155872107,Negative
2371,collapse,"Now I no longer have to fly on FlyBe ever again I hope they do collapse the money grabbing fuckers. Shite service,… https://t.co/OwamDVtjG5","now i no longer have to fly on flybe ever again i hope they do collapse the money grabbing fuckers. shite service,… url",Non-disaster,0.9439409971237183,0.04947178438305855,0.006587211973965168,-0.9373537851497531,Negative
2372,collapsed,"#Auspol If our pathetic Govt moves vs Coal, they will be collapsed by their Masters, #ArsonistMineralCouncil. Govt only exi…","#auspol if our pathetic govt moves vs coal, they will be collapsed by their masters, #arsonistmineralcouncil. govt only exi…",Non-disaster,0.9143258929252625,0.07912736386060715,0.006546766497194767,-0.9077791264280677,Negative
2373,collapsed,The former director of collapsed Australian music streaming service Guvera has been banned from managing companies… https://t.co/nfG0DJMk9v,the former director of collapsed australian music streaming service guvera has been banned from managing companies… url,Non-disaster,0.6443683505058289,0.3474927544593811,0.008138865232467651,-0.6362294852733612,Negative
2376,collapsed,today was an adverse event caused by passion and relentlessness. What happened today in New Jersey in re…,today was an adverse event caused by passion and relentlessness. what happened today in new jersey in re…,Non-disaster,0.52442467212677,0.4430234730243683,0.03255189210176468,-0.49187278002500534,Negative
2378,collapsed,Reading about #TaalVolcano makes it a bit scarier. I was today years old when I learned that it's categorized as a supervol…,reading about #taalvolcano makes it a bit scarier. i was today years old when i learned that it's categorized as a supervol…,Non-disaster,0.8095351457595825,0.1800602674484253,0.010404594242572784,-0.7991305515170097,Negative
2389,collapsed,For heaven's sake. An airline which mainly runs routes which can easily be replaced by rail journeys has collapsed. I have…,for heaven's sake. an airline which mainly runs routes which can easily be replaced by rail journeys has collapsed. i have…,Non-disaster,0.8951008915901184,0.09645345062017441,0.008445595391094685,-0.8866552961990237,Negative
2390,collapsed,"They had already collapsed though, there is no magic bullet to fix decade mess lets be honest. The ''virus''…","they had already collapsed though, there is no magic bullet to fix decade mess lets be honest. the ''virus''…",Non-disaster,0.8672634959220886,0.12311018258333206,0.009626288898289204,-0.8576372070237994,Negative
2401,collapsed,"As I opened my mouth to speak, everything went black and I collapsed on top of Sokka.","as i opened my mouth to speak, everything went black and i collapsed on top of sokka.",Non-disaster,0.673093318939209,0.30995145440101624,0.016955219209194183,-0.6561380997300148,Negative
2412,collapsed,The wedding party all collapsed in the room So send my resignation to the bride and the groom,the wedding party all collapsed in the room so send my resignation to the bride and the groom,Non-disaster,0.8041167855262756,0.18151801824569702,0.014365236274898052,-0.7897515492513776,Negative
2414,collapsed,"I mean, Chavez is at fault for a lot. Many of those reforms were based on a government funded entirely b… https://t.co/3hLnamxbt4","i mean, chavez is at fault for a lot. many of those reforms were based on a government funded entirely b… url",Non-disaster,0.8823389410972595,0.1121099442243576,0.005551131907850504,-0.876787809189409,Negative
2416,collapsed,"⚠️ TERRIBLE NEWS ⚠️ It is abandoned and very alone in the streets of the city simply collapsed on the sidewalks, the tic…","⚠️ terrible news ⚠️ it is abandoned and very alone in the streets of the city simply collapsed on the sidewalks, the tic…",Non-disaster,0.9400563836097717,0.05538492277264595,0.0045587788335978985,-0.9354976047761738,Negative
2419,collide,When the worlds collide... (? #StevenUniverse https://t.co/UB8Bkon4d4,when the worlds collide... (? #stevenuniverse url,Non-disaster,0.03639798238873482,0.8929889798164368,0.07061309367418289,0.034215111285448074,Neutral
2420,collide,🔥 FACE OFF 🔥 and face off for the first time since December 2018! On February 22nd at the…,🔥 face off 🔥 and face off for the first time since december 2018! on february 22nd at the…,Non-disaster,0.0036129867658019066,0.7899338603019714,0.2064530849456787,0.2028400981798768,Neutral
2432,collide,[CLOCOLAN] – Two killed when bakkie and car collide. https://t.co/A3zZTtIu2Z …,[clocolan] – two killed when bakkie and car collide. url …,Disaster-related,0.7727450728416443,0.2207796275615692,0.006475382950156927,-0.7662696898914874,Negative
2437,collide,Lmfaooooo worlds collide https://t.co/WAaN0Eanh4,lmfaooooo worlds collide url,Non-disaster,0.1449049413204193,0.38089433312416077,0.4742007851600647,0.3292958438396454,Positive
2441,collide,be patient while things are unfolding for you.,be patient while things are unfolding for you.,Non-disaster,0.014400489628314972,0.18875963985919952,0.7968398332595825,0.7824393436312675,Positive
2447,collide,"What happens when my awesome design styles, the power of modern 3D advancements, and the sub-100 polygon, ultra-simple aesthe…","what happens when my awesome design styles, the power of modern 3d advancements, and the sub-100 polygon, ultra-simple aesthe…",Non-disaster,0.014665179885923862,0.28996044397354126,0.6953743696212769,0.680709189735353,Positive
2448,collide,It is stomach-churning': Progressives' dread rises as Warren and Sanders collide https://t.co/mTHWe6zR29,it is stomach-churning': progressives' dread rises as warren and sanders collide url,Non-disaster,0.7459855675697327,0.23263248801231384,0.02138194628059864,-0.724603621289134,Negative
2459,collide,"""It was one of those great moments where the reality of my mom life and the reality of my job just kind of beautifully collide."" C…","""it was one of those great moments where the reality of my mom life and the reality of my job just kind of beautifully collide."" c…",Non-disaster,0.0029699373990297318,0.02687895856797695,0.9701510667800903,0.9671811293810606,Positive
2460,collide,"When Natalie sees the Zateelians climbing the walls of the settlement, she puts aside her fears and defends the ali… https://t.co/I9UnicdjtR","when natalie sees the zateelians climbing the walls of the settlement, she puts aside her fears and defends the ali… url",Non-disaster,0.013311450369656086,0.7497462630271912,0.23694229125976562,0.22363084089010954,Neutral
2467,collide,As some residents of the northwestern US are digging out from heavy snow and facing travel delays due to wintry weathe…,as some residents of the northwestern us are digging out from heavy snow and facing travel delays due to wintry weathe…,Non-disaster,0.5928235054016113,0.3893214464187622,0.017855077981948853,-0.5749684274196625,Negative
2473,collide,Collide – Taylor-Ann https://t.co/L1c0za3yEA,collide – taylor-ann url,Non-disaster,0.005113434512168169,0.9171648621559143,0.0777217373251915,0.07260830281302333,Neutral
2482,collide,💥Let our worlds collide💥,💥let our worlds collide💥,Non-disaster,0.005304721184074879,0.1590878963470459,0.8356073498725891,0.8303026286885142,Positive
2488,collided,Monster Hunter X Resident Evil X Final Fantasy X The Witcher. So many universes collided in one cutscene! 😆 #REBHFun #R…,monster hunter x resident evil x final fantasy x the witcher. so many universes collided in one cutscene! 😆 #rebhfun #r…,Non-disaster,0.006202086806297302,0.1353520005941391,0.8584458827972412,0.8522437959909439,Positive
2492,collided,"The imam and his “wife’s “ things just collided like that, this guy is taking us for a ride like two weeks seriously and you…","the imam and his “wife’s “ things just collided like that, this guy is taking us for a ride like two weeks seriously and you…",Non-disaster,0.6705805063247681,0.3121258318424225,0.017293712124228477,-0.6532867942005396,Negative
2493,collided,the planet that collided with the earth gave us the moon... at least we got something out of the deal,the planet that collided with the earth gave us the moon... at least we got something out of the deal,Non-disaster,0.1151321604847908,0.7022411227226257,0.18262672424316406,0.06749456375837326,Neutral
2500,collided,Homer is driving drunk😱 and has collided with a person cartwheeling 🤸,homer is driving drunk😱 and has collided with a person cartwheeling 🤸,Non-disaster,0.7359943389892578,0.24209076166152954,0.021914951503276825,-0.714079387485981,Negative
2503,collided,Homer is driving drunk😱 and has collided with a funeral urn ⚱,homer is driving drunk😱 and has collided with a funeral urn ⚱,Non-disaster,0.8341955542564392,0.1552770435810089,0.010527454316616058,-0.8236680999398232,Negative
2507,collided,Homer is driving drunk😱 and has collided with a woman swimming 🏊🏻‍♀️,homer is driving drunk😱 and has collided with a woman swimming 🏊🏻‍♀️,Non-disaster,0.806532621383667,0.1784721165895462,0.014995269477367401,-0.7915373519062996,Negative
2508,collided,BRO MY CHILDHOOD JUST COLLIDED https://t.co/03y2h33RSp,bro my childhood just collided url,Non-disaster,0.20545189082622528,0.6156497001647949,0.1788983941078186,-0.026553496718406677,Neutral
2512,collided,Three people were taken to hospital after two cars collided in Surfers Paradise. https://t.co/tIEQ9K5sus #7NEWS https://t.co/3wnsxIG6fr,three people were taken to hospital after two cars collided in surfers paradise. url #7news url,Disaster-related,0.4437183737754822,0.5409064292907715,0.015375269576907158,-0.428343104198575,Neutral
2541,collided,rip Hanlon park🥺. that’s where all my niggas from Longwood and all my niggas from Edgewood and dolfield collided lo… https://t.co/GxWRtIZdno,rip hanlon park🥺. that’s where all my niggas from longwood and all my niggas from edgewood and dolfield collided lo… url,Non-disaster,0.6735460758209229,0.2833758592605591,0.04307802766561508,-0.6304680481553078,Negative
2545,collision,"Thanks for letting us know, Desmond - a collision on the N7 added to very heavy delays in the area.","thanks for letting us know, desmond - a collision on the n7 added to very heavy delays in the area.",Disaster-related,0.42212843894958496,0.5157037377357483,0.06216776743531227,-0.3599606715142727,Neutral
2571,collision,#Breaking | Poor visibility leads to an accident in Vellore. Vehicle chain collision leaves 1 dead. TIMES NOW's Shilpa with…,#breaking | poor visibility leads to an accident in vellore. vehicle chain collision leaves 1 dead. times now's shilpa with…,Disaster-related,0.7692838311195374,0.22129173576831818,0.009424401447176933,-0.7598594296723604,Negative
2581,collision,Incident closed: Collision on M50 between J09 - RED and J07 - LUCAN (North) https://t.co/kt5EM5opsR,incident closed: collision on m50 between j09 - red and j07 - lucan (north) url,Disaster-related,0.3063344359397888,0.6814302802085876,0.012235287576913834,-0.294099148362875,Neutral
2594,collision,#M20 between J5 #Maidstone &amp; J4 #Leybourne - vehicles involved in the traffic collision have now been moved to lane 1. T…,#m20 between j5 #maidstone &amp; j4 #leybourne - vehicles involved in the traffic collision have now been moved to lane 1. t…,Disaster-related,0.16581614315509796,0.8217101693153381,0.012473785318434238,-0.15334235783666372,Neutral
2604,collision,Final assembly of one of our ScenePro CI 200 TS collision investigation data acquisition systems before shipping to the Aut…,final assembly of one of our scenepro ci 200 ts collision investigation data acquisition systems before shipping to the aut…,Non-disaster,0.0380912721157074,0.8809208273887634,0.08098786324262619,0.04289659112691879,Neutral
2606,collision,"PSA: If you have an A7 device, use the latest Vieux update to save ApNonce Collision blobs for 10.3.3 OTA in the case that Appl…","psa: if you have an a7 device, use the latest vieux update to save apnonce collision blobs for 10.3.3 ota in the case that appl…",Non-disaster,0.022722072899341583,0.8772243857383728,0.10005354136228561,0.07733146846294403,Neutral
2610,collision,"8.30am Castlebar - two vehicle collision at the jnctn of Main St &amp; Market St, Parsons Corner. AVOID driving up from… https://t.co/grLsqCarDG","8.30am castlebar - two vehicle collision at the jnctn of main st &amp; market st, parsons corner. avoid driving up from… url",Disaster-related,0.4382704198360443,0.5507006049156189,0.011028971523046494,-0.4272414483129978,Neutral
2617,collision,Now 1 year since the last fatal collision on #A12 #London. During this time we started a highly visible Road Policing Op.…,now 1 year since the last fatal collision on #a12 #london. during this time we started a highly visible road policing op.…,Disaster-related,0.36205440759658813,0.583225667476654,0.0547199472784996,-0.30733446031808853,Neutral
2628,crash,BREAKING: Iranian Judiciary spokesman says several arrested for their role in Ukraine plane crash - reports https://t.co/uZ…,breaking: iranian judiciary spokesman says several arrested for their role in ukraine plane crash - reports url,Disaster-related,0.29767975211143494,0.6897303462028503,0.012589849531650543,-0.2850899025797844,Neutral
2634,crash,UPDATED: Mashpee ambulance with patient on board involved in multiple vehicle crash… six patients transported to ar… https://t.co/cBW1GjUpoc,updated: mashpee ambulance with patient on board involved in multiple vehicle crash… six patients transported to ar… url,Disaster-related,0.348336786031723,0.6380541324615479,0.013609114103019238,-0.3347276719287038,Neutral
2639,crash,"Hassan Rouhani added that the ""tragic event"" would be investigated thoroughly, claiming ""one person cannot be solely responsib…","hassan rouhani added that the ""tragic event"" would be investigated thoroughly, claiming ""one person cannot be solely responsib…",Non-disaster,0.47955936193466187,0.5069122314453125,0.01352841965854168,-0.4660309422761202,Neutral
2644,crash,"Nancy Pelosi is an EMBARRASSMENT Pelosi said ""whatever!"" when the host mentioned protests in Iran are against Islamic r…","nancy pelosi is an embarrassment pelosi said ""whatever!"" when the host mentioned protests in iran are against islamic r…",Non-disaster,0.9181556701660156,0.0762939453125,0.005550332833081484,-0.9126053373329341,Negative
2645,crash,https://t.co/Vzt6ZEiZsB All you wanted to know about the #ZeroMDR issue by “It is always good to work towards…,url all you wanted to know about the #zeromdr issue by “it is always good to work towards…,Non-disaster,0.004078280180692673,0.10916867107152939,0.8867530822753906,0.882674802094698,Positive
2651,crash,Bose QC35 price crash – premium wireless headphones dropped to ‘lowest’ ever price – NEWPAPER24… https://t.co/Jv8xkZgf3J,bose qc35 price crash – premium wireless headphones dropped to ‘lowest’ ever price – newpaper24… url,Non-disaster,0.8129041790962219,0.17516760528087616,0.011928246356546879,-0.800975932739675,Negative
2655,crash,Bose QC35 price crash – premium wireless headphones dropped to ‘lowest’ ever price – NEWPAPER24… https://t.co/IyfbUDGAFU,bose qc35 price crash – premium wireless headphones dropped to ‘lowest’ ever price – newpaper24… url,Non-disaster,0.8129043579101562,0.17516741156578064,0.01192822027951479,-0.8009761376306415,Negative
2677,crash,"In an exclusive interview with , Prime Minister Justin Trudeau said that in his opinion, the ""tensions"" in t…","in an exclusive interview with , prime minister justin trudeau said that in his opinion, the ""tensions"" in t…",Non-disaster,0.025416426360607147,0.9250957369804382,0.04948781430721283,0.024071387946605682,Neutral
2680,crash,Canada’s Trudeau addresses US role in deadly Iran plane crash https://t.co/B9MmKgf5kj,canada’s trudeau addresses us role in deadly iran plane crash url,Non-disaster,0.14163333177566528,0.8405150771141052,0.01785155199468136,-0.12378177978098392,Neutral
2682,crash,"Canada's Trudeau: Iran plane victims would be alive had there been no regional tensions Justin is saying, without… https://t.co/vDPITzpJ0W","canada's trudeau: iran plane victims would be alive had there been no regional tensions justin is saying, without… url",Non-disaster,0.047951433807611465,0.8933646082878113,0.05868398770689964,0.010732553899288177,Neutral
2693,crashed,"Boeing employees mocked Lion Air staff for seeking 737 Max training, calling them ""idiots."" A year later 189 people died when…","boeing employees mocked lion air staff for seeking 737 max training, calling them ""idiots."" a year later 189 people died when…",Disaster-related,0.9283779859542847,0.0674261823296547,0.004195843823254108,-0.9241821421310306,Negative
2695,crashed,"They hear ur having a bad time, no sympathy. hear u starving, no help. hear ur business has crashed, no aid. hear y… https://t.co/dgZ13ncteH","they hear ur having a bad time, no sympathy. hear u starving, no help. hear ur business has crashed, no aid. hear y… url",Non-disaster,0.9264355301856995,0.06950707733631134,0.004057357087731361,-0.9223781730979681,Negative
2730,crashed,Should put this pic side-by-side with one that shows him CLEARLY FLYING HIGH. Can’t tell if he “crashed” here or what. H…,should put this pic side-by-side with one that shows him clearly flying high. can’t tell if he “crashed” here or what. h…,Non-disaster,0.17925101518630981,0.7608522772789001,0.05989671126008034,-0.11935430392622948,Neutral
2732,crashed,fix charls left game crashed gee-princess-beer.,fix charls left game crashed gee-princess-beer.,Non-disaster,0.867310643196106,0.12375644594430923,0.008932906202971935,-0.858377736993134,Negative
2734,crashed,THE WAY IT JUST CUTS OFF WHEN THEY ALMOST CRASHED INTO THE TREE I CANTJFJDJD THIS SENDS https://t.co/TLtII8XWbL,the way it just cuts off when they almost crashed into the tree i cantjfjdjd this sends url,Non-disaster,0.15504708886146545,0.42948731780052185,0.4154655635356903,0.26041847467422485,Neutral
2735,crashed,The 'blame Trump' narrative has got to stop. https://t.co/NmOzCqNWxO https://t.co/hkOjPFnA5r,the 'blame trump' narrative has got to stop. url url,Non-disaster,0.8550833463668823,0.13477033376693726,0.010146339423954487,-0.8449370069429278,Negative
2736,crashed,I dont have songs mathata my laptop crashed with everything I ever worked on,i dont have songs mathata my laptop crashed with everything i ever worked on,Non-disaster,0.8463352918624878,0.1401943415403366,0.013470374047756195,-0.8328649178147316,Negative
2737,crashed,CMI’s conflicted agent Seruga throws insults at the Rwandan leadership as he shapes the already crashed “border closure” narr…,cmi’s conflicted agent seruga throws insults at the rwandan leadership as he shapes the already crashed “border closure” narr…,Non-disaster,0.738559365272522,0.2554234266281128,0.006017222069203854,-0.7325421432033181,Negative
2746,crashed,Wait they didn't announce anything and the website crashed already 😭😂😂😂 https://t.co/fgwZqzXTQb,wait they didn't announce anything and the website crashed already 😭😂😂😂 url,Non-disaster,0.8532528877258301,0.13856209814548492,0.008185050450265408,-0.8450678372755647,Negative
2748,crush,“hmp” means hug me please. crush hmp,“hmp” means hug me please. crush hmp,Non-disaster,0.0527338944375515,0.530792236328125,0.4164738953113556,0.3637400008738041,Neutral
2755,crush,IF 👏🏼 YOUR 👏🏼 WOMAN 👏🏼 LIKES 👏🏼 BEING 👏🏼 CHOKED 👏🏼 DURING 👏🏼 SEX 👏🏼 YOU'RE 👏🏼 SUPPOSED 👏🏼 TO 👏🏼 SQUEEZE 👏🏼 THE 👏🏼 SIDES 👏🏼 OF…,if 👏🏼 your 👏🏼 woman 👏🏼 likes 👏🏼 being 👏🏼 choked 👏🏼 during 👏🏼 sex 👏🏼 you're 👏🏼 supposed 👏🏼 to 👏🏼 squeeze 👏🏼 the 👏🏼 sides 👏🏼 of…,Non-disaster,0.43319612741470337,0.5356742739677429,0.031129568815231323,-0.40206655859947205,Neutral
2758,crush,What were you told about guys with good heart? (Pick your crush wisely 😊) https://t.co/RbDcjJX5Sj,what were you told about guys with good heart? (pick your crush wisely 😊) url,Non-disaster,0.00994995515793562,0.22295315563678741,0.7670968770980835,0.7571469219401479,Positive
2760,crush,My secret crush is . Find your secret crush at https://t.co/tFEui2S107 #AvaTweet #SecretCrush https://t.co/gRNeXLaWwN,my secret crush is . find your secret crush at url #avatweet #secretcrush url,Non-disaster,0.005788643844425678,0.7030617594718933,0.2911495864391327,0.285360942594707,Neutral
2770,crush,Me ordering from Starbucks when my Crush is working... https://t.co/BIu9OJ7x98,me ordering from starbucks when my crush is working... url,Non-disaster,0.0608765110373497,0.787848949432373,0.15127453207969666,0.09039802104234695,Neutral
2772,crush,Does anyone have a friend crush on ateez like.... you just want to be their friend and hang out and go for lunch or something,does anyone have a friend crush on ateez like.... you just want to be their friend and hang out and go for lunch or something,Non-disaster,0.031746722757816315,0.5929309725761414,0.37532228231430054,0.3435755595564842,Neutral
2778,crush,"Please enough of sex talks, Kings ask one question from the Bible, any lady that gets it right will be your crush 😆😁😃 .","please enough of sex talks, kings ask one question from the bible, any lady that gets it right will be your crush 😆😁😃 .",Non-disaster,0.0370197556912899,0.29164838790893555,0.6713318824768066,0.6343121267855167,Positive
2787,crush,The way i boast about talking to my crush to my friends Vs how i actually talk to her/him,the way i boast about talking to my crush to my friends vs how i actually talk to her/him,Non-disaster,0.10973303020000458,0.7916772365570068,0.098589688539505,-0.011143341660499573,Neutral
2793,crushed,"Prediction: This idol couple has been dating since early 2017, there a well known idol couple between idols. The female…","prediction: this idol couple has been dating since early 2017, there a well known idol couple between idols. the female…",Non-disaster,0.007999541237950325,0.9164734482765198,0.07552700489759445,0.06752746365964413,Neutral
2807,crushed,Tbh I would have crushed it. Fuck those evil shits.,tbh i would have crushed it. fuck those evil shits.,Non-disaster,0.9289621114730835,0.05559096857905388,0.015446914359927177,-0.9135151971131563,Negative
2820,crushed,. I crushed it! https://t.co/QSCQscf1eN,. i crushed it! url,Non-disaster,0.0053452905267477036,0.013405336998403072,0.9812493920326233,0.9759041015058756,Positive
2822,crushed,"Winston Churchill, a man born to an extremely aristocratic family, who wished to unite with Mussolini against the Soviet…","winston churchill, a man born to an extremely aristocratic family, who wished to unite with mussolini against the soviet…",Non-disaster,0.05434812232851982,0.8728858828544617,0.07276604324579239,0.018417920917272568,Neutral
2832,crushed,Just really craving matcha in any form right now I’ll take it crushed and Snort it don’t really mind just wanna ingest it,just really craving matcha in any form right now i’ll take it crushed and snort it don’t really mind just wanna ingest it,Non-disaster,0.0757814273238182,0.22125327587127686,0.7029653191566467,0.6271838918328285,Positive
2833,crushed,"In orbit refuelling, to boldly go where no ICE ever gone before. Oh I hope people are happy to rid… https://t.co/V5kKHql8Bq","in orbit refuelling, to boldly go where no ice ever gone before. oh i hope people are happy to rid… url",Non-disaster,0.007918382063508034,0.14650602638721466,0.8455755710601807,0.8376571889966726,Positive
2836,crushed,1st impression: cute and soft nickname: bun closeness rating (1-10): 7 we can be closer do i like u: ofc!… https://t.co/3k6AsuNonS,1st impression: cute and soft nickname: bun closeness rating (1-10): 7 we can be closer do i like u: ofc!… url,Non-disaster,0.010703318752348423,0.1836467683315277,0.8056498765945435,0.794946557842195,Positive
2850,curfew,"If it was Uhuru Kenyatta's or Raila Odinga's daughter or son killed in Garissa, it would be under curfew and crawling wi…","if it was uhuru kenyatta's or raila odinga's daughter or son killed in garissa, it would be under curfew and crawling wi…",Non-disaster,0.7928636074066162,0.20095916092395782,0.006177233066409826,-0.7866863743402064,Negative
2857,curfew,"Curfew has ended, praise be!","curfew has ended, praise be!",Non-disaster,0.011807446368038654,0.15827307105064392,0.8299195170402527,0.818112070672214,Positive
2876,curfew,"Rabi, You are right, but for #Kashmiris we should do more than pray, raising the voice against oppress… https://t.co/fw4zxsFL8N","rabi, you are right, but for #kashmiris we should do more than pray, raising the voice against oppress… url",Non-disaster,0.10897407680749893,0.7543936967849731,0.13663217425346375,0.027658097445964813,Neutral
2877,curfew,"And what will be the outcome of this a slap on the wrist? What a waste of time and resources, th… https://t.co/P9jXT5uiYv","and what will be the outcome of this a slap on the wrist? what a waste of time and resources, th… url",Non-disaster,0.9265992045402527,0.06885499507188797,0.0045458730310201645,-0.9220533315092325,Negative
2888,curfew,isnt it like past ur curfew alr? go to bed,isnt it like past ur curfew alr? go to bed,Non-disaster,0.3493640720844269,0.6347981691360474,0.01583774946630001,-0.33352632261812687,Neutral
2890,curfew,when i'm 1 minute past my curfew and nowhere near home https://t.co/pvmTH6NTun,when i'm 1 minute past my curfew and nowhere near home url,Non-disaster,0.6222323775291443,0.3495243191719055,0.028243273496627808,-0.5939891040325165,Negative
2893,curfew,9-Put curfew if required.,9-put curfew if required.,Non-disaster,0.07075618952512741,0.8970514535903931,0.03219239041209221,-0.0385637991130352,Neutral
2896,curfew,😁😁😁😁 curfew is relaxed in majority of the places and communicat… https://t.co/XL4m8OtWZA,😁😁😁😁 curfew is relaxed in majority of the places and communicat… url,Non-disaster,0.0034877536818385124,0.10102972388267517,0.8954825401306152,0.8919947864487767,Positive
2915,cyclone,"A cyclone is weather, not the climate.","a cyclone is weather, not the climate.",Non-disaster,0.2576941251754761,0.7126849293708801,0.029620904475450516,-0.22807322070002556,Neutral
2924,damage,"Dumbing down is a trend, as is ordinary people taken in by the cult of celebrity, which is simply to exploit t… https://t.co/qlo5Un7QiB","dumbing down is a trend, as is ordinary people taken in by the cult of celebrity, which is simply to exploit t… url",Non-disaster,0.3232186436653137,0.6463972330093384,0.03038412518799305,-0.29283451847732067,Neutral
2925,damage,Puerto Rico should not be treated any differently than if this happened anywhere else in America — it's wrong. We should be s…,puerto rico should not be treated any differently than if this happened anywhere else in america — it's wrong. we should be s…,Non-disaster,0.9132903814315796,0.08159305900335312,0.0051165735349059105,-0.9081738078966737,Negative
2932,damage,Coup MPs want us 2 Unite? Huh! After the damage Coup MPs caused? Coup MPs made no effort whatsoever 2 unite. Coup MPs playe…,coup mps want us 2 unite? huh! after the damage coup mps caused? coup mps made no effort whatsoever 2 unite. coup mps playe…,Non-disaster,0.9099939465522766,0.08422055840492249,0.005785525310784578,-0.904208421241492,Negative
2936,damage,"after all shit x1 has to go through, the real criminals out there plead not guilty???? ok damage has done, x1 has disbanded…","after all shit x1 has to go through, the real criminals out there plead not guilty???? ok damage has done, x1 has disbanded…",Non-disaster,0.9240397214889526,0.07057768106460571,0.005382540635764599,-0.918657180853188,Negative
2946,damage,Let’s try this Realm Royals with my man . Let’s see what damage we can cause! https://t.co/FUreyYRnad …,let’s try this realm royals with my man . let’s see what damage we can cause! url …,Non-disaster,0.24575597047805786,0.5612422227859497,0.19300179183483124,-0.052754178643226624,Neutral
2947,damage,Brain Damage has Entered the Chat... https://t.co/DzP0LKXcny,brain damage has entered the chat... url,Non-disaster,0.7651373147964478,0.2269250750541687,0.007937672547996044,-0.7571996422484517,Negative
2959,damage,The EU 🇪🇺activates Copernicus 🛰 service for the production of free maps to contribute to damage assessment resulting from 🌋…,the eu 🇪🇺activates copernicus 🛰 service for the production of free maps to contribute to damage assessment resulting from 🌋…,Non-disaster,0.14760904014110565,0.8286059498786926,0.023785052821040154,-0.1238239873200655,Neutral
2960,damage,"“The threats that we now face are from states who behave like terrorists, terrorists who behave like states, and indiv…","“the threats that we now face are from states who behave like terrorists, terrorists who behave like states, and indiv…",Non-disaster,0.8531120419502258,0.1410313993692398,0.005856557283550501,-0.8472554846666753,Negative
2967,damage,93-year-old white man shoots a black apartment manager in both legs over water damage in unit.🤬🤬🤬 https://t.co/02HMEBw8Dv…,93-year-old white man shoots a black apartment manager in both legs over water damage in unit.🤬🤬🤬 url,Disaster-related,0.9142889976501465,0.08094474673271179,0.004766176454722881,-0.9095228211954236,Negative
2968,damage,Damage after another 6.0 earthquake hit Puerto Rico this morning. Severe seismic activity has not stopped since December 28.…,damage after another 6.0 earthquake hit puerto rico this morning. severe seismic activity has not stopped since december 28.…,Disaster-related,0.7526769042015076,0.23792524635791779,0.00939787458628416,-0.7432790296152234,Negative
2970,damage,"Top-Secret UFO Files Could 'Gravely Damage' US National Security if Released, Navy Says https://t.co/mnpDg0vm3m","top-secret ufo files could 'gravely damage' us national security if released, navy says url",Non-disaster,0.5418247580528259,0.44617608189582825,0.011999149806797504,-0.5298256082460284,Negative
2973,damage,Swimming In Love[EXT 6.95] Sense of the Scamper[MAS 7.15] SIX DIMENSION[ADV 7.30] Excavation Damage[MAS 7.55],swimming in love[ext 6.95] sense of the scamper[mas 7.15] six dimension[adv 7.30] excavation damage[mas 7.55],Non-disaster,0.11692028492689133,0.8480010628700256,0.0350787453353405,-0.08184153959155083,Neutral
2976,damage,"Idk if it'll backfire (all the damage that was going to happen has happened *to her*. Donation refunds,… https://t.co/FCAhM25BpM","idk if it'll backfire (all the damage that was going to happen has happened *to her*. donation refunds,… url",Non-disaster,0.8856897950172424,0.1094195544719696,0.004890683572739363,-0.8807991114445031,Negative
2980,damage,"Its shouldn't have taken you this long to fire . The damage caused may not be reversed soon. Alafu, di… https://t.co/tc8s5QrQue","its shouldn't have taken you this long to fire . the damage caused may not be reversed soon. alafu, di… url",Non-disaster,0.8875319957733154,0.10775184631347656,0.004716106224805117,-0.8828158895485103,Negative
2984,damage,"Dear Sir, If the Nation is so indebted to the Veterans, why has your Govt degraded and damaged them? Please do not reso…","dear sir, if the nation is so indebted to the veterans, why has your govt degraded and damaged them? please do not reso…",Non-disaster,0.8339266777038574,0.15568597614765167,0.010387305170297623,-0.8235393725335598,Negative
2999,danger,"I have tremendous respect for , but we need to be very clear about the danger this poses to our democrac…","i have tremendous respect for , but we need to be very clear about the danger this poses to our democrac…",Non-disaster,0.36482229828834534,0.4777345657348633,0.157443106174469,-0.20737919211387634,Neutral
3022,danger,I think they’re in danger of destroying the whole fut game mode.,i think they’re in danger of destroying the whole fut game mode.,Non-disaster,0.883810818195343,0.1088397353887558,0.007349509745836258,-0.8764613084495068,Negative
3025,danger,"Sir these are the very serious problems, We have no Public Transport on there major two routes on Canal road and P… https://t.co/L9kiOZ5MH8","sir these are the very serious problems, we have no public transport on there major two routes on canal road and p… url",Disaster-related,0.8974400162696838,0.09493660926818848,0.007623371202498674,-0.8898166450671852,Negative
3027,danger,"""president"" Trump is: A clear and present danger to these United States of America An… https://t.co/sBc9xU6JXT","""president"" trump is: a clear and present danger to these united states of america an… url",Non-disaster,0.9044089913368225,0.08669229596853256,0.0088986586779356,-0.8955103326588869,Negative
3041,danger,#MoscowMitch Is Clearly A Present Danger to US Constitution.,#moscowmitch is clearly a present danger to us constitution.,Non-disaster,0.9217142462730408,0.07065898925065994,0.007626740261912346,-0.9140875060111284,Negative
3053,dead,"Pray this Prayer: Dear God, I believe Jesus is your Son who came to live without sinning yet die from my sins &amp; He rose from t…","pray this prayer: dear god, i believe jesus is your son who came to live without sinning yet die from my sins &amp; he rose from t…",Non-disaster,0.025928478688001633,0.4925995171070099,0.4814720153808594,0.45554353669285774,Neutral
3057,dead,At least 56 people dead in #Pakistani administered #Kashmir #NeelumValley after avalanches hit scores of houses. Authorit…,at least 56 people dead in #pakistani administered #kashmir #neelumvalley after avalanches hit scores of houses. authorit…,Disaster-related,0.7638607621192932,0.22745995223522186,0.008679353632032871,-0.7551814084872603,Negative
3062,dead,Why can I hella relate to this Beck and Joe situation like shit dead ass on point 🙃🙃🙃 lmao literally the exact same shit,why can i hella relate to this beck and joe situation like shit dead ass on point 🙃🙃🙃 lmao literally the exact same shit,Non-disaster,0.6766189932823181,0.22148707509040833,0.10189393907785416,-0.574725054204464,Negative
3067,dead,World’s sickest man??? :( https://t.co/syTZSu7IKR,world’s sickest man??? :( url,Non-disaster,0.9370465874671936,0.057538408786058426,0.005415007472038269,-0.9316315799951553,Negative
3078,dead,.: We took one of the world’s deadliest terrorists off the battlefield for good. The Iranian regime and its proxie…,.: we took one of the world’s deadliest terrorists off the battlefield for good. the iranian regime and its proxie…,Non-disaster,0.6786720156669617,0.2728748619556427,0.048453137278556824,-0.6302188783884048,Negative
3088,dead,Avalanches in #Pakistan kill 57 people https://t.co/JgrUDpMet3,avalanches in #pakistan kill 57 people url,Disaster-related,0.8537001609802246,0.1406821757555008,0.005617613438516855,-0.8480825475417078,Negative
3108,death,The SC hearing on the two convicts' curative petitions took place days after a Delhi court issued 'death warrants' for the…,the sc hearing on the two convicts' curative petitions took place days after a delhi court issued 'death warrants' for the…,Non-disaster,0.1883433610200882,0.7985276579856873,0.013128957711160183,-0.175214403308928,Neutral
3120,death,"WRONG. Intifada is Arabic. NOT Hebrew. And it IS an Islamic slogan! ""Intifada denotes struggle of Abu Ammar, first martyr o…","wrong. intifada is arabic. not hebrew. and it is an islamic slogan! ""intifada denotes struggle of abu ammar, first martyr o…",Non-disaster,0.7963313460350037,0.19512902200222015,0.008539608679711819,-0.7877917373552918,Negative
3149,death,"australia is dropping down food from helicopters for their wildlife. due to the raging bushfires, many of the animals…","australia is dropping down food from helicopters for their wildlife. due to the raging bushfires, many of the animals…",Disaster-related,0.7289299964904785,0.2586161494255066,0.01245378702878952,-0.716476209461689,Negative
3151,death,"I’ve been keeping it together relatively well betw exams, the planet dying, family drama but now there’s no hot wat… https://t.co/H8AfCcHSmu","i’ve been keeping it together relatively well betw exams, the planet dying, family drama but now there’s no hot wat… url",Non-disaster,0.6538789868354797,0.31043100357055664,0.035690050572156906,-0.6181889362633228,Negative
3158,death,"even though i walk through the shadow of of death, i shall fear no evil... opuwo https://t.co/AcduVfh5Po","even though i walk through the shadow of of death, i shall fear no evil... opuwo url",Non-disaster,0.13428999483585358,0.5393272638320923,0.32638272643089294,0.19209273159503937,Neutral
3159,death,"I would eat myself to death, it sounds so divine!!!","i would eat myself to death, it sounds so divine!!!",Non-disaster,0.05051719769835472,0.06694697588682175,0.8825358152389526,0.8320186175405979,Positive
3171,death,"So Mwangi Kiunjuri is the locust that he told us was supposed to be sprayed? Finally, President Uhuru Kenyatta has spra…","so mwangi kiunjuri is the locust that he told us was supposed to be sprayed? finally, president uhuru kenyatta has spra…",Non-disaster,0.28793126344680786,0.6813210248947144,0.030747685581445694,-0.25718357786536217,Neutral
3186,deaths,Deaths toll Increase 47 killed due to Heavy Snow and #avalunch in #NeelumValley #Pakistan administered #Kashmir,deaths toll increase 47 killed due to heavy snow and #avalunch in #neelumvalley #pakistan administered #kashmir,Disaster-related,0.8453726172447205,0.14786352217197418,0.006763815879821777,-0.8386088013648987,Negative
3215,deaths,"Marijuana is illegal but has never caused any deaths from usage, Cigarettes kills millions and they are legal and can be purchase…","marijuana is illegal but has never caused any deaths from usage, cigarettes kills millions and they are legal and can be purchase…",Non-disaster,0.5493522882461548,0.3734581172466278,0.0771896243095398,-0.472162663936615,Negative
3216,deaths,"University psychiatrist: Trump 'may be responsible for many more million deaths' than Hitler, Stalin, and Mao https://t.co/eKIS6ighb8","university psychiatrist: trump 'may be responsible for many more million deaths' than hitler, stalin, and mao url",Non-disaster,0.762802243232727,0.2268015295267105,0.010396234691143036,-0.752406008541584,Negative
3222,deaths,When people like the president engage in disinformation - it is an attack against us all. It isn't normal or harmless…,when people like the president engage in disinformation - it is an attack against us all. it isn't normal or harmless…,Non-disaster,0.8941989541053772,0.09789665043354034,0.007904469035565853,-0.8862944850698113,Negative
3223,deaths,A temperature increase of 1.5 degrees Celsius or 2.7 degrees Fahrenheit — as predicted under the Paris Climate Agreement without…,a temperature increase of 1.5 degrees celsius or 2.7 degrees fahrenheit — as predicted under the paris climate agreement without…,Non-disaster,0.028145812451839447,0.9222198724746704,0.04963435232639313,0.02148853987455368,Neutral
3227,deaths,15% of cancer deaths are from Nigeria ― Osinbajo Read more at: https://t.co/0uyqT7bSFd,15% of cancer deaths are from nigeria ― osinbajo read more at: url,Non-disaster,0.5162944197654724,0.4681806266307831,0.015524964779615402,-0.500769454985857,Negative
3233,deaths,"""do you think bruno blamed himself for their deaths?"" https://t.co/JX5C9GaucX","""do you think bruno blamed himself for their deaths?"" url",Non-disaster,0.40209507942199707,0.5907520651817322,0.0071527985855937,-0.39494228083640337,Neutral
3242,deaths,The definition doesn't say there should be deaths in order for it to be a tragedy. But deaths often do occur be…,the definition doesn't say there should be deaths in order for it to be a tragedy. but deaths often do occur be…,Non-disaster,0.5865038633346558,0.4015081524848938,0.011987943202257156,-0.5745159201323986,Negative
3246,deaths,"At what stage does a private company get stripped of its contract.? Is abuse of patients, unsafe services resulting in de…","at what stage does a private company get stripped of its contract.? is abuse of patients, unsafe services resulting in de…",Non-disaster,0.7232024669647217,0.2692766487598419,0.007520829793065786,-0.7156816371716559,Negative
3255,debris,Pigeon and tree debris in roadway / bike lane. 99W Barbur Blvd northbound next to Barbur Transit Center near Capit… https://t.co/Jf33bUrciy,pigeon and tree debris in roadway / bike lane. 99w barbur blvd northbound next to barbur transit center near capit… url,Disaster-related,0.22143720090389252,0.7619393467903137,0.0166233628988266,-0.20481383800506592,Neutral
3256,debris,"Hello everyone. Tito Sotto is wrong. Cloud seeding is not instantaneous, any clouds would be blown in the same directio…","hello everyone. tito sotto is wrong. cloud seeding is not instantaneous, any clouds would be blown in the same directio…",Non-disaster,0.7759742140769958,0.21315887570381165,0.010866940952837467,-0.7651072731241584,Negative
3264,debris,"😑😐😶 Taal volcano, located 70 km from Manila, Philippines. In addition to the eruption itself, the so-called volcanic tsunami…","😑😐😶 taal volcano, located 70 km from manila, philippines. in addition to the eruption itself, the so-called volcanic tsunami…",Disaster-related,0.834500789642334,0.15904317796230316,0.00645610922947526,-0.8280446804128587,Negative
3275,debris,Watch out for debris on the roads today 🍃🍃 https://t.co/kePfDBWx7w,watch out for debris on the roads today 🍃🍃 url,Non-disaster,0.1028975322842598,0.8310285806655884,0.06607390195131302,-0.03682363033294678,Neutral
3283,debris,Birds usually confuse shreds of plastic bags for food and end up eating the toxic debris. #ZeroPlasticRun #IamRespons…,birds usually confuse shreds of plastic bags for food and end up eating the toxic debris. #zeroplasticrun #iamrespons…,Non-disaster,0.6384166479110718,0.3344004452228546,0.02718285471200943,-0.6112337931990623,Negative
3284,debris,"#StormBrendon is also bringing high winds, so will be difficult driving conditions. Slow down, be prepared for gusts of…","#stormbrendon is also bringing high winds, so will be difficult driving conditions. slow down, be prepared for gusts of…",Disaster-related,0.5412315130233765,0.4317968189716339,0.02697168104350567,-0.5142598319798708,Negative
3285,debris,"Particularly bad result here at SW Vesta. Poor parking, bike lane and sidewalk covered with tree debris. We're ma… https://t.co/QgVGPXJYXn","particularly bad result here at sw vesta. poor parking, bike lane and sidewalk covered with tree debris. we're ma… url",Non-disaster,0.9218272566795349,0.07274989038705826,0.005422815680503845,-0.9164044409990311,Negative
3287,debris,Senate President Vicente Sotto III is proposing that cloud seeding operations be conducted in areas affected by the rec…,senate president vicente sotto iii is proposing that cloud seeding operations be conducted in areas affected by the rec…,Non-disaster,0.020515555515885353,0.9519938230514526,0.027490613982081413,0.00697505846619606,Neutral
3290,debris,Senate President Tito Sotto: I'm proposing cloud seeding action in the Taal Volcano affected areas and not wait for the rai…,senate president tito sotto: i'm proposing cloud seeding action in the taal volcano affected areas and not wait for the rai…,Non-disaster,0.021345730870962143,0.9130092859268188,0.06564491242170334,0.044299181550741196,Neutral
3301,deluge,That figure was for the Brexit Festival. More figure manipulation by the r… https://t.co/aZEkXngX3v,that figure was for the brexit festival. more figure manipulation by the r… url,Non-disaster,0.5001742243766785,0.4792328476905823,0.020592940971255302,-0.47958128340542316,Negative
3303,deluge,"in his opinion states that if NERC has found it necessary to increase the tarrif, this may lead to a… https://t.co/E0TUP5Zepl","in his opinion states that if nerc has found it necessary to increase the tarrif, this may lead to a… url",Non-disaster,0.15195617079734802,0.8298753499984741,0.0181684922426939,-0.13378767855465412,Neutral
3304,deluge,"This was before #MurdochDerangementSyndrome hit our shores, a strong -ve IOD led to a cold and wet winter/spring. https://t.co/22zq6hQR8B","this was before #murdochderangementsyndrome hit our shores, a strong -ve iod led to a cold and wet winter/spring. url",Non-disaster,0.7439471483230591,0.2455993890762329,0.010453503578901291,-0.7334936447441578,Negative
3316,deluge,You may need your brolly today ☔ #rdguk #weather #slough https://t.co/U1LZZEvAIH,you may need your brolly today ☔ #rdguk #weather #slough url,Non-disaster,0.27433717250823975,0.683407187461853,0.04225565493106842,-0.23208151757717133,Neutral
3321,deluge,"#Training 💻 Learn about Deluge scripting, third-party app integration, AI, mobile SDKs in Creator, and much more. J… https://t.co/TxGYDMgxH2","#training 💻 learn about deluge scripting, third-party app integration, ai, mobile sdks in creator, and much more. j… url",Non-disaster,0.003906972240656614,0.7533227801322937,0.2427702397108078,0.23886326747015119,Neutral
3332,deluge,Pro #CAA deluge in Kharge's backyard. #SupportCAA https://t.co/eJ8wxa5BS4,pro #caa deluge in kharge's backyard. #supportcaa url,Non-disaster,0.045692626386880875,0.7655458450317383,0.18876154720783234,0.14306892082095146,Neutral
3350,deluge,He seems to be crumbling more rapidly now. There is a deluge of bad news for him and I don't think he's coping…,he seems to be crumbling more rapidly now. there is a deluge of bad news for him and i don't think he's coping…,Non-disaster,0.9153778553009033,0.07767748087644577,0.006944640073925257,-0.9084332152269781,Negative
3358,deluge,Before the #Tuesday #podcast deluge hits be sure to check out our interviews with (27:40) and …,before the #tuesday #podcast deluge hits be sure to check out our interviews with (27:40) and …,Non-disaster,0.013533453457057476,0.8561155796051025,0.13035094738006592,0.11681749392300844,Neutral
3361,deluge,"#MovieMonday #OurHospitality, 1923 is #BusterKeaton’s 1st masterpiece, said #RogerEbert &amp; there was a deluge of positi…","#moviemonday #ourhospitality, 1923 is #busterkeaton’s 1st masterpiece, said #rogerebert &amp; there was a deluge of positi…",Non-disaster,0.006280629895627499,0.33092236518859863,0.6627969741821289,0.6565163442865014,Positive
3365,deluge,"I haven't noticed much of a difference between that and the former, but more importantly, the latter is… https://t.co/ll4M1pXY4J","i haven't noticed much of a difference between that and the former, but more importantly, the latter is… url",Non-disaster,0.11781585216522217,0.772092342376709,0.11009184271097183,-0.007724009454250336,Neutral
3409,demolish,"RT PalestineChron ""#Israel to Demolish Homes of #Palestinian #Prisoners in #WestBank #WarCrimes https://t.co/TRPir0qoP…","rt palestinechron ""#israel to demolish homes of #palestinian #prisoners in #westbank #warcrimes url",Disaster-related,0.5662364363670349,0.4213196337223053,0.012443959712982178,-0.5537924766540527,Negative
3412,demolish,"#Anna's letter to an ally📰📨: ""Recently I had to demolish my grandfather's work, literally. What #Meghan and #Harry wan…","#anna's letter to an ally📰📨: ""recently i had to demolish my grandfather's work, literally. what #meghan and #harry wan…",Non-disaster,0.3541940152645111,0.618699848651886,0.02710612677037716,-0.32708788849413395,Neutral
3415,demolish,Israel moves to demolish the house belonging to the parents of a Palestinian prisoner in Jenin — they have just a few d…,israel moves to demolish the house belonging to the parents of a palestinian prisoner in jenin — they have just a few d…,Disaster-related,0.7971178293228149,0.19807086884975433,0.0048113055527210236,-0.7923065237700939,Negative
3424,demolish,Israeli authorities order Jerusalemite to demolish his home Via PIC https://t.co/MJ49qYbHKf,israeli authorities order jerusalemite to demolish his home via pic url,Non-disaster,0.631485104560852,0.3611612319946289,0.007353716529905796,-0.6241313880309463,Negative
3432,demolish,"A primary school mathematics textbook in India has a question: ""If 15 kar sevaks (Hindu volunteers) demolish the Babri mo…","a primary school mathematics textbook in india has a question: ""if 15 kar sevaks (hindu volunteers) demolish the babri mo…",Non-disaster,0.17119552195072174,0.8093829154968262,0.019421538338065147,-0.1517739836126566,Neutral
3436,demolish,I have always liked Warren but I think Bernie would absolutely demolish Trump in the biggest mutha effen… https://t.co/JAZEaHCCzH,i have always liked warren but i think bernie would absolutely demolish trump in the biggest mutha effen… url,Non-disaster,0.028310570865869522,0.14604736864566803,0.8256421089172363,0.7973315380513668,Positive
3437,demolish,As you tweet this why is your administration in court trying to demolish the pre existing conditio… https://t.co/yfA3IalbLF,as you tweet this why is your administration in court trying to demolish the pre existing conditio… url,Non-disaster,0.621253490447998,0.36820241808891296,0.010544073767960072,-0.610709416680038,Negative
3446,demolished,Supreme Court judges play dirty games!! One set of judgement for elite one set of judgement for poor.. 5 Maradu fla… https://t.co/ElmkF0HOgq,supreme court judges play dirty games!! one set of judgement for elite one set of judgement for poor.. 5 maradu fla… url,Non-disaster,0.7836506366729736,0.20201069116592407,0.01433868333697319,-0.7693119533360004,Negative
3471,demolished,"Bill Brandt: ‘In the Public Bar, at Charlie Brown's, Limehouse c. 1942’ Aka the Railway Tavern the pub was on the corner of Ga…","bill brandt: ‘in the public bar, at charlie brown's, limehouse c. 1942’ aka the railway tavern the pub was on the corner of ga…",Non-disaster,0.007147349417209625,0.949719250202179,0.04313329979777336,0.035985950380563736,Neutral
3472,demolished,Abu Amrah family from #Gaza Strip have been homeless for two months after their house was demolished by an israeli air stri…,abu amrah family from #gaza strip have been homeless for two months after their house was demolished by an israeli air stri…,Disaster-related,0.8521037697792053,0.1421457678079605,0.005750438664108515,-0.8463533311150968,Negative
3484,demolished,Dome Being Removed From A Mosque in #China https://t.co/37pcWYrshC #Islam #Chinazi https://t.co/36lj0buoJq,dome being removed from a mosque in #china url #islam #chinazi url,Non-disaster,0.3538748323917389,0.6343367695808411,0.01178840734064579,-0.3420864250510931,Neutral
3485,demolished,"Justice Mishra said the court would like to keep an eye on the goings-on in the case, especially while the debris of the dem…","justice mishra said the court would like to keep an eye on the goings-on in the case, especially while the debris of the dem…",Non-disaster,0.019449520856142044,0.9095756411552429,0.07097482681274414,0.0515253059566021,Neutral
3490,demolished,"Totally agree, in Melbourne so many buildings are just being demolished with just leaving the facade… https://t.co/lIWojTdwgH","totally agree, in melbourne so many buildings are just being demolished with just leaving the facade… url",Non-disaster,0.7628800868988037,0.21347132325172424,0.02364853397011757,-0.7392315529286861,Negative
3494,demolished,"Orpington, 02:01hrs: Direct hit by a DIVER (Flying bomb) on 102/104 Court Rd. Five two-storey semi-detached houses… https://t.co/hRCWwZiqWh","orpington, 02:01hrs: direct hit by a diver (flying bomb) on 102/104 court rd. five two-storey semi-detached houses… url",Non-disaster,0.27763599157333374,0.7074632048606873,0.014900757931172848,-0.2627352336421609,Neutral
3505,demolished,Ch Tanveer's (PML-N Senator) house in Islamabad being demolished cos built on encroached land. https://t.co/yiJLixS2iI,ch tanveer's (pml-n senator) house in islamabad being demolished cos built on encroached land. url,Non-disaster,0.6684495210647583,0.3220224380493164,0.00952803436666727,-0.658921486698091,Negative
3506,demolished,© 一encounter during their life. Since the dusk when the uknown feminine silverette had his pride as musician bein… https://t.co/VIf1n3GduN,© 一encounter during their life. since the dusk when the uknown feminine silverette had his pride as musician bein… url,Non-disaster,0.015117204748094082,0.9106496572494507,0.07423309236764908,0.059115887619554996,Neutral
3512,demolished,"Explained: What are CRZ rules which the demolished Maradu flats violated? | Explained News,The Indian Express https://t.co/oC7b9kq7AE","explained: what are crz rules which the demolished maradu flats violated? | explained news,the indian express url",Non-disaster,0.19534124433994293,0.7903937101364136,0.014265044592320919,-0.181076199747622,Neutral
3524,demolition,Who is going 2 demolition him if I my ask😊😊,who is going 2 demolition him if i my ask😊😊,Non-disaster,0.06487260013818741,0.680173933506012,0.25495344400405884,0.19008084386587143,Neutral
3526,demolition,"So, the Russian influence? Or the cost of Brexit so far? Or Jennifer Arcuri? Or Cambridge Ana… https://t.co/fWWijX4pEh","so, the russian influence? or the cost of brexit so far? or jennifer arcuri? or cambridge ana… url",Non-disaster,0.13795988261699677,0.8483789563179016,0.013661143369972706,-0.12429873924702406,Neutral
3535,demolition,My prayers are with settlers in the Awayaso East Municipal Assembly being affected by the demolition exercise execu… https://t.co/nsm4DLxNqo,my prayers are with settlers in the awayaso east municipal assembly being affected by the demolition exercise execu… url,Non-disaster,0.5382805466651917,0.43727025389671326,0.024449197575449944,-0.5138313490897417,Negative
3550,demolition,No comment! I rather have questions. Q1- Had provision been made for them where they will s… https://t.co/veUqQMBCUx,no comment! i rather have questions. q1- had provision been made for them where they will s… url,Non-disaster,0.08044489473104477,0.8528681397438049,0.06668698787689209,-0.01375790685415268,Neutral
3553,demolition,Demolition well under way at the Riviera Bay Holiday Park - getting ready for summer #teamworking #demolition… https://t.co/osKfG6Gs6w,demolition well under way at the riviera bay holiday park - getting ready for summer #teamworking #demolition… url,Non-disaster,0.003262493060901761,0.3539445400238037,0.6427929401397705,0.6395304470788687,Positive
3564,demolition,"21 housing units for Judges after demolition of eight bungalows at Ridge https://t.co/bdpr1IYtdT""",21 housing units for judges after demolition of eight bungalows at ridge url,Non-disaster,0.09954828023910522,0.8770720958709717,0.023379577323794365,-0.07616870291531086,Neutral
3565,demolition,#MorningCrossfire: Demolition Of Buildings For Flyover Construction . In cases where tenants developed the propert… https://t.co/YS2sewbDWN,#morningcrossfire: demolition of buildings for flyover construction . in cases where tenants developed the propert… url,Non-disaster,0.21481579542160034,0.7714039087295532,0.013780300505459309,-0.20103549491614103,Neutral
3571,demolition,"""Once the [scrapping] sale contract has been signed and the deal done, you have to ask how much else is expected of… https://t.co/nCJ2pPW5sb","""once the [scrapping] sale contract has been signed and the deal done, you have to ask how much else is expected of… url",Non-disaster,0.04586242139339447,0.9258067607879639,0.02833089977502823,-0.01753152161836624,Neutral
3574,derail,"Wait until #IR35 kicks in and they will see how much the economy will shrink! you have no idea! , yo…","wait until #ir35 kicks in and they will see how much the economy will shrink! you have no idea! , yo…",Non-disaster,0.7760301828384399,0.18255777657032013,0.041412003338336945,-0.734618179500103,Negative
3583,derail,Of course I understand. What she doesn't understand is that consent to sex is not consen… https://t.co/b1IDK1POxq,of course i understand. what she doesn't understand is that consent to sex is not consen… url,Non-disaster,0.35450103878974915,0.6136135458946228,0.031885500997304916,-0.32261553779244423,Neutral
3592,derail,A subtle design feature of the AR-15 rifle has raised a technical legal question that is derailing cases against people…,a subtle design feature of the ar-15 rifle has raised a technical legal question that is derailing cases against people…,Non-disaster,0.5565074682235718,0.42861831188201904,0.014874223619699478,-0.5416332446038723,Negative
3597,derail,"Meta meta will as usual derail in his despotic address, no meaningful address.","meta meta will as usual derail in his despotic address, no meaningful address.",Non-disaster,0.8043088316917419,0.18094730377197266,0.014743846841156483,-0.7895649848505855,Negative
3610,derail,I am sick of reporters saying Trump is once again bending the truth. On healthcare. On Iran. On whatever. No. He is lying.…,i am sick of reporters saying trump is once again bending the truth. on healthcare. on iran. on whatever. no. he is lying.…,Non-disaster,0.9097598195075989,0.08350857347249985,0.006731597241014242,-0.9030282222665846,Negative
3620,derail,Heard on the Street: Deteriorating relations with Beijing won’t derail Taiwan’s fundamental strengths https://t.co/1qaeWPDll8,heard on the street: deteriorating relations with beijing won’t derail taiwan’s fundamental strengths url,Non-disaster,0.02535194717347622,0.8330821394920349,0.14156591892242432,0.1162139717489481,Neutral
3627,derail,Design of AR-15 could derail charges tied to popular rifle https://t.co/EspTkDPLAg https://t.co/ZZIqsrQeVH,design of ar-15 could derail charges tied to popular rifle url url,Non-disaster,0.6224001049995422,0.36640506982803345,0.011194790713489056,-0.6112053142860532,Negative
3637,derailed,"French designer cancels Paris fashion show, derailed by strike chaos https://t.co/FEQyF8iMGu","french designer cancels paris fashion show, derailed by strike chaos url",Non-disaster,0.7293779850006104,0.2627704441547394,0.007851619273424149,-0.7215263657271862,Negative
3646,derailed,"Guest lecturing for at at 9 this morning, which is, of course, why a freight train der… https://t.co/Y5nnYXGEnH","guest lecturing for at at 9 this morning, which is, of course, why a freight train der… url",Disaster-related,0.013983373530209064,0.9431679248809814,0.04284878447651863,0.028865410946309566,Neutral
3661,derailed,"Good morning, there is a derailed freight train at Hitchin, this is being investigated ^D","good morning, there is a derailed freight train at hitchin, this is being investigated ^d",Disaster-related,0.26180407404899597,0.698265552520752,0.0399303175508976,-0.22187375649809837,Neutral
3675,derailed,"Welcome back Marketa Vondrousova. The 20yo Roland Garros finalist wins in her 1st match since Wimbledon, 63 60 over Tatian…","welcome back marketa vondrousova. the 20yo roland garros finalist wins in her 1st match since wimbledon, 63 60 over tatian…",Non-disaster,0.001431443146429956,0.11360500752925873,0.8849635124206543,0.8835320692742243,Positive
3682,derailed,😭😭My studies have derailed my self-esteem &amp; sometimes think I'm dumb...I'm on my 3rd level &amp; was thinking of…,😭😭my studies have derailed my self-esteem &amp; sometimes think i'm dumb...i'm on my 3rd level &amp; was thinking of…,Non-disaster,0.9339928030967712,0.059816766530275345,0.006190471351146698,-0.9278023317456245,Negative
3687,derailed,"Me: Trump locking children in cages apart from their families is wrong. Boomer: Yeah, but Obama built the cages. Me: ... so?…","me: trump locking children in cages apart from their families is wrong. boomer: yeah, but obama built the cages. me: ... so?…",Non-disaster,0.6760845184326172,0.3069068491458893,0.01700868085026741,-0.6590758375823498,Negative
3706,derailed,"The headline on CNN ALL DAY today had ""Bernie says a woman can't win the Presidency"" on th… https://t.co/mdBJ5CWpk0","the headline on cnn all day today had ""bernie says a woman can't win the presidency"" on th… url",Non-disaster,0.162517249584198,0.7935192584991455,0.0439634844660759,-0.1185537651181221,Neutral
3710,derailed,"Oh dear, our conversation has completely derailed, has it not?","oh dear, our conversation has completely derailed, has it not?",Non-disaster,0.8494957089424133,0.13764618337154388,0.012858062982559204,-0.8366376459598541,Negative
3718,derailment,"Hi Ally, I'm very sorry about this, we are running a reduced service at the moment due to the freight train derailm…","hi ally, i'm very sorry about this, we are running a reduced service at the moment due to the freight train derailm…",Disaster-related,0.8364793658256531,0.15446072816848755,0.009059925563633442,-0.8274194402620196,Negative
3725,derailment,"Hi Emily, we are having to run a reduced service due to the derailment, some services are having to run thro…","hi emily, we are having to run a reduced service due to the derailment, some services are having to run thro…",Disaster-related,0.5415375828742981,0.4463525414466858,0.0121099092066288,-0.5294276736676693,Negative
3748,derailment,We have been stuck at Baldock for over 20 minutes now due to the derailment at Hitchin and our driver doesn'…,we have been stuck at baldock for over 20 minutes now due to the derailment at hitchin and our driver doesn'…,Disaster-related,0.8383179306983948,0.15510550141334534,0.006576534826308489,-0.8317413958720863,Negative
3754,derailment,How does what appears to be a fairly recent derailment in Hitchin cause the 6:51 KGX to CBG to be cancelled?,how does what appears to be a fairly recent derailment in hitchin cause the 6:51 kgx to cbg to be cancelled?,Non-disaster,0.589651346206665,0.4031718373298645,0.007176886312663555,-0.5824744598940015,Negative
3755,derailment,"Hi there, a freight train has experienced a low speed derailment in the Hitchin area which is causing some delays.…","hi there, a freight train has experienced a low speed derailment in the hitchin area which is causing some delays.…",Disaster-related,0.655144214630127,0.3356107175350189,0.009245051071047783,-0.6458991635590792,Negative
3762,derailment,Is it true there's been a derailment at Hitchin?,is it true there's been a derailment at hitchin?,Non-disaster,0.4158349633216858,0.574193000793457,0.009972008876502514,-0.4058629544451833,Neutral
3778,derailment,"Come for the laughs (both yours and ours), but stick around f… https://t.co/fzLpvyjAiV","come for the laughs (both yours and ours), but stick around f… url",Non-disaster,0.014709701761603355,0.39779990911483765,0.587490439414978,0.5727807376533747,Positive
3798,desolate,The current political situation is making us feel hopeless and #FreeNazanin feels desolate. She got taken to the prison c…,the current political situation is making us feel hopeless and #freenazanin feels desolate. she got taken to the prison c…,Non-disaster,0.9346819519996643,0.06110038980841637,0.004217719193547964,-0.9304642328061163,Negative
3801,desolate,The medium is perfect for the atmosphere and… https://t.co/5JL9jf5YpN,the medium is perfect for the atmosphere and… url,Non-disaster,0.0025231291074305773,0.03930898383259773,0.9581678509712219,0.9556447218637913,Positive
3802,desolate,This theory would also explain why we suddenly see taehyung on april 11th in the epilogue instead of jin. alternat… https://t.co/GqIGDCDg13,this theory would also explain why we suddenly see taehyung on april 11th in the epilogue instead of jin. alternat… url,Non-disaster,0.03745126351714134,0.9316723942756653,0.03087640181183815,-0.006574861705303192,Neutral
3823,desolation,Musician or band contact us https://t.co/NKsqkdxHTE Don't stop the music on #tiorr2 Behind The Eyes by Dying Desola… https://t.co/5Lto4YzJ7E,musician or band contact us url don't stop the music on #tiorr2 behind the eyes by dying desola… url,Non-disaster,0.013929083943367004,0.827123761177063,0.15894724428653717,0.14501816034317017,Neutral
3829,desolation,it already has. it's a desolation.,it already has. it's a desolation.,Non-disaster,0.6679835915565491,0.31182825565338135,0.02018818072974682,-0.6477954108268023,Negative
3846,destroy,Chris Hansen isn't a doxer because he TMZ'd over to Onision's house to confront him. This wasn't some kind of crazy op…,chris hansen isn't a doxer because he tmz'd over to onision's house to confront him. this wasn't some kind of crazy op…,Non-disaster,0.26135677099227905,0.6845859885215759,0.05405720695853233,-0.20729956403374672,Neutral
3847,destroy,I deeply respect you but have to disagree. The staff may have spread her “word” but I put 100% blame on …,i deeply respect you but have to disagree. the staff may have spread her “word” but i put 100% blame on …,Non-disaster,0.5056967735290527,0.4697299003601074,0.024573370814323425,-0.4811234027147293,Negative
3850,destroy,i want himejima to destroy me,i want himejima to destroy me,Non-disaster,0.8588030934333801,0.11890244483947754,0.022294461727142334,-0.8365086317062378,Negative
3852,destroy,45 year high unemployment + 6 year high retail inflation + 60% vegetable inflation rate + high fuel prices + rising pr…,45 year high unemployment + 6 year high retail inflation + 60% vegetable inflation rate + high fuel prices + rising pr…,Non-disaster,0.6861238479614258,0.29535457491874695,0.018521510064601898,-0.6676023378968239,Negative
3854,destroy,One guilty verdict is all that is needed to get him out of Parliament. Then the mass anarchy needs to be promoted by s…,one guilty verdict is all that is needed to get him out of parliament. then the mass anarchy needs to be promoted by s…,Non-disaster,0.7305638194084167,0.25702783465385437,0.01240832544863224,-0.7181554939597845,Negative
3872,destroy,God destroy an entire city because of sexual immorality amongst many other sins. My Bible say all liar… https://t.co/hphtLa5RnZ,god destroy an entire city because of sexual immorality amongst many other sins. my bible say all liar… url,Non-disaster,0.9332549571990967,0.0606050118803978,0.006140008103102446,-0.9271149490959942,Negative
3885,destroy,"For EXO-L all over the world !? If you stop liking it, friends, please don't throw away the album and destroy the merch…","for exo-l all over the world !? if you stop liking it, friends, please don't throw away the album and destroy the merch…",Non-disaster,0.4843549430370331,0.46689552068710327,0.04874957352876663,-0.43560536950826645,Negative
3886,destroy,Macron has his globalists buddies giving instructions to destroy any sence of freedom.,macron has his globalists buddies giving instructions to destroy any sence of freedom.,Non-disaster,0.8411904573440552,0.14833156764507294,0.010477878153324127,-0.830712579190731,Negative
3904,destroy,"""Inside Parliament, things which should have been said, were not said and that is why people are out on the streets… https://t.co/yFmj1jlF2r","""inside parliament, things which should have been said, were not said and that is why people are out on the streets… url",Non-disaster,0.7533721327781677,0.2391907274723053,0.0074371895752847195,-0.745934943202883,Negative
3908,destroy,How can Pelosi or Waters even show their faces? They try to destroy a President who has improved our country but allowed t…,how can pelosi or waters even show their faces? they try to destroy a president who has improved our country but allowed t…,Non-disaster,0.8989919424057007,0.09100426733493805,0.010003812611103058,-0.8889881297945976,Negative
3916,destroyed,The true definition of hypocrisy is found in the lack of character of Bill Clinton. He can take million…,the true definition of hypocrisy is found in the lack of character of bill clinton. he can take million…,Non-disaster,0.9054445624351501,0.08656847476959229,0.007986897602677345,-0.8974576648324728,Negative
3919,destroyed,"We have destroyed crops and aquatic resources, damages to properties, and livelihood of people that has been tempora…","we have destroyed crops and aquatic resources, damages to properties, and livelihood of people that has been tempora…",Non-disaster,0.9118083119392395,0.08192968368530273,0.006262016482651234,-0.9055462954565883,Negative
3921,destroyed,MENTAL HEALTH TRIGGER I have disabled people contact me about wanting to end their lives because of the election resul…,mental health trigger i have disabled people contact me about wanting to end their lives because of the election resul…,Non-disaster,0.9212953448295593,0.07462432235479355,0.004080323968082666,-0.9172150208614767,Negative
3923,destroyed,"Not all #Muslims are alowed to freely recite the #Quran. In #China the government heavily oppresses Muslims,…","not all #muslims are alowed to freely recite the #quran. in #china the government heavily oppresses muslims,…",Non-disaster,0.7391507625579834,0.2535581886768341,0.007291072979569435,-0.731859689578414,Negative
3936,destroyed,There is a reason why Trump loves the poorly educated. Only they would believe he actually saved pre-existing conditio…,there is a reason why trump loves the poorly educated. only they would believe he actually saved pre-existing conditio…,Non-disaster,0.19181998074054718,0.3859698176383972,0.4222102463245392,0.230390265583992,Positive
3949,destroyed,'A Hindu cannot be a Jinnah. Not a single Hindu king destroyed a mosque or a temple. A Hindu is always secular &amp; does not att…,'a hindu cannot be a jinnah. not a single hindu king destroyed a mosque or a temple. a hindu is always secular &amp; does not att…,Non-disaster,0.5457895398139954,0.42660990357398987,0.027600524947047234,-0.5181890148669481,Negative
3952,destroyed,The streets of Iran are filled with thankful people who are very glad a madman has been destroyed. They are a…,the streets of iran are filled with thankful people who are very glad a madman has been destroyed. they are a…,Non-disaster,0.02826591394841671,0.075243279337883,0.8964908123016357,0.868224898353219,Positive
3956,destroyed,"Nowadays, Sid’s game is completely being destroyed by Sana! Just like Diandra messed up Gautam’s game for a week! All we se…","nowadays, sid’s game is completely being destroyed by sana! just like diandra messed up gautam’s game for a week! all we se…",Non-disaster,0.8784031867980957,0.11346450448036194,0.008132288232445717,-0.87027089856565,Negative
3961,destroyed,"If AJY was found out that he’s not guilty, then why X1 need to disband? From the start they didn’t deserve to bear all this shi…","if ajy was found out that he’s not guilty, then why x1 need to disband? from the start they didn’t deserve to bear all this shi…",Non-disaster,0.8510561585426331,0.142572820186615,0.006371004041284323,-0.8446851545013487,Negative
3964,destroyed,Government set to revise total number of hectares destroyed during bushfire season to 17 million after millions of hectar…,government set to revise total number of hectares destroyed during bushfire season to 17 million after millions of hectar…,Disaster-related,0.4126768112182617,0.5713428854942322,0.015980377793312073,-0.39669643342494965,Neutral
3980,destruction,she has aspergers and has helped more individuals and let many of the youth and adults to take action towards climate chan…,she has aspergers and has helped more individuals and let many of the youth and adults to take action towards climate chan…,Non-disaster,0.008268171921372414,0.30758267641067505,0.6841491460800171,0.6758809741586447,Positive
3983,destruction,"Hours of searching through nothing but death and destruction, then we found you and it was all worth it #AustralianFir…","hours of searching through nothing but death and destruction, then we found you and it was all worth it #australianfir…",Non-disaster,0.6531996726989746,0.24337013065814972,0.10343026369810104,-0.5497694090008736,Negative
3993,destruction,"$TSLA More stupid than the other. Capital destruction at its finest. In 2y Tesla is trading below 100, https://t.co/vw9NUQIKcy","$tsla more stupid than the other. capital destruction at its finest. in 2y tesla is trading below 100, url",Non-disaster,0.913916289806366,0.07548093795776367,0.01060278620570898,-0.903313503600657,Negative
3994,destruction,"As we grapple w. mass extinction of species, destruction of cities &amp; displacement of millions due to natural disasters, th…","as we grapple w. mass extinction of species, destruction of cities &amp; displacement of millions due to natural disasters, th…",Non-disaster,0.7812513113021851,0.20777925848960876,0.010969454422593117,-0.7702818568795919,Negative
3995,destruction,At our weekly meeting tonight we will meet representatives of who will answer our questions about the des…,at our weekly meeting tonight we will meet representatives of who will answer our questions about the des…,Non-disaster,0.004482498858124018,0.9177303910255432,0.07778707146644592,0.0733045726083219,Neutral
4002,destruction,Everytime I see them it reminds me how worthless and foul are these creatures. And how fool are we that let them ruined the wh…,everytime i see them it reminds me how worthless and foul are these creatures. and how fool are we that let them ruined the wh…,Non-disaster,0.950647234916687,0.044392939656972885,0.004959851037710905,-0.9456873838789761,Negative
4005,destruction,Antonio Brown’s self-destruction dey pain. Idk why.,antonio brown’s self-destruction dey pain. idk why.,Non-disaster,0.902254045009613,0.09269679337739944,0.005049191415309906,-0.8972048535943031,Negative
4012,destruction,There's nothing more frustrating than a polluting fossil-fuel-based company failing to make money out of their work. I mea…,there's nothing more frustrating than a polluting fossil-fuel-based company failing to make money out of their work. i mea…,Non-disaster,0.9406169056892395,0.053002338856458664,0.006380719598382711,-0.9342361860908568,Negative
4029,detonate,When Harry swaps places with aj to stay behind and detonate the bomb and says look after my little girl in armogedd… https://t.co/4E7nTZEjlZ,when harry swaps places with aj to stay behind and detonate the bomb and says look after my little girl in armogedd… url,Non-disaster,0.07452329993247986,0.868200421333313,0.057276297360658646,-0.017247002571821213,Neutral
4033,detonate,"Admiral Cornhole about the unexploded torpedo: ""Looks bad, secondary detonation has started. I'd say about 15 minut… https://t.co/580kkW55Vq","admiral cornhole about the unexploded torpedo: ""looks bad, secondary detonation has started. i'd say about 15 minut… url",Non-disaster,0.8966525793075562,0.09749317914247513,0.005854215007275343,-0.8907983643002808,Negative
4037,detonate,Stuck in between picking impact bomb to detonate the vulcan shield or taking C4 to play vertical / stop smoke-planting,stuck in between picking impact bomb to detonate the vulcan shield or taking c4 to play vertical / stop smoke-planting,Non-disaster,0.38574519753456116,0.5836803317070007,0.03057447262108326,-0.3551707249134779,Neutral
4047,detonate,"#The40YearPlaylist #962 THAT PETROL EMOTION (Derry, Northern Ireland and London) 🇬🇧 #ThatPetrolEmotion… https://t.co/pqL0wnJ2ne","#the40yearplaylist #962 that petrol emotion (derry, northern ireland and london) 🇬🇧 #thatpetrolemotion… url",Non-disaster,0.008776208385825157,0.8458425402641296,0.14538119733333588,0.13660498894751072,Neutral
4055,detonate,If it detects that the wielder is a titanic dumkopf the energy spheres will detonate befo… https://t.co/PyRJXSNnP6,if it detects that the wielder is a titanic dumkopf the energy spheres will detonate befo… url,Non-disaster,0.5674790143966675,0.4144151508808136,0.01810586452484131,-0.5493731498718262,Negative
4059,detonate,lmao that would just instantly detonate craniums in the neoliberal world. Bernie's too good to do a mass murder tho.,lmao that would just instantly detonate craniums in the neoliberal world. bernie's too good to do a mass murder tho.,Non-disaster,0.7973875403404236,0.16534972190856934,0.03726267069578171,-0.7601248696446419,Negative
4065,detonate,1) evacuate austrailia 2) gather up the combined nuclear stockpile of the world instead of shooting them at each o… https://t.co/UJlMGcdVrz,1) evacuate austrailia 2) gather up the combined nuclear stockpile of the world instead of shooting them at each o… url,Non-disaster,0.22158001363277435,0.7539260983467102,0.024493932723999023,-0.19708608090877533,Neutral
4067,detonate,"the classic bomb inside the creature (?, ""if you use it against me, I'm going to detonate it"", well, maybe not","the classic bomb inside the creature (?, ""if you use it against me, i'm going to detonate it"", well, maybe not",Non-disaster,0.5795996785163879,0.3865411877632141,0.03385916352272034,-0.5457405149936676,Negative
4082,detonate,They will have a nuke soon. Why do you think UK wants to leave the EU... Migrants bring pro… https://t.co/QwUJQgJxyL,they will have a nuke soon. why do you think uk wants to leave the eu... migrants bring pro… url,Non-disaster,0.6673219799995422,0.32058456540107727,0.012093410827219486,-0.6552285691723228,Negative
4086,devastated,Our country has been devastated by bushfires &amp; we need your help! 🔥 So that's why we're proud to announce The Down-Unde…,our country has been devastated by bushfires &amp; we need your help! 🔥 so that's why we're proud to announce the down-unde…,Disaster-related,0.06954221427440643,0.2429662048816681,0.6874916553497314,0.617949441075325,Positive
4087,devastated,Yea it was really hard for me because I started stanning 3 months before that happened. I was so d… https://t.co/ckqLZANKrT,yea it was really hard for me because i started stanning 3 months before that happened. i was so d… url,Non-disaster,0.7468471527099609,0.23181265592575073,0.021340224891901016,-0.7255069278180599,Negative
4089,devastated,"Jae: “Do you play guitar, a little?” Amaya: “No, I just love you” HIS REACTION😭😭😭 I’M DEVASTATED😫♥️ https://t.co/w76RMVm4jV","jae: “do you play guitar, a little?” amaya: “no, i just love you” his reaction😭😭😭 i’m devastated😫♥️ url",Non-disaster,0.019816022366285324,0.0985923781991005,0.8815915584564209,0.8617755360901356,Positive
4100,devastated,"As immature as it may sound, I would be devastated, like ur suppose to be my best/friend were u guys talking behind my Bak? Wh…","as immature as it may sound, i would be devastated, like ur suppose to be my best/friend were u guys talking behind my bak? wh…",Non-disaster,0.9076501727104187,0.0854882150888443,0.006861633155494928,-0.9007885395549238,Negative
4104,devastated,I’m devastated https://t.co/RsmqbsEGki,i’m devastated url,Non-disaster,0.8835681080818176,0.10150567442178726,0.014926266856491566,-0.8686418412253261,Negative
4126,devastation,It blows my mind every single time I'm reminded that both Ireland and the Scottish Highlands had higher populations in…,it blows my mind every single time i'm reminded that both ireland and the scottish highlands had higher populations in…,Non-disaster,0.6432695388793945,0.32381802797317505,0.03291243687272072,-0.6103571020066738,Negative
4142,disaster,Iran’s President Hassan Rouhani said on Tuesday that everyone responsible for the accidental shooting down of a Ukr… https://t.co/PS2nHWJjdL,iran’s president hassan rouhani said on tuesday that everyone responsible for the accidental shooting down of a ukr… url,Disaster-related,0.35928356647491455,0.6276893019676208,0.013027091510593891,-0.34625647496432066,Neutral
4146,disaster,"My mind is a disaster rn. We get DK and Levanter in English, I get to see Monsta X (which also means I get to see K… https://t.co/eHZJ2eULT7","my mind is a disaster rn. we get dk and levanter in english, i get to see monsta x (which also means i get to see k… url",Non-disaster,0.24092766642570496,0.5446698665618896,0.2144024819135666,-0.026525184512138367,Neutral
4152,disaster,Makes sense. Better to be proactive and not need it than to be reactive and have a disaster on your hands.🤷‍♂️,makes sense. better to be proactive and not need it than to be reactive and have a disaster on your hands.🤷‍♂️,Non-disaster,0.3491503894329071,0.5067721009254456,0.14407755434513092,-0.20507283508777618,Neutral
4153,disaster,"Can someone please explain why “debt &amp; deficit disaster”, “pink batts”, “LNP better economic managers” got currency, &amp; mo…","can someone please explain why “debt &amp; deficit disaster”, “pink batts”, “lnp better economic managers” got currency, &amp; mo…",Non-disaster,0.6880571246147156,0.29371485114097595,0.018227968364953995,-0.6698291562497616,Negative
4155,disaster,You can burn yourself out with your Warren/Bernie beef or you can direct your anger at a corporate media ecosystem that exis…,you can burn yourself out with your warren/bernie beef or you can direct your anger at a corporate media ecosystem that exis…,Non-disaster,0.6005923748016357,0.37971168756484985,0.019695952534675598,-0.5808964222669601,Negative
4166,disaster,"Pres. Trump's impeachment trial will be overseen by a judge he once called an “absolute disaster,” Chief Justice Roberts. …","pres. trump's impeachment trial will be overseen by a judge he once called an “absolute disaster,” chief justice roberts. …",Non-disaster,0.763884425163269,0.2208000272512436,0.0153155867010355,-0.7485688384622335,Negative
4174,disaster,"Sputnik is delusional. They just ran a column saying that the U.S. somehow tricked Iranian air defense to shoot down PS752,…","sputnik is delusional. they just ran a column saying that the u.s. somehow tricked iranian air defense to shoot down ps752,…",Non-disaster,0.8805915117263794,0.11218594759702682,0.007222536485642195,-0.8733689752407372,Negative
4176,disaster,"So Friedman's 'high wall with smart gate' is both a valve and a device to separate energy from entropy, a way to ap… https://t.co/461vAYF4Lq","so friedman's 'high wall with smart gate' is both a valve and a device to separate energy from entropy, a way to ap… url",Non-disaster,0.03514469414949417,0.9067800641059875,0.058075178414583206,0.022930484265089035,Neutral
4193,disaster,Market fundamentalism has brought the world to the edge of environmental disaster. Yet Boris Johnson and his govern… https://t.co/xJuoTkJ94p,market fundamentalism has brought the world to the edge of environmental disaster. yet boris johnson and his govern… url,Non-disaster,0.8565273880958557,0.13314740359783173,0.010325235314667225,-0.8462021527811885,Negative
4201,displaced,The Children of #Idlib had no idea they would be displaced again while the world stays silent! #SOSIDLIB #WithId…,the children of #idlib had no idea they would be displaced again while the world stays silent! #sosidlib #withid…,Non-disaster,0.8872412443161011,0.10579737275838852,0.006961420178413391,-0.8802798241376877,Negative
4202,displaced,"Wombats have been spotted exhibiting 'shepherding' behaviour, herding at risk animals to safety, sharing their burrows…","wombats have been spotted exhibiting 'shepherding' behaviour, herding at risk animals to safety, sharing their burrows…",Non-disaster,0.20182187855243683,0.7504898905754089,0.04768824204802513,-0.1541336365044117,Neutral
4209,displaced,I’ve seen this in action from NGO staff but also from journalists. After massive 2005 Kashmir earthquake I was work… https://t.co/haP2A09UwQ,i’ve seen this in action from ngo staff but also from journalists. after massive 2005 kashmir earthquake i was work… url,Non-disaster,0.14705835282802582,0.8186289072036743,0.03431273251771927,-0.11274562031030655,Neutral
4210,displaced,Got about 90% of my stuff moved back to my parents' place. Gotta gather the rest together so it can be moved tomor… https://t.co/ET93EVOL9D,got about 90% of my stuff moved back to my parents' place. gotta gather the rest together so it can be moved tomor… url,Non-disaster,0.019027315080165863,0.7738775014877319,0.20709508657455444,0.18806777149438858,Neutral
4211,displaced,My first ever sighting of the little lorikeet (Parvipsitta pusilla). Shame it’s a dead one. Much of the wildlife that was…,my first ever sighting of the little lorikeet (parvipsitta pusilla). shame it’s a dead one. much of the wildlife that was…,Non-disaster,0.5928995013237,0.31605103611946106,0.09104949235916138,-0.5018500089645386,Negative
4212,displaced,"#Sêmalka: Yesterday evening, a new batch of 120 displaced persons, coming from Burdah Rush camp in the region of Başûrê…","#sêmalka: yesterday evening, a new batch of 120 displaced persons, coming from burdah rush camp in the region of başûrê…",Disaster-related,0.27887165546417236,0.7103685736656189,0.010759849101305008,-0.26811180636286736,Neutral
4220,displaced,"Wildlife officials have dropped more than 2 tons of food, mostly carrots and sweet potatoes, to help animals displaced by fires in…","wildlife officials have dropped more than 2 tons of food, mostly carrots and sweet potatoes, to help animals displaced by fires in…",Disaster-related,0.44543278217315674,0.5274853706359863,0.02708185836672783,-0.4183509238064289,Neutral
4227,displaced,Who displaced and took over whom? https://t.co/6IE4hciOdn,who displaced and took over whom? url,Non-disaster,0.22110192477703094,0.7693648934364319,0.009533142670989037,-0.2115687821060419,Neutral
4240,displaced,"Over 46, 377 people displaced (9,463 households) in #ElGeneina, West #Darfur according to the latest estimated figures of DTM…","over 46, 377 people displaced (9,463 households) in #elgeneina, west #darfur according to the latest estimated figures of dtm…",Disaster-related,0.6022441983222961,0.3894791305065155,0.008276687934994698,-0.5939675103873014,Negative
4241,displaced,A look at the family names of the displaced from ELibya Whether the 200.000 in WLibya or the 200.000 in the diaspor… https://t.co/nysTd5KsQR,a look at the family names of the displaced from elibya whether the 200.000 in wlibya or the 200.000 in the diaspor… url,Disaster-related,0.05527616664767265,0.9269176125526428,0.017806153744459152,-0.0374700129032135,Neutral
4243,displaced,An Afghan child stands in the cold holding bread at an Internal Displaced Persons camp in Kabul. According to the ministry o…,an afghan child stands in the cold holding bread at an internal displaced persons camp in kabul. according to the ministry o…,Disaster-related,0.5515754222869873,0.44029852747917175,0.008126066997647285,-0.54344935528934,Negative
4252,displaced,"These farmers, and pet owners are suffering right now. They are displaced from their homes, seperated from their li… https://t.co/I06RzSFskJ","these farmers, and pet owners are suffering right now. they are displaced from their homes, seperated from their li… url",Disaster-related,0.9007954597473145,0.09336718916893005,0.005837362725287676,-0.8949580970220268,Negative
4253,displaced,What if boomers got to know that they can use Twitter to release their displaced anger instead of their children ?,what if boomers got to know that they can use twitter to release their displaced anger instead of their children ?,Non-disaster,0.5835729837417603,0.3981146514415741,0.01831231266260147,-0.5652606710791588,Negative
4257,displaced,Ash fall from Taal stained my bag. The nightmares from Mt Pinatubo’s eruption are back. Lived through a catastrophe of this…,ash fall from taal stained my bag. the nightmares from mt pinatubo’s eruption are back. lived through a catastrophe of this…,Disaster-related,0.9250138401985168,0.06948921829462051,0.00549698481336236,-0.9195168553851545,Negative
4262,drought,"Eight megadroughts are identified in eastern Australia including one 39 year drought (A.D. 1174–1212), which occurred during a…","eight megadroughts are identified in eastern australia including one 39 year drought (a.d. 1174–1212), which occurred during a…",Disaster-related,0.24640655517578125,0.7337740659713745,0.019819384440779686,-0.22658717073500156,Neutral
4270,drought,With Locusts devastating the country at an unprecedented rate and a massive drought looming following the heavy rai… https://t.co/h2RrYpP1zg,with locusts devastating the country at an unprecedented rate and a massive drought looming following the heavy rai… url,Non-disaster,0.8456149101257324,0.14650319516658783,0.007881955243647099,-0.8377329548820853,Negative
4274,drought,This will further exacerbate the stress and malnutrition suffered by so many people on Newstart. It is more urgent than eve…,this will further exacerbate the stress and malnutrition suffered by so many people on newstart. it is more urgent than eve…,Non-disaster,0.883251965045929,0.10732118040323257,0.00942689087241888,-0.8738250741735101,Negative
4285,drought,"5,000 feral camels culled in drought-hit Australia https://t.co/kt0qPlhAuK https://t.co/2IL9O7di34","5,000 feral camels culled in drought-hit australia url url",Disaster-related,0.5878946781158447,0.3987649381160736,0.0133403604850173,-0.5745543176308274,Negative
4304,drought,"""Vegetable prices may soar 50 per cent as growers face perfect storm of bushfires and drought"" …","""vegetable prices may soar 50 per cent as growers face perfect storm of bushfires and drought"" …",Non-disaster,0.7482418417930603,0.23638369143009186,0.015374493785202503,-0.7328673480078578,Negative
4305,drought,Twice drought is real. Here is how onces try to save themselves. A thread of twice as ✨ https://t.co/cGKn8vlabl,twice drought is real. here is how onces try to save themselves. a thread of twice as ✨ url,Non-disaster,0.22633759677410126,0.7249335646629333,0.04872883856296539,-0.17760875821113586,Neutral
4318,drought,A super rugby pre-season match in Gladstone is aiming to help Central Queensland producers battling the drought. https://t.co/…,a super rugby pre-season match in gladstone is aiming to help central queensland producers battling the drought. url,Non-disaster,0.00497915456071496,0.5967767834663391,0.39824408292770386,0.3932649283669889,Neutral
4322,drown,"Who will fix me now? Who will save me from myself? Please, don’t let me drown.","who will fix me now? who will save me from myself? please, don’t let me drown.",Non-disaster,0.7861424684524536,0.19755107164382935,0.016306361183524132,-0.7698361072689295,Negative
4327,drown,Eight migrant children drown off Turkey https://t.co/sCr9JSB9g2,eight migrant children drown off turkey url,Disaster-related,0.5919588804244995,0.3950944244861603,0.012946645729243755,-0.5790122346952558,Negative
4335,drown,Maybe this is all part of a plan so that these headlines can drown out the Margaret Court mess that's still to come? I got…,maybe this is all part of a plan so that these headlines can drown out the margaret court mess that's still to come? i got…,Non-disaster,0.6179380416870117,0.3652481436729431,0.01681382767856121,-0.6011242140084505,Negative
4336,drown,"Fortunately Bella was saved, but they're trying to get the maximum sentence for those who tried to kill her. PETIT… https://t.co/quQFBd2zZ8","fortunately bella was saved, but they're trying to get the maximum sentence for those who tried to kill her. petit… url",Disaster-related,0.4885658919811249,0.4377351701259613,0.07369891554117203,-0.41486697643995285,Negative
4339,drown,dont drown,dont drown,Non-disaster,0.21252967417240143,0.661514163017273,0.12595614790916443,-0.086573526263237,Neutral
4353,drown,Maybe this is all part of a plan so that these headlines can drown out the Margaret Court mess that's still to come… https://t.co/rHXEXskXNu,maybe this is all part of a plan so that these headlines can drown out the margaret court mess that's still to come… url,Non-disaster,0.5440788865089417,0.437966912984848,0.017954224720597267,-0.5261246617883444,Negative
4370,drown,Time to eat more medicines and drown in my bed,time to eat more medicines and drown in my bed,Non-disaster,0.37957563996315,0.49997031688690186,0.12045403569936752,-0.2591216042637825,Neutral
4391,drown,"Another childish insult I see. First bag of milk, second poutine, w… https://t.co/D605TNYqLc","another childish insult i see. first bag of milk, second poutine, w… url",Non-disaster,0.885806679725647,0.1060369685292244,0.008156418800354004,-0.877650260925293,Negative
4406,drowned,Guru's protests of innocence were drowned out by the hysteria of the nationalist mob. His was not allowed to see his wife and…,guru's protests of innocence were drowned out by the hysteria of the nationalist mob. his was not allowed to see his wife and…,Non-disaster,0.8571618795394897,0.13671328127384186,0.006124743726104498,-0.8510371358133852,Negative
4412,drowned,Body of Rod Fontenot located in Bayou Nezpique - KALB News https://t.co/Ca0XPomRO1,body of rod fontenot located in bayou nezpique - kalb news url,Disaster-related,0.03286660835146904,0.9478865265846252,0.019246919080615044,-0.013619689270853996,Neutral
4414,drowned,You have never been drowned! Your tea will not bother me!----Röbel will the equations and three hours' exercise and clothes,you have never been drowned! your tea will not bother me!----röbel will the equations and three hours' exercise and clothes,Non-disaster,0.034444134682416916,0.275131493806839,0.690424382686615,0.6559802480041981,Positive
4419,drowned,😭😭😭😭This has drowned me in my own guilt .,😭😭😭😭this has drowned me in my own guilt .,Non-disaster,0.9140312671661377,0.07688537240028381,0.00908329151570797,-0.9049479756504297,Negative
4448,drowned,You told me the sky was ours. I thought we owned the stars، the moon and the sun. I thought we would rule everythin… https://t.co/C1oJZbEsfG,you told me the sky was ours. i thought we owned the stars، the moon and the sun. i thought we would rule everythin… url,Non-disaster,0.025767965242266655,0.5580141544342041,0.4162178337574005,0.39044986851513386,Neutral
4459,drowned,"'They get drowned mostly. They get caught on a longline hook and get drowned,"" https://t.co/cGsC0FzgOY #bycatch","'they get drowned mostly. they get caught on a longline hook and get drowned,"" url #bycatch",Non-disaster,0.8309297561645508,0.1621454805135727,0.006924849934875965,-0.8240049062296748,Negative
4464,drowning,"--over but he tried to hold it in. ""M... Mox...."" He doesn't know what to say. All he can think to… https://t.co/MgH9hSHEcj","--over but he tried to hold it in. ""m... mox...."" he doesn't know what to say. all he can think to… url",Non-disaster,0.46682867407798767,0.5073533654212952,0.025818007066845894,-0.4410106670111418,Neutral
4467,drowning,"The world is drowning in debt - However, HM &amp; ministr assure us that #Ireland is 'grand'; unle…","the world is drowning in debt - however, hm &amp; ministr assure us that #ireland is 'grand'; unle…",Non-disaster,0.5335956811904907,0.40800216794013977,0.05840213596820831,-0.4751935452222824,Negative
4471,drowning,Supernatural s15 || Drowning (Jensen Ackles) https://t.co/bIu9ebRfDM via,supernatural s15 || drowning (jensen ackles) url via,Non-disaster,0.004892155062407255,0.9438243508338928,0.05128351226449013,0.04639135720208287,Neutral
4473,drowning,First image is of the Tekken 7 pool. Heres to not drowning in either without taking some names.,first image is of the tekken 7 pool. heres to not drowning in either without taking some names.,Non-disaster,0.07675419747829437,0.7593086361885071,0.16393710672855377,0.0871829092502594,Neutral
4487,drowning,Remember the kid in pursuit of happiness movie when he made a joke abt the guy who was drowning in the oce…,remember the kid in pursuit of happiness movie when he made a joke abt the guy who was drowning in the oce…,Non-disaster,0.18093779683113098,0.6700149178504944,0.14904733002185822,-0.031890466809272766,Neutral
4488,drowning,"// They’re drowning Wilson with full bucket loads of hearts, love and affection😔","// they’re drowning wilson with full bucket loads of hearts, love and affection😔",Non-disaster,0.6773250102996826,0.2764808237552643,0.046194110065698624,-0.631130900233984,Negative
4494,drowning,The world is drowning in debt - CNN https://t.co/s5rrhuzslZ,the world is drowning in debt - cnn url,Non-disaster,0.7524221539497375,0.2265690118074417,0.021008828654885292,-0.7314133252948523,Negative
4498,drowning,"when i was drowning, that’s when i can finally breathe #Lover #BestRemix #iHeartAwards","when i was drowning, that’s when i can finally breathe #lover #bestremix #iheartawards",Non-disaster,0.007191917393356562,0.14599250257015228,0.8468156456947327,0.8396237283013761,Positive
4503,drowning,“Sometimes we need to disconnect to reconnect. Taking a break is necessary to save yourself and others from drowning.” — Maine Mend…,“sometimes we need to disconnect to reconnect. taking a break is necessary to save yourself and others from drowning.” — maine mend…,Non-disaster,0.029568560421466827,0.7067103385925293,0.2637210786342621,0.23415251821279526,Neutral
4506,drowning,"i wade in your water, your waves wash over me, i drift to the deep end, dont save me, its a low tide, i found peace in…","i wade in your water, your waves wash over me, i drift to the deep end, dont save me, its a low tide, i found peace in…",Non-disaster,0.2662394046783447,0.5653849244117737,0.16837574541568756,-0.09786365926265717,Neutral
4508,drowning,Climate change could lead to more injuries and deaths https://t.co/vHqhSdcqMB Justine Calma,climate change could lead to more injuries and deaths url justine calma,Non-disaster,0.6178680062294006,0.36824485659599304,0.013887129724025726,-0.6039808765053749,Negative
4528,drowning,Drowning in my own thoughts,drowning in my own thoughts,Non-disaster,0.4669429361820221,0.48180463910102844,0.051252447068691254,-0.41569048911333084,Neutral
4530,drowning,"If you might be wondering, I didn't discover BTS with a music video. it's from an article in kboo in 2014 and my 13 yo as$ c…","if you might be wondering, i didn't discover bts with a music video. it's from an article in kboo in 2014 and my 13 yo as$ c…",Non-disaster,0.33740848302841187,0.6312826871871948,0.0313088521361351,-0.30609963089227676,Neutral
4539,drowning,I'm just drowning at the moment. Smallest naps for about 45 minutes in the morning and then for 20 m… https://t.co/TdNcpiFbbV,i'm just drowning at the moment. smallest naps for about 45 minutes in the morning and then for 20 m… url,Non-disaster,0.8125715255737305,0.17008963227272034,0.017338847741484642,-0.7952326778322458,Negative
4542,drowning,Drowning,drowning,Non-disaster,0.28819260001182556,0.5737336874008179,0.13807369768619537,-0.1501189023256302,Neutral
4556,dust storm,Israel will cause a Dust Storm in the Middle East. WW3 will be started between USA &amp; Israel VS Russia. They all will start op…,israel will cause a dust storm in the middle east. ww3 will be started between usa &amp; israel vs russia. they all will start op…,Non-disaster,0.8602428436279297,0.12846961617469788,0.011287583969533443,-0.8489552596583962,Negative
4564,dust storm,Monster dust storm blankets several Australian states https://t.co/C2CqGXqja6 #grandsolar,monster dust storm blankets several australian states url #grandsolar,Disaster-related,0.31686821579933167,0.641412615776062,0.04171914979815483,-0.27514906600117683,Neutral
4566,dust storm,Don't underestimate the power of a dust storm — always be prepared. #911LoneStar https://t.co/2hglSKKzZE,don't underestimate the power of a dust storm — always be prepared. #911lonestar url,Non-disaster,0.0458902083337307,0.641930878162384,0.3121788501739502,0.2662886418402195,Neutral
4568,dust storm,just looks like a huge dust storm. w out the dust that's what the air looks and feels like,just looks like a huge dust storm. w out the dust that's what the air looks and feels like,Non-disaster,0.7115641832351685,0.2657794654369354,0.02265634387731552,-0.6889078393578529,Negative
4573,dust storm,"You can't stop the drilling, nobody can stop the drilling. Sonic drilling in the middle of a dust storm near Broken… https://t.co/2mzrWIDU3s","you can't stop the drilling, nobody can stop the drilling. sonic drilling in the middle of a dust storm near broken… url",Non-disaster,0.4141025245189667,0.5340065360069275,0.05189094692468643,-0.36221157759428024,Neutral
4581,dust storm,As seen by yesterday's #SNPP #OMPS aerosol index the #AustraliaFires smoke is now south of western Australia (black circl…,as seen by yesterday's #snpp #omps aerosol index the #australiafires smoke is now south of western australia (black circl…,Disaster-related,0.15357829630374908,0.829125702381134,0.01729602739214897,-0.1362822689116001,Neutral
4582,dust storm,-Desert Locusts -Floods -Dust storm -Bats If these aren't signs that we are heading to murky waters am not sure wh… https://t.co/xa7Qc9pZqZ,-desert locusts -floods -dust storm -bats if these aren't signs that we are heading to murky waters am not sure wh… url,Non-disaster,0.6271430253982544,0.360646516084671,0.012210439890623093,-0.6149325855076313,Negative
4585,dust storm,"thank you! I do have allergy pills that I've been taking, but no antibiotics. Not sure about mold or anythi… https://t.co/jobUBFFEQn","thank you! i do have allergy pills that i've been taking, but no antibiotics. not sure about mold or anythi… url",Non-disaster,0.06826383620500565,0.5724549889564514,0.35928112268447876,0.2910172864794731,Neutral
4589,dust storm,~YOU NEVER KNOW YOU NEVER KNOW LIES AHEAD ARE ON THE ROAD YOU CAN LOSE YOUR PATH BUT STILL FIND THE WAY HOME JUST… https://t.co/baKuZQPXqt,~you never know you never know lies ahead are on the road you can lose your path but still find the way home just… url,Non-disaster,0.4669382870197296,0.48729532957077026,0.045766327530145645,-0.42117195948958397,Neutral
4593,dust storm,"—&gt; “Hm?” Oh, he forgot about the shot that his wife had sent to him from her end. With a quick ra… https://t.co/k1BcTkAYle","—&gt; “hm?” oh, he forgot about the shot that his wife had sent to him from her end. with a quick ra… url",Non-disaster,0.15466879308223724,0.8039039969444275,0.04142717644572258,-0.11324161663651466,Neutral
4597,dust storm,"Another one bites the dust. Bye, Spartacus! https://t.co/VcIlFrDH5j","another one bites the dust. bye, spartacus! url",Non-disaster,0.8793196082115173,0.10150529444217682,0.019175080582499504,-0.8601445276290178,Negative
4604,earthquake,"Hey, loves! Tip lang coming from someone who survived a 7.2 magnitude earthquake and volunteered all around the province…","hey, loves! tip lang coming from someone who survived a 7.2 magnitude earthquake and volunteered all around the province…",Non-disaster,0.014724590815603733,0.2028043121099472,0.7824710607528687,0.7677464699372649,Positive
4628,earthquake,"42 min.ago #earthquake 3.6 has hit Canas Barrio (Ponce), Puerto Rico, 3.7mi, 4:07 AM AST (RSPR)… https://t.co/DfgMZAmpGX","42 min.ago #earthquake 3.6 has hit canas barrio (ponce), puerto rico, 3.7mi, 4:07 am ast (rspr)… url",Disaster-related,0.08675030618906021,0.8892722129821777,0.023977410048246384,-0.06277289614081383,Neutral
4638,earthquake,3.5 magnitude earthquake recorded in Bulgan aimag #MONTSAME #Mongolia https://t.co/yteSvu24Q8,3.5 magnitude earthquake recorded in bulgan aimag #montsame #mongolia url,Disaster-related,0.07203374803066254,0.8888117671012878,0.03915448114275932,-0.032879266887903214,Neutral
4651,electrocute,ECG pole electrocute young man at Kpando https://t.co/AwmQnqDeR6 https://t.co/5IzMbZfTSV,ecg pole electrocute young man at kpando url url,Disaster-related,0.37492749094963074,0.611907422542572,0.013165024109184742,-0.361762466840446,Neutral
4656,electrocute,"Ahri also landed full R ulti, full W, ignite, and thunderlords/electrocute. No… https://t.co/LlcgzoxGpi","ahri also landed full r ulti, full w, ignite, and thunderlords/electrocute. no… url",Non-disaster,0.08687228709459305,0.8666405081748962,0.04648726060986519,-0.04038502648472786,Neutral
4657,electrocute,hey you former russian spy electrocute me,hey you former russian spy electrocute me,Non-disaster,0.8648451566696167,0.1242046058177948,0.010950176045298576,-0.8538949806243181,Negative
4659,electrocute,y’all horny i’m gonna call god and have him come electrocute y’all for real,y’all horny i’m gonna call god and have him come electrocute y’all for real,Non-disaster,0.8784213662147522,0.10483396053314209,0.0167445857077837,-0.8616767805069685,Negative
4666,electrocute,why doesnt pokepark 2 let you bully piplup (run into them and electrocute),why doesnt pokepark 2 let you bully piplup (run into them and electrocute),Non-disaster,0.8581321239471436,0.1341046243906021,0.007763260509818792,-0.8503688634373248,Negative
4669,electrocute,If a shorty ever ask me to electrocute her I’m just gonna have to go home https://t.co/WwdhdygBV1,if a shorty ever ask me to electrocute her i’m just gonna have to go home url,Non-disaster,0.8098363280296326,0.17931288480758667,0.010850793682038784,-0.7989855343475938,Negative
4685,electrocute,I would help you I think we should electrocute him,i would help you i think we should electrocute him,Non-disaster,0.6062017679214478,0.3156759440898895,0.07812226563692093,-0.5280795022845268,Negative
4695,electrocute,Veigar with electrocute rn is HILARIOUSLY op...... 17/3 and 20/5 after not playing him for like 4 months,veigar with electrocute rn is hilariously op...... 17/3 and 20/5 after not playing him for like 4 months,Non-disaster,0.23698998987674713,0.3519132733345032,0.4110967814922333,0.17410679161548615,Positive
4700,electrocute,Twitter keeps getting stupider and stupider today. Somebody electrocute me if I look at it again please and thank you.,twitter keeps getting stupider and stupider today. somebody electrocute me if i look at it again please and thank you.,Non-disaster,0.905209481716156,0.07752779126167297,0.017262663692235947,-0.8879468180239201,Negative
4701,electrocute,*my mask eyes electrocute* I’ve just joined I know little to nothing..,*my mask eyes electrocute* i’ve just joined i know little to nothing..,Non-disaster,0.6076421737670898,0.3421580195426941,0.05019979178905487,-0.557442381978035,Negative
4731,electrocuted,Did the same thing on Sunday...reading book on reclining sofa (electric)...picked up coffee..spilled sai… https://t.co/2ZUH1S3vRP,did the same thing on sunday...reading book on reclining sofa (electric)...picked up coffee..spilled sai… url,Non-disaster,0.014901889488101006,0.8731251955032349,0.11197293549776077,0.09707104600965977,Neutral
4736,emergency,"""The past five years are the top five warmest years recorded in the ocean and the past 10 years are also the top 10 years o…","""the past five years are the top five warmest years recorded in the ocean and the past 10 years are also the top 10 years o…",Non-disaster,0.0037197573110461235,0.21314452588558197,0.783135712146759,0.7794159548357129,Positive
4740,emergency,Climate &amp; environmental grief is something we all have to face when we realise the scale of the emergency we face. Gove…,climate &amp; environmental grief is something we all have to face when we realise the scale of the emergency we face. gove…,Non-disaster,0.6737247109413147,0.30434393882751465,0.021931316703557968,-0.6517933942377567,Negative
4749,emergency,"She : sir I heard you are giving Modi's health insurance card, iam in an emergency , can you help me Me : kindly tell m…","she : sir i heard you are giving modi's health insurance card, iam in an emergency , can you help me me : kindly tell m…",Non-disaster,0.06227303296327591,0.848149299621582,0.08957768231630325,0.027304649353027344,Neutral
4756,emergency,"Video call me and show me breast for no reasons, That shit is sexy AF. My weakness point for emergency billing niyen (fast f…","video call me and show me breast for no reasons, that shit is sexy af. my weakness point for emergency billing niyen (fast f…",Non-disaster,0.171138733625412,0.30138498544692993,0.5274763107299805,0.3563375771045685,Positive
4757,emergency,"That weather is reacting how it should in winters...? And""Our"" deeds should prevent the govt from… https://t.co/9jWOfhg4YI","that weather is reacting how it should in winters...? and""our"" deeds should prevent the govt from… url",Non-disaster,0.5295034646987915,0.45592373609542847,0.01457278523594141,-0.5149306794628501,Negative
4763,emergency,New2Trip: 2019 American Heart Association Focused Update on Neonatal Resuscitation: Update to American Heart Associ… https://t.co/ZelwwJdfnx,new2trip: 2019 american heart association focused update on neonatal resuscitation: update to american heart associ… url,Non-disaster,0.010455531068146229,0.9327170252799988,0.05682746320962906,0.04637193214148283,Neutral
4764,emergency,A major search and rescue operation is underway in China after a bus and pedestrians dropped into a sinkhole. It happen…,a major search and rescue operation is underway in china after a bus and pedestrians dropped into a sinkhole. it happen…,Disaster-related,0.3162137567996979,0.645132839679718,0.03865343704819679,-0.2775603197515011,Neutral
4768,emergency,"For the 23rd time in less than three years, the Trump Administration is asking #SCOTUS for emergency relief to allow a n…","for the 23rd time in less than three years, the trump administration is asking #scotus for emergency relief to allow a n…",Non-disaster,0.16048374772071838,0.8075531125068665,0.031963154673576355,-0.12852059304714203,Neutral
4771,emergency,Toronto-area residents had a rude awakening Sunday after receiving a false alert about a nuclear power-plant emerge… https://t.co/Shzmi0h1TL,toronto-area residents had a rude awakening sunday after receiving a false alert about a nuclear power-plant emerge… url,Non-disaster,0.6953598260879517,0.29546284675598145,0.009177287109196186,-0.6861825389787555,Negative
4781,emergency,Is this your constituency? What is the status of this emergency in #NeelumValley #AJK - is the #Pakis…,is this your constituency? what is the status of this emergency in #neelumvalley #ajk - is the #pakis…,Non-disaster,0.1219441145658493,0.8616169691085815,0.016438955441117287,-0.10550515912473202,Neutral
4788,emergency,Why is parked like this at Pick n Pay Craighall Park? There is no emergency here. Shopping? https://t.co/u5kPlJW5RF,why is parked like this at pick n pay craighall park? there is no emergency here. shopping? url,Non-disaster,0.6388194561004639,0.34584328532218933,0.015337278135120869,-0.623482177965343,Negative
4799,emergency,KwaZulu-Natal Helicopter Emergency Medical Services: A good morning from the HEMS crew of Netcare 5 who are currently in…,kwazulu-natal helicopter emergency medical services: a good morning from the hems crew of netcare 5 who are currently in…,Disaster-related,0.002771275583654642,0.21788321435451508,0.7793455123901367,0.7765742368064821,Positive
4803,emergency,Australia Day 2020 should be for all Emergency workers - paid &amp; volunteer including those who made s… https://t.co/Jxied7M7r2,australia day 2020 should be for all emergency workers - paid &amp; volunteer including those who made s… url,Non-disaster,0.018091246485710144,0.7689447402954102,0.2129639834165573,0.19487273693084717,Neutral
4804,emergency,Help rescue and care for the innocent victims of the fires! Millions of animals are dying from the Australian wildf… https://t.co/Rsp6NOFC8R,help rescue and care for the innocent victims of the fires! millions of animals are dying from the australian wildf… url,Disaster-related,0.8527605533599854,0.13267624378204346,0.014563164673745632,-0.8381973886862397,Negative
4817,emergency plan,A district council trying to scrap its local plan on climate emergency grounds may see its decision-making powers transferred…,a district council trying to scrap its local plan on climate emergency grounds may see its decision-making powers transferred…,Non-disaster,0.4776175916194916,0.5105916857719421,0.011790757067501545,-0.46582683455199003,Neutral
4824,emergency plan,The most critical part of the plan is to get the additional power online ASAP! All IPPs must assist! ⚡ ⚡ ⚡ This is… https://t.co/ccsbuLgKPv,the most critical part of the plan is to get the additional power online asap! all ipps must assist! ⚡ ⚡ ⚡ this is… url,Non-disaster,0.007261922582983971,0.2778848111629486,0.7148532867431641,0.7075913641601801,Positive
4831,emergency services,Weather Update: Heavy rain and the potential dangerous impacts to fire grounds in NSW and East Victoria. Video is current at…,weather update: heavy rain and the potential dangerous impacts to fire grounds in nsw and east victoria. video is current at…,Disaster-related,0.5287314057350159,0.454035222530365,0.017233412712812424,-0.5114979930222034,Negative
4850,emergency services,"Injury Units treat broken bones, sprains, burns and other non-life threatening injuries. Charges have recently been reduced an…","injury units treat broken bones, sprains, burns and other non-life threatening injuries. charges have recently been reduced an…",Non-disaster,0.30130714178085327,0.6771389842033386,0.021553846076130867,-0.2797532957047224,Neutral
4853,emergency services,KwaZulu-Natal Helicopter Emergency Medical Services: A good morning from the HEMS crew of Netcare 5 who are current… https://t.co/tqCuaIpwt7,kwazulu-natal helicopter emergency medical services: a good morning from the hems crew of netcare 5 who are current… url,Disaster-related,0.0024633225984871387,0.15842510759830475,0.8391115069389343,0.8366481843404472,Positive
4854,emergency services,Western Cape Helicopter Emergency Medical Services: Netcare 6 a specialised helicopter ambulance has been activated… https://t.co/2QQwZ9KFOY,western cape helicopter emergency medical services: netcare 6 a specialised helicopter ambulance has been activated… url,Disaster-related,0.00918514933437109,0.949180543422699,0.04163433983922005,0.03244919050484896,Neutral
4861,emergency services,"No but donating to charities, volunteering my time at the State Emergency Services, working in Clim… https://t.co/SXn6wpvubY","no but donating to charities, volunteering my time at the state emergency services, working in clim… url",Non-disaster,0.012989158742129803,0.8169305324554443,0.17008036375045776,0.15709120500832796,Neutral
4868,emergency services,"This WATCH &amp; ACT message is being issued for the Buchan South area. Don't wait, leaving now is the safest option - condit…","this watch &amp; act message is being issued for the buchan south area. don't wait, leaving now is the safest option - condit…",Non-disaster,0.05035599693655968,0.7505000233650208,0.19914397597312927,0.1487879790365696,Neutral
4875,emergency services,Our thoughts are with everyone affected by the devastating #bushfires. Maddocks has pledged $40K to the #VictorianBush…,our thoughts are with everyone affected by the devastating #bushfires. maddocks has pledged $40k to the #victorianbush…,Non-disaster,0.715631365776062,0.2629724442958832,0.021396111696958542,-0.6942352540791035,Negative
4878,emergency services,"I've been getting alerts from the government emergency services app, saying that the air is hazardous to he…","i've been getting alerts from the government emergency services app, saying that the air is hazardous to he…",Disaster-related,0.6649028658866882,0.31967273354530334,0.015424399636685848,-0.6494784662500024,Negative
4882,emergency services,"Cumbria County Council is refusing to reveal the full cost of a new base for south Cumbria's emergency services, as the bu…","cumbria county council is refusing to reveal the full cost of a new base for south cumbria's emergency services, as the bu…",Non-disaster,0.29051700234413147,0.6979122161865234,0.011570758186280727,-0.27894624415785074,Neutral
4883,emergency services,"Are you experiencing any home emergencies? In such a situation, request a service by calling us and within a maximu… https://t.co/gPiDWJJqQm","are you experiencing any home emergencies? in such a situation, request a service by calling us and within a maximu… url",Non-disaster,0.09143824875354767,0.8454045057296753,0.06315722316503525,-0.02828102558851242,Neutral
4886,emergency services,"Cumbria County Council is refusing to reveal the full cost of a new base for south Cumbria's emergency services, as… https://t.co/UDkc5IMbFg","cumbria county council is refusing to reveal the full cost of a new base for south cumbria's emergency services, as… url",Non-disaster,0.3166947662830353,0.6720178723335266,0.011287372559309006,-0.3054073937237263,Neutral
4887,emergency services,Thus is a match day at Fernhurst. The council need to act. Lives are at r… https://t.co/Xn6vrAnw2v,thus is a match day at fernhurst. the council need to act. lives are at r… url,Non-disaster,0.6810985207557678,0.3051232397556305,0.01377823669463396,-0.6673202840611339,Negative
4906,engulfed,"New blog post: The Inquisition... ""To me, I think emotions are like huge waves crashing against me, I don't 'feel' the emoti…","new blog post: the inquisition... ""to me, i think emotions are like huge waves crashing against me, i don't 'feel' the emoti…",Non-disaster,0.7721236348152161,0.2143516093492508,0.013524839654564857,-0.7585987951606512,Negative
4908,engulfed,"Landmark Paris trial of disgraced former athletics supremo Lamine Diack delayed until June after surprise new evidence, with I…","landmark paris trial of disgraced former athletics supremo lamine diack delayed until june after surprise new evidence, with i…",Non-disaster,0.4750403165817261,0.51704341173172,0.007916287519037724,-0.46712402906268835,Neutral
4924,engulfed,Engulfed 💧 https://t.co/t6mGr7iQgH,engulfed 💧 url,Non-disaster,0.003762222360819578,0.11791781336069107,0.8783199191093445,0.8745576967485249,Positive
4952,engulfed,Hitler committed suicide first get that clear. His own hate engulfed him. The kids are not promoting… https://t.co/XYb37gMqVr,hitler committed suicide first get that clear. his own hate engulfed him. the kids are not promoting… url,Non-disaster,0.882861852645874,0.11093677580356598,0.006201376672834158,-0.8766604759730399,Negative
4964,engulfed,i love not replying to administrators’ emails because they assume you’re so engulfed by life that they just do what… https://t.co/QjaR0s5DGh,i love not replying to administrators’ emails because they assume you’re so engulfed by life that they just do what… url,Non-disaster,0.18835647404193878,0.2772010862827301,0.5344424247741699,0.34608595073223114,Positive
4984,epicentre,If capitalism constantly continually caused troubling pain to same epicentre and they cho… https://t.co/vmylA5tPeC,if capitalism constantly continually caused troubling pain to same epicentre and they cho… url,Non-disaster,0.7931696176528931,0.19823604822158813,0.008594339713454247,-0.7845752779394388,Negative
4989,epicentre,10 years ago today at 4:53pm a 7.0 earthquake struck Haiti 🇭🇹 The épicentre was close to Léogâne. It hit as people were le…,10 years ago today at 4:53pm a 7.0 earthquake struck haiti 🇭🇹 the épicentre was close to léogâne. it hit as people were le…,Disaster-related,0.4073561131954193,0.5703641772270203,0.022279653698205948,-0.38507645949721336,Neutral
5002,epicentre,"Just say it. Australia is run by a propaganda mill in Murdoch. All 3 ‘leaders’ of the UK, US &amp; Aus were…","just say it. australia is run by a propaganda mill in murdoch. all 3 ‘leaders’ of the uk, us &amp; aus were…",Non-disaster,0.7966680526733398,0.19203448295593262,0.011297442018985748,-0.7853706106543541,Negative
5006,epicentre,Hunh. Turns out the epicentre of this morning's earthquake was mere miles from our place. I guess that's why the pr… https://t.co/rFDx59emTL,hunh. turns out the epicentre of this morning's earthquake was mere miles from our place. i guess that's why the pr… url,Disaster-related,0.3726145029067993,0.5942773818969727,0.03310810402035713,-0.3395063988864422,Neutral
5009,epicentre,Funny story about today’s earthquake: Natural Resources Canada says its epicentre was just south of the U.S. border… https://t.co/841luXWTmQ,funny story about today’s earthquake: natural resources canada says its epicentre was just south of the u.s. border… url,Disaster-related,0.0338376984000206,0.8960854411125183,0.07007687538862228,0.036239176988601685,Neutral
5017,epicentre,So excited for Unknown Artists Band Live at the Epicentre Jan 24th! You can grab your tickets HERE&gt;… https://t.co/IZGIvKfNmb,so excited for unknown artists band live at the epicentre jan 24th! you can grab your tickets here&gt;… url,Non-disaster,0.0010257464600726962,0.014153864234685898,0.9848204255104065,0.9837946790503338,Positive
5018,evacuate,"Yes, we’ve had fires. But never on this scale. We’ve never had fires that wiped out one BILLION animals. We’ve never…","yes, we’ve had fires. but never on this scale. we’ve never had fires that wiped out one billion animals. we’ve never…",Non-disaster,0.7210410237312317,0.2510797083377838,0.027879277244210243,-0.6931617464870214,Negative
5028,evacuate,Experts warned that the Taal volcano eruption could get worse and plans are being made to evacuate hundreds of thousands more…,experts warned that the taal volcano eruption could get worse and plans are being made to evacuate hundreds of thousands more…,Disaster-related,0.7621254324913025,0.22943854331970215,0.008435995317995548,-0.7536894371733069,Negative
5030,evacuate,We are the one who evacuate from Taal Eruption. And we felt all the struggles while evac. And thanks GOD we all safe. 😭…,we are the one who evacuate from taal eruption. and we felt all the struggles while evac. and thanks god we all safe. 😭…,Non-disaster,0.023793663829565048,0.13142773509025574,0.8447785377502441,0.8209848739206791,Positive
5038,evacuate,"PLEASE BRING YOUR PETS WHEN YOU EVACUATE, THEY NEED A SAFE PLACE TOO!","please bring your pets when you evacuate, they need a safe place too!",Non-disaster,0.04352312162518501,0.387244313955307,0.5692325234413147,0.5257094018161297,Positive
5041,evacuate,retweet please. May this effort give the way to sisters and daughters to evacuate herself from this fake jungle.,retweet please. may this effort give the way to sisters and daughters to evacuate herself from this fake jungle.,Non-disaster,0.09104052186012268,0.7013413906097412,0.2076180875301361,0.11657756567001343,Neutral
5044,evacuate,"The lake volcano, already spewing thick layers of ash onto Manila, could violently erupt within “hours or days”, pr… https://t.co/hvDpWXJU9N","the lake volcano, already spewing thick layers of ash onto manila, could violently erupt within “hours or days”, pr… url",Disaster-related,0.5191497802734375,0.4699423313140869,0.010907945223152637,-0.5082418350502849,Negative
5053,evacuate,INDONESIA #Jakarta city govt spent more money on Formula E electric car race than flood prevention efforts as death toll from…,indonesia #jakarta city govt spent more money on formula e electric car race than flood prevention efforts as death toll from…,Non-disaster,0.3334723114967346,0.6127811074256897,0.05374658480286598,-0.27972572669386864,Neutral
5061,evacuated,"‼️BREAKING: Valverde's belongings have been evacuated from the Ciutat Esportiva. Tomorrow, he will say goodbye to the playe…","‼️breaking: valverde's belongings have been evacuated from the ciutat esportiva. tomorrow, he will say goodbye to the playe…",Non-disaster,0.02107933536171913,0.9357370138168335,0.043183665722608566,0.022104330360889435,Neutral
5085,evacuation,Twitter peeps i need your help po. Even though affected din kami I just wanted to help kahit sa maliit na paraan. Buy my…,twitter peeps i need your help po. even though affected din kami i just wanted to help kahit sa maliit na paraan. buy my…,Non-disaster,0.16614343225955963,0.6396855115890503,0.19417107105255127,0.028027638792991638,Neutral
5086,evacuation,a local veterinarian taking care of the horses from the volcano island. they are currently being treated here in an evacuat…,a local veterinarian taking care of the horses from the volcano island. they are currently being treated here in an evacuat…,Disaster-related,0.012555346824228764,0.9496191740036011,0.03782549127936363,0.02527014445513487,Neutral
5088,evacuation,"Darna, here are the updated list of evacuation centers in Batangas and organizations that collect donations in…","darna, here are the updated list of evacuation centers in batangas and organizations that collect donations in…",Non-disaster,0.01841399259865284,0.9469090104103088,0.03467704355716705,0.016263050958514214,Neutral
5092,evacuation,"Matteo Guidicelli @ City Evacuation Center Poblacion 3, City of Sto. Tomas, Batangas 💖 Thankyou &amp; Godbless po! 🙏 Real life…","matteo guidicelli @ city evacuation center poblacion 3, city of sto. tomas, batangas 💖 thankyou &amp; godbless po! 🙏 real life…",Non-disaster,0.004644807428121567,0.045574385672807693,0.9497807621955872,0.9451359547674656,Positive
5101,evacuation,I sincerely hope that the people will heed to the call of PHIVOLCS and the LGUs regarding evacuation and other measures.…,i sincerely hope that the people will heed to the call of phivolcs and the lgus regarding evacuation and other measures.…,Non-disaster,0.033322304487228394,0.49781566858291626,0.46886202692985535,0.43553972244262695,Neutral
5105,evacuation,The current situation of our province saddens us a lot. and I are knocking doors to all PH armys and armys w…,the current situation of our province saddens us a lot. and i are knocking doors to all ph armys and armys w…,Non-disaster,0.8570629954338074,0.13309137523174286,0.009845560416579247,-0.8472174350172281,Negative
5106,evacuation,"PLEASE RETWEET Anyone who wants to donate for the evacuees, may isang old resort na nagsilbing evacuation area po ng ating m…","please retweet anyone who wants to donate for the evacuees, may isang old resort na nagsilbing evacuation area po ng ating m…",Non-disaster,0.026128074154257774,0.7594100832939148,0.21446183323860168,0.1883337590843439,Neutral
5114,evacuation,Psychologists are also needed in evacuation areas for the conduct of psychological first aid,psychologists are also needed in evacuation areas for the conduct of psychological first aid,Non-disaster,0.027180355042219162,0.8994550108909607,0.07336460798978806,0.04618425294756889,Neutral
5132,explode,Shhhhh Miri don’t drop too many facts at once his brain might explode,shhhhh miri don’t drop too many facts at once his brain might explode,Non-disaster,0.705727219581604,0.27807509899139404,0.01619771122932434,-0.6895295083522797,Negative
5137,explode,"Sure I have body issues, I can't explode into a thousand bats.","sure i have body issues, i can't explode into a thousand bats.",Non-disaster,0.7169625759124756,0.2622329890727997,0.020804421976208687,-0.6961581539362669,Negative
5143,explode,#photography Get my FREE eBook - https://t.co/UAh9I9RCXI Photographer Noah Kalina Has Shot a Selfie Every Day for 2… https://t.co/qzyaS2Wydy,#photography get my free ebook - url photographer noah kalina has shot a selfie every day for 2… url,Non-disaster,0.0027513366658240557,0.504378616809845,0.492870032787323,0.49011869612149894,Neutral
5147,exploded,My heart exploded so my feelings just been running wild 🏃🏾‍♂️,my heart exploded so my feelings just been running wild 🏃🏾‍♂️,Non-disaster,0.730747640132904,0.22574955224990845,0.04350278899073601,-0.687244851142168,Negative
5151,exploded,¡Feliz Navidad ! I discovered you early 2019 where your follower count EXPLODED !! Am a fan of your beefy hot…,¡feliz navidad ! i discovered you early 2019 where your follower count exploded !! am a fan of your beefy hot…,Non-disaster,0.0028180384542793036,0.023407621309161186,0.9737743139266968,0.9709562754724175,Positive
5165,exploded,"Walked into the office, was about to set up and my laptop/battery exploded","walked into the office, was about to set up and my laptop/battery exploded",Disaster-related,0.3657599687576294,0.5174608826637268,0.11677907407283783,-0.24898089468479156,Neutral
5169,exploded,"On the stretcher, hearts exploded. Minutes left, a nurse holds his hand. 'u no I wud'","on the stretcher, hearts exploded. minutes left, a nurse holds his hand. 'u no i wud'",Non-disaster,0.5924835801124573,0.3603072464466095,0.04720911383628845,-0.5452744662761688,Negative
5172,explosion,Two Belgian soldiers currently serving in #Mali were injured when their vehicle Dingo II (MPPV) drove over an Improvise…,two belgian soldiers currently serving in #mali were injured when their vehicle dingo ii (mppv) drove over an improvise…,Disaster-related,0.7122923731803894,0.2803800106048584,0.007327649276703596,-0.7049647239036858,Negative
5174,explosion,Look beyond the headline. It is really worth reading this quick article to appreciate just how staggeringly LOUD L… https://t.co/r2yZqtpuAi,look beyond the headline. it is really worth reading this quick article to appreciate just how staggeringly loud l… url,Non-disaster,0.013231589458882809,0.1826464980840683,0.8041219115257263,0.7908903220668435,Positive
5188,explosion,nobody: absolutely nobody: every YouTuber ever: so a few people asked for this video 😂 *edit in 100 comments of p…,nobody: absolutely nobody: every youtuber ever: so a few people asked for this video 😂 *edit in 100 comments of p…,Non-disaster,0.15055589377880096,0.7023811936378479,0.14706291258335114,-0.003492981195449829,Neutral
5195,explosion,"I'm not the gf who takes effort to do "" explosion box , reasons why ily , open when.. "" I'm sucha lazyyyyyy girl !! Even in this 🤣 ! Ugh","i'm not the gf who takes effort to do "" explosion box , reasons why ily , open when.. "" i'm sucha lazyyyyyy girl !! even in this 🤣 ! ugh",Non-disaster,0.7999394536018372,0.1687886267900467,0.03127196058630943,-0.7686674930155277,Negative
5199,explosion,President Duterte flew back to Manila from Davao City this morning. Sen. Bong Go said they were the first to land in Manila…,president duterte flew back to manila from davao city this morning. sen. bong go said they were the first to land in manila…,Non-disaster,0.004869571886956692,0.8331373333930969,0.16199316084384918,0.1571235889568925,Neutral
5208,explosion,Canal Blue TME now live in the Torque GT showroom... https://t.co/XfrEsK24UE In the past few years we’ve witnessed an explosi…,canal blue tme now live in the torque gt showroom... url in the past few years we’ve witnessed an explosi…,Non-disaster,0.005384400486946106,0.8622850179672241,0.13233061134815216,0.12694621086120605,Neutral
5218,eyewitness,I'm always skeptical about eyewitness testimony eve… https://t.co/9fuheOcD8g,i'm always skeptical about eyewitness testimony eve… url,Non-disaster,0.5658881068229675,0.41961702704429626,0.014494804665446281,-0.5513933021575212,Negative
5219,eyewitness,People have talked about the “five observables“....but back in 2014 The members of ITF put together their own list of…,people have talked about the “five observables“....but back in 2014 the members of itf put together their own list of…,Non-disaster,0.023603813722729683,0.9447668790817261,0.031629305332899094,0.00802549161016941,Neutral
5220,eyewitness,"If you are not an eyewitness, you are a false witness (Exodus 20:16). If you didn’t see it, you shouldn’t be gossippin…","if you are not an eyewitness, you are a false witness (exodus 20:16). if you didn’t see it, you shouldn’t be gossippin…",Non-disaster,0.7005682587623596,0.28689688444137573,0.012534846551716328,-0.6880334122106433,Negative
5225,eyewitness,"Akira Kurosawa's movie, which told conflicting versions of four eyewitness accounts of a murder and rape in 8th century Japan, won…","akira kurosawa's movie, which told conflicting versions of four eyewitness accounts of a murder and rape in 8th century japan, won…",Non-disaster,0.28448066115379333,0.6907342076301575,0.024785075336694717,-0.2596955858170986,Neutral
5232,eyewitness,. investigates whether changes could be coming for officers who are supposed to help keep your children safe at school.…,. investigates whether changes could be coming for officers who are supposed to help keep your children safe at school.…,Non-disaster,0.05049325153231621,0.89454585313797,0.054960913956165314,0.004467662423849106,Neutral
5244,eyewitness,"Trump has the power to end this ""never-ending charade"" by not withhold… https://t.co/0WD9EEFWm6","trump has the power to end this ""never-ending charade"" by not withhold… url",Non-disaster,0.24698562920093536,0.6779313683509827,0.07508301734924316,-0.1719026118516922,Neutral
5252,eyewitness,New eyewitness has stepped forward to testify. https://t.co/BiQElyoHIm,new eyewitness has stepped forward to testify. url,Non-disaster,0.012477363459765911,0.8849603533744812,0.102562315762043,0.09008495230227709,Neutral
5256,eyewitness,BREAKING NEWS: Four people found dead in Florida and there could be possible ties to Connecticut. The latest on tha… https://t.co/DkDS7LqagW,breaking news: four people found dead in florida and there could be possible ties to connecticut. the latest on tha… url,Disaster-related,0.48902374505996704,0.5012462735176086,0.009729909710586071,-0.47929383534938097,Neutral
5257,eyewitness,A Woman Claimed She Recruited a 13-Year-Old Girl for Donald Trump and Jeffrey Epstein to Rape – Deep South Voice. Deta…,a woman claimed she recruited a 13-year-old girl for donald trump and jeffrey epstein to rape – deep south voice. deta…,Non-disaster,0.36014991998672485,0.6285696029663086,0.011280469596385956,-0.3488694503903389,Neutral
5268,eyewitness,https://t.co/Pvel8bisjz. The latest on the investigation tonight on Eyewitness News at 11.,url the latest on the investigation tonight on eyewitness news at 11.,Non-disaster,0.02216360718011856,0.9449386596679688,0.032897740602493286,0.010734133422374725,Neutral
5271,eyewitness,Listen to this eyewitness on the border: “They were the worst conditions that I’ve ever seen in the United States of Americ…,listen to this eyewitness on the border: “they were the worst conditions that i’ve ever seen in the united states of americ…,Non-disaster,0.8684912919998169,0.12204761058092117,0.009461060166358948,-0.859030231833458,Negative
5279,eyewitness,Get your news from overnight and weather and traffic before you head out the door in the morning! Watch Eyewitness News This Mor…,get your news from overnight and weather and traffic before you head out the door in the morning! watch eyewitness news this mor…,Non-disaster,0.015612101182341576,0.9227129817008972,0.061674926429986954,0.04606282524764538,Neutral
5283,famine,"The famine is over, fenians, why don't you go home 😤😤😤 https://t.co/RT8AGvT8TQ","the famine is over, fenians, why don't you go home 😤😤😤 url",Non-disaster,0.8734268546104431,0.11472529172897339,0.011847847141325474,-0.8615790074691176,Negative
5295,famine,This world is ending Earthquakes Floods Half of Australia on fire Locusts in Somalia Ethiopia &amp; Kenya Trump about to star…,this world is ending earthquakes floods half of australia on fire locusts in somalia ethiopia &amp; kenya trump about to star…,Non-disaster,0.6288433074951172,0.33007171750068665,0.041084952652454376,-0.5877583548426628,Negative
5297,famine,2010-19 seasons have been such a strange decade for the #49ers 80-79-1 record Four 10 win seasons Five 10 loss seasons F…,2010-19 seasons have been such a strange decade for the #49ers 80-79-1 record four 10 win seasons five 10 loss seasons f…,Non-disaster,0.6097993850708008,0.37335026264190674,0.016850313171744347,-0.5929490718990564,Negative
5302,famine,"GOD SAYS SCOTLAND, IRELAND,ENGLAND TOLERATE EACH OTHER, QUESTION ALL REMEMBER GREAT IRISH POTATO FAMINE,ENGLAND STA… https://t.co/VOoYshDAqV","god says scotland, ireland,england tolerate each other, question all remember great irish potato famine,england sta… url",Non-disaster,0.02333470992743969,0.4900931119918823,0.4865722060203552,0.46323749609291553,Neutral
5307,famine,President Edgar Lungu told journalists his buying military weap…,president edgar lungu told journalists his buying military weap…,Non-disaster,0.06098062917590141,0.9059008359909058,0.03311856836080551,-0.0278620608150959,Neutral
5312,famine,"Riff Rundown: Between the Buried and Me's ""Famine Wolf"" https://t.co/mxumEisuCu","riff rundown: between the buried and me's ""famine wolf"" url",Non-disaster,0.0921795591711998,0.8776981830596924,0.03012233041226864,-0.06205722875893116,Neutral
5322,fatal,"Blackmail, intrigue, forbidden love interests &amp; a near fatal mantra gone wrong, stretch the bonds of friendship like never b…","blackmail, intrigue, forbidden love interests &amp; a near fatal mantra gone wrong, stretch the bonds of friendship like never b…",Non-disaster,0.7127799391746521,0.26493677496910095,0.022283287718892097,-0.69049665145576,Negative
5328,fatal,Fatal shootings by police in 2018: 🇮🇸-0 🇫🇮-3 🇸🇪-6 🇫🇷-26 🇨🇦-36 🇺🇸-992 Imagine: Walter Scott—and so many others—would be al…,fatal shootings by police in 2018: 🇮🇸-0 🇫🇮-3 🇸🇪-6 🇫🇷-26 🇨🇦-36 🇺🇸-992 imagine: walter scott—and so many others—would be al…,Non-disaster,0.8818514943122864,0.11276723444461823,0.005381247494369745,-0.8764702468179166,Negative
5329,fatal,The #EU continues its suicidal actions. This inflexible approach is likely fatal - but ‘principals’ Brexit latest:… https://t.co/t9xoVSYYLv,the #eu continues its suicidal actions. this inflexible approach is likely fatal - but ‘principals’ brexit latest:… url,Non-disaster,0.8454192280769348,0.1474597156047821,0.007121057715266943,-0.8382981703616679,Negative
5333,fatal,Boeing's new chief executive David Calhoun assumed the job yesterday as the US planemaker battles to recover from t… https://t.co/sC69VeWeMB,boeing's new chief executive david calhoun assumed the job yesterday as the us planemaker battles to recover from t… url,Non-disaster,0.008342467248439789,0.9263735413551331,0.06528395414352417,0.05694148689508438,Neutral
5347,fatal,"At the Embassy of Ukraine in Dublin, President Higgins today signed the book of condolence for the victims of the fatal c…","at the embassy of ukraine in dublin, president higgins today signed the book of condolence for the victims of the fatal c…",Non-disaster,0.021430563181638718,0.8539937138557434,0.12457575649023056,0.10314519330859184,Neutral
5374,fatalities,"“This time, we did not set our goals based on human fatalities, [because] our goal was not to kill the enemy’s sold… https://t.co/7VmyMKYEiH","“this time, we did not set our goals based on human fatalities, [because] our goal was not to kill the enemy’s sold… url",Non-disaster,0.31155169010162354,0.6465189456939697,0.04192936047911644,-0.2696223296225071,Neutral
5379,fatalities,Congratulations to the city of Oslo where there were no bike or pedestrian fatalities for the entire year of 2019! Incred…,congratulations to the city of oslo where there were no bike or pedestrian fatalities for the entire year of 2019! incred…,Non-disaster,0.00868922658264637,0.05436364933848381,0.9369471669197083,0.9282579403370619,Positive
5383,fatalities,"on a show about police fatalities they asked 2 widows, one old one young, about their grief which on… https://t.co/smdkMSkZdT","on a show about police fatalities they asked 2 widows, one old one young, about their grief which on… url",Non-disaster,0.19614969193935394,0.7844381928443909,0.019412174820899963,-0.17673751711845398,Neutral
5391,fatalities,I've heard it's touched places throughout the UK....but thankfully no reports of any injuries or f… https://t.co/MQqACO4S11,i've heard it's touched places throughout the uk....but thankfully no reports of any injuries or f… url,Non-disaster,0.17033150792121887,0.6311845183372498,0.19848403334617615,0.028152525424957275,Neutral
5399,fatalities,"REMINDER: Come to a COMPLETE stop before moving past a stop sign. Between 2014 and 2018, there were over 3,200 collisions…","reminder: come to a complete stop before moving past a stop sign. between 2014 and 2018, there were over 3,200 collisions…",Non-disaster,0.20526644587516785,0.7455431818962097,0.04919034615159035,-0.1560760997235775,Neutral
5415,fatalities,"On the flip side, if we compare the 2003 low in pedestrian/cycling fatalities to today (in the US), we have… https://t.co/y9urqaVy9c","on the flip side, if we compare the 2003 low in pedestrian/cycling fatalities to today (in the us), we have… url",Non-disaster,0.09065141528844833,0.8551954627037048,0.05415315181016922,-0.036498263478279114,Neutral
5419,fatalities,"Our very own Kari Schlosshauer of , speaking on behalf of us at GTT. ""What does it mean for us to lead w…","our very own kari schlosshauer of , speaking on behalf of us at gtt. ""what does it mean for us to lead w…",Non-disaster,0.00496350834146142,0.8762539029121399,0.11878263205289841,0.11381912371143699,Neutral
5427,fatality,Current outbreak in Malaysia are influenza and dengue. Both can lead to fatality if not treated in early stage. Stay sa…,current outbreak in malaysia are influenza and dengue. both can lead to fatality if not treated in early stage. stay sa…,Disaster-related,0.7970882058143616,0.19168637692928314,0.011225382797420025,-0.7858628230169415,Negative
5429,fatality,"Many UK crime scenes are burglaries; other forensic or crime scenes need more consideration, if there was violence… https://t.co/dq2BSTnssZ","many uk crime scenes are burglaries; other forensic or crime scenes need more consideration, if there was violence… url",Non-disaster,0.6041427254676819,0.3825882375240326,0.013269064947962761,-0.5908736605197191,Negative
5436,fatality,This should also apply to the tens of thousands of children and young people who local authorities neglected from the ea…,this should also apply to the tens of thousands of children and young people who local authorities neglected from the ea…,Non-disaster,0.6429169774055481,0.3419991135597229,0.015083909966051579,-0.6278330674394965,Negative
5438,fatality,Name: Ceasar Weldon • City: North Charleston • Date: 12/15/15 • Cause of Death:… https://t.co/Bbs1lZiAM6,name: ceasar weldon • city: north charleston • date: 12/15/15 • cause of death:… url,Disaster-related,0.17154227197170258,0.8138390779495239,0.014618678949773312,-0.15692359302192926,Neutral
5449,fatality,This should also apply to the tens of thousands of children and young people who local authorities neglected from t… https://t.co/mZBHAVUNpE,this should also apply to the tens of thousands of children and young people who local authorities neglected from t… url,Non-disaster,0.5884693264961243,0.39641571044921875,0.0151149220764637,-0.5733544044196606,Negative
5466,fatality,How much is big tobacco and big pharma paying you to push this ludicrous nonsense? Anyone that thin… https://t.co/nfFmiSCkt7,how much is big tobacco and big pharma paying you to push this ludicrous nonsense? anyone that thin… url,Non-disaster,0.7249853610992432,0.26057636737823486,0.014438233338296413,-0.7105471277609468,Negative
5476,fatality,I can't help it....I am HURTINGGGG y'all hear me? https://t.co/N4QTpsoY48,i can't help it....i am hurtingggg y'all hear me? url,Non-disaster,0.8131353855133057,0.14035849273204803,0.046506211161613464,-0.7666291743516922,Negative
5498,fear,"A quote from ""Unresolved grief, shame and fear can accumulate throughout one's life, and impede, constrict…","a quote from ""unresolved grief, shame and fear can accumulate throughout one's life, and impede, constrict…",Non-disaster,0.7840050458908081,0.20672260224819183,0.009272308088839054,-0.774732737801969,Negative
5520,fear,"The case is now pending in appeal in a high court. Qs remain: who killed Sohrabuddin, Tulsiram Prajapati and crucially…","the case is now pending in appeal in a high court. qs remain: who killed sohrabuddin, tulsiram prajapati and crucially…",Disaster-related,0.26506415009498596,0.7213647365570068,0.013571147806942463,-0.2514930022880435,Neutral
5521,fear,Wow! I fear fear. Nothing we do that does not speak out.,wow! i fear fear. nothing we do that does not speak out.,Non-disaster,0.8702142834663391,0.11347737163305283,0.016308411955833435,-0.8539058715105057,Negative
5536,fear,Hope is the only thing stronger then fear. https://t.co/cXK06znOY2,hope is the only thing stronger then fear. url,Non-disaster,0.007057768292725086,0.07330877333879471,0.9196335077285767,0.9125757394358516,Positive
5552,fear,1) Haya from Qubool Hai- She taught us that love needs no words or language. She showed us that fear does not makes you…,1) haya from qubool hai- she taught us that love needs no words or language. she showed us that fear does not makes you…,Non-disaster,0.03248549997806549,0.5080041289329529,0.4595103859901428,0.42702488601207733,Neutral
5563,fire,"Sorry bro, but when I fire up my Xbox Series X and plug in my 4TB hard drive it will… https://t.co/qcWh88MzGT","sorry bro, but when i fire up my xbox series x and plug in my 4tb hard drive it will… url",Non-disaster,0.25619861483573914,0.6628824472427368,0.08091896772384644,-0.1752796471118927,Neutral
5568,fire,2 TYPES OF FIRE EXTINGUISHER BOBBY CURL STRAIGHT https://t.co/7g85ZNCf3Z,2 types of fire extinguisher bobby curl straight url,Non-disaster,0.0401160828769207,0.9030758142471313,0.05680815130472183,0.016692068427801132,Neutral
5569,fire,"Today in 2009 Corporal Danny Winter, aged 28 from Stockport and of 45 Commando Royal Marines, was tragically killed by '…","today in 2009 corporal danny winter, aged 28 from stockport and of 45 commando royal marines, was tragically killed by '…",Non-disaster,0.6781050562858582,0.30907613039016724,0.012818771414458752,-0.6652862848713994,Negative
5577,fire,GROW YOUR TWITTER ACCOUNT NOW 🔥100 Retweet = 150 Followers🔥 🔥200 Retweet = 300 Followers🔥 🔥300 Retweet = 500 Followers🔥 🔥40…,grow your twitter account now 🔥100 retweet = 150 followers🔥 🔥200 retweet = 300 followers🔥 🔥300 retweet = 500 followers🔥 🔥40…,Non-disaster,0.010791816748678684,0.4259999990463257,0.5632081627845764,0.5524163460358977,Positive
5602,fire,"If the Astros can fire AJ Hinch and Jeff Luhnow after the run they've had, the Texans need to get to firing Bill O'Brien right n…","if the astros can fire aj hinch and jeff luhnow after the run they've had, the texans need to get to firing bill o'brien right n…",Non-disaster,0.23623871803283691,0.7135027647018433,0.05025853216648102,-0.1859801858663559,Neutral
5615,fire,"If u want Mercy's reality show or YouTube channel in the future, Encourage her by watching the videos on YouTube that s…","if u want mercy's reality show or youtube channel in the future, encourage her by watching the videos on youtube that s…",Non-disaster,0.00951486174017191,0.5247675180435181,0.465717613697052,0.4562027519568801,Neutral
5626,fire truck,Fire Engine Truck Birthday Cake ... https://t.co/QcUdjv8uhZ #cake #cakedecorating https://t.co/y0dwRMk1Nt,fire engine truck birthday cake ... url #cake #cakedecorating url,Non-disaster,0.0038236321415752172,0.7135302424430847,0.2826462388038635,0.2788226066622883,Neutral
5633,fire truck,"Driver killed after truck hits tree, catches fire in Lincoln County - WLBT: https://t.co/Bv79Bv0LUN","driver killed after truck hits tree, catches fire in lincoln county - wlbt: url",Disaster-related,0.5367416739463806,0.45168083906173706,0.011577504687011242,-0.5251641692593694,Negative
5637,fire truck,"A hybrid Concept Fire Truck, built by the Austrian company, Rosenbauer, gets hands on touches by members of . So…","a hybrid concept fire truck, built by the austrian company, rosenbauer, gets hands on touches by members of . so…",Non-disaster,0.006455911789089441,0.891435980796814,0.10210806131362915,0.09565214952453971,Neutral
5649,first responders,Sorry for your loss. Really am sorry on behalf of our government (who took forever to take care of the f… https://t.co/8CkmQGnetL,sorry for your loss. really am sorry on behalf of our government (who took forever to take care of the f… url,Non-disaster,0.890160083770752,0.10200855880975723,0.007831286638975143,-0.8823287971317768,Negative
5654,first responders,Heartbreaking habitat devastation in Australia. Grateful for all firefighters and first responders helping! (Via by Oak…,heartbreaking habitat devastation in australia. grateful for all firefighters and first responders helping! (via by oak…,Disaster-related,0.16320741176605225,0.28898754715919495,0.5478050112724304,0.3845975995063782,Positive
5658,first responders,On How Much Mitch McConnell &amp; Senate GOP Don't Care About Americans; Mitch McConnell &amp; GOP Senators Playing Games With…,on how much mitch mcconnell &amp; senate gop don't care about americans; mitch mcconnell &amp; gop senators playing games with…,Non-disaster,0.7297028303146362,0.2582811713218689,0.012016018852591515,-0.7176868114620447,Negative
5664,first responders,God Bless him and all First Responders.,god bless him and all first responders.,Non-disaster,0.02120795100927353,0.0657283291220665,0.9130637645721436,0.89185581356287,Positive
5665,first responders,When your Premier has to shove his petrosexuality down your throat constantly because it's the only thing that lubricates h…,when your premier has to shove his petrosexuality down your throat constantly because it's the only thing that lubricates h…,Non-disaster,0.8147832751274109,0.16935259103775024,0.015864118933677673,-0.7989191561937332,Negative
5670,first responders,"Boy those Vince Vaughn ""Libertarians"" sure like breathing the clean air &amp; water courtesy Democrats &amp;… https://t.co/RU3ywdS5LB","boy those vince vaughn ""libertarians"" sure like breathing the clean air &amp; water courtesy democrats &amp;… url",Non-disaster,0.25721055269241333,0.5911967754364014,0.15159274637699127,-0.10561780631542206,Neutral
5674,first responders,"Impeach Trump 11 people, including 2 first responders, died today as a… https://t.co/StOQGKp947","impeach trump 11 people, including 2 first responders, died today as a… url",Disaster-related,0.8830210566520691,0.10936093330383301,0.007617941126227379,-0.8754031155258417,Negative
5677,first responders,First responders are pleading with ppl not to drive unless they have the proper tires and their car is prepared for the co…,first responders are pleading with ppl not to drive unless they have the proper tires and their car is prepared for the co…,Non-disaster,0.37879645824432373,0.5967724323272705,0.024431081488728523,-0.3543653767555952,Neutral
5682,first responders,Miranda Lambert Celebrating First Responders on ‘Wildcard’ Tour https://t.co/lO34ypFGI0,miranda lambert celebrating first responders on ‘wildcard’ tour url,Non-disaster,0.0020908720325678587,0.2753894329071045,0.7225196957588196,0.7204288237262517,Positive
5691,first responders,"#auspol felt sick when i read this: ""first responders tackling #bushfires advised to kill baby #kangaroos and #koalas w…","#auspol felt sick when i read this: ""first responders tackling #bushfires advised to kill baby #kangaroos and #koalas w…",Non-disaster,0.9219146966934204,0.07356354594230652,0.0045217182487249374,-0.9173929784446955,Negative
5714,flames,Breaking Faux Knews : Maralago attacked by Russian-made Iranian planes secretly ordered by former President Obama ....…,breaking faux knews : maralago attacked by russian-made iranian planes secretly ordered by former president obama ....…,Non-disaster,0.6805564761161804,0.3112664520740509,0.008177014999091625,-0.6723794611170888,Negative
5726,flattened,A remarkable performance from the New York # 11 curve over the last 6 months. The curve has flattened out almost comp…,a remarkable performance from the new york # 11 curve over the last 6 months. the curve has flattened out almost comp…,Non-disaster,0.004209402482956648,0.07050731033086777,0.9252832531929016,0.921073850709945,Positive
5728,flattened,This strand was followed by an expanding cloud of slime that flattened out and covered Ben's entire body. The entir… https://t.co/CHTStZxuMX,this strand was followed by an expanding cloud of slime that flattened out and covered ben's entire body. the entir… url,Non-disaster,0.2765490710735321,0.7021778225898743,0.021273082122206688,-0.2552759889513254,Neutral
5734,flattened,a flattened gummy bear,a flattened gummy bear,Non-disaster,0.12636105716228485,0.7586393356323242,0.11499959230422974,-0.011361464858055115,Neutral
5747,flattened,"Grandmother’s prayer closet survives powerful tornado that flattened home, killed many https://t.co/YUTYw6CpQa","grandmother’s prayer closet survives powerful tornado that flattened home, killed many url",Disaster-related,0.4719087481498718,0.5003631711006165,0.027728043496608734,-0.4441807046532631,Neutral
5753,flattened,"Grandmother’s prayer closet survives powerful tornado that flattened home, killed many https://t.co/m3cxLaKubX","grandmother’s prayer closet survives powerful tornado that flattened home, killed many url",Disaster-related,0.4719087481498718,0.5003631711006165,0.027728043496608734,-0.4441807046532631,Neutral
5755,flattened,Dude ripped out an Uchiha's eye and flattened it out like a mad man,dude ripped out an uchiha's eye and flattened it out like a mad man,Non-disaster,0.765114963054657,0.2125990092754364,0.022286051884293556,-0.7428289111703634,Negative
5756,flattened,"I get what you’re saying, and I would’ve flattened that thing but BC is so far-left, guaranteed if he had…","i get what you’re saying, and i would’ve flattened that thing but bc is so far-left, guaranteed if he had…",Non-disaster,0.3519411087036133,0.6014854907989502,0.04657335951924324,-0.30536774918437004,Neutral
5763,flattened,It was a holy place I see. Very sacred https://t.co/3HLdY131LJ,it was a holy place i see. very sacred url,Non-disaster,0.0033959788270294666,0.02826121635735035,0.9683427214622498,0.9649467426352203,Positive
5772,flattened,Rookie #Habs defenceman Cale Fleury just flattened #Flames Milan Lucic. Bell Centre crowd loved it. #HabsIO,rookie #habs defenceman cale fleury just flattened #flames milan lucic. bell centre crowd loved it. #habsio,Non-disaster,0.00403943657875061,0.07610177248716354,0.9198587536811829,0.9158193171024323,Positive
5776,flattened,bread-foccacia (made of dough flattened and then olive oil spread on top with rosemary and grey salt sprinkled cook… https://t.co/givUyvOwjq,bread-foccacia (made of dough flattened and then olive oil spread on top with rosemary and grey salt sprinkled cook… url,Non-disaster,0.025936145335435867,0.879755437374115,0.09430848062038422,0.06837233528494835,Neutral
5780,flattened,after submitting a single job application i feel simultaneously like popeye after eating tthe spanch and the coyote… https://t.co/m1L39pVnvq,after submitting a single job application i feel simultaneously like popeye after eating tthe spanch and the coyote… url,Non-disaster,0.24704019725322723,0.6364998817443848,0.11645987629890442,-0.13058032095432281,Neutral
5783,flattened,was gonna workout but instead im laying on my floor listening to music for 2 hrs feeling absolutely flattened by this messed up monday.,was gonna workout but instead im laying on my floor listening to music for 2 hrs feeling absolutely flattened by this messed up monday.,Non-disaster,0.9103488326072693,0.082003153860569,0.007647963706403971,-0.9027008689008653,Negative
5786,flattened,Samoa joe just got flattened #raw,samoa joe just got flattened #raw,Non-disaster,0.25726646184921265,0.6537548899650574,0.08897861838340759,-0.16828784346580505,Neutral
5788,flattened,"My own initiative has been totally flattened, amazingly it is still their policy when my contract is up.","my own initiative has been totally flattened, amazingly it is still their policy when my contract is up.",Non-disaster,0.8504434823989868,0.13454939424991608,0.015007075853645802,-0.835436406545341,Negative
5799,flattened,Flames suck like your interviews and mentions on Twitter. Lose to the Habs and Lucic got flattened. Great night.,flames suck like your interviews and mentions on twitter. lose to the habs and lucic got flattened. great night.,Non-disaster,0.9468429088592529,0.044117461889982224,0.009039604105055332,-0.9378033047541976,Negative
5802,flattened,Toss a coin to your Medley *gets flattened by a coin the size of me*,toss a coin to your medley *gets flattened by a coin the size of me*,Non-disaster,0.2162705808877945,0.6756279468536377,0.1081015020608902,-0.1081690788269043,Neutral
5815,flood,"When you open the door to self pity , to blame, all kinds of negative thoughts will flood your mind","when you open the door to self pity , to blame, all kinds of negative thoughts will flood your mind",Non-disaster,0.8784388899803162,0.11530281603336334,0.006258329376578331,-0.8721805606037378,Negative
5818,flood,"Something really wishes you wouldn't know: that IAF gross negligence damaged 8 F-16s, compromising a key ele…","something really wishes you wouldn't know: that iaf gross negligence damaged 8 f-16s, compromising a key ele…",Non-disaster,0.888878345489502,0.1052355095744133,0.005886085331439972,-0.882992260158062,Negative
5823,flood,NWS Alert&gt; Small Stream Flood Advisory for Poor Drainage Areas for N Union County In NE Mississippi. S Tippah Count… https://t.co/2XoLUbYwbL,nws alert&gt; small stream flood advisory for poor drainage areas for n union county in ne mississippi. s tippah count… url,Non-disaster,0.12347910553216934,0.8566195368766785,0.019901353865861893,-0.10357775166630745,Neutral
5834,flood,SHAME ON CBN for Helping To Flood Texas With Refugees! The World Relief Corporation (WR) is a phony un-elected non-profit tha…,shame on cbn for helping to flood texas with refugees! the world relief corporation (wr) is a phony un-elected non-profit tha…,Non-disaster,0.944774329662323,0.05021112412214279,0.0050145843997597694,-0.9397597452625632,Negative
5837,flood,UK: Muslim lawyer for ISIS bride asks his followers to flood radio show’s phone lines to avoid hard questions. This it…,uk: muslim lawyer for isis bride asks his followers to flood radio show’s phone lines to avoid hard questions. this it…,Non-disaster,0.4472444951534271,0.5411465167999268,0.011608956381678581,-0.43563553877174854,Neutral
5845,flood,If that had been the case then this would have made the whole place flood https://t.co/5A9L4XjLgD,if that had been the case then this would have made the whole place flood url,Non-disaster,0.7431010603904724,0.23978666961193085,0.017112253233790398,-0.725988807156682,Negative
5855,flood,Sleeping Through The Flood - Sticky Fingers https://t.co/oYSjEw6kmv,sleeping through the flood - sticky fingers url,Non-disaster,0.047773122787475586,0.8962985873222351,0.05592825636267662,0.008155133575201035,Neutral
5865,flooding,Storm Brendan causes severe gales and flooding across parts of Scotland. See more 👉 https://t.co/NRuo1XF03q https://t…,storm brendan causes severe gales and flooding across parts of scotland. see more 👉 url url,Disaster-related,0.5204378962516785,0.4643408954143524,0.01522121299058199,-0.5052166832610965,Negative
5868,flooding,Have you heard of Kalergi? If not then read what he wrote in his book about what he envisioned for the futur…,have you heard of kalergi? if not then read what he wrote in his book about what he envisioned for the futur…,Non-disaster,0.014366225339472294,0.8875024914741516,0.09813134372234344,0.08376511838287115,Neutral
5877,flooding,"Severe storm, flooding and heavy snowfall strike Hawaii - 22 inches of rain in 24 hours, snowdrifts at least 4 feet deep h…","severe storm, flooding and heavy snowfall strike hawaii - 22 inches of rain in 24 hours, snowdrifts at least 4 feet deep h…",Disaster-related,0.4641948342323303,0.5135071873664856,0.02229795977473259,-0.44189687445759773,Neutral
5880,flooding,Firefighters from South Yorkshire want dealing with flooding to be an official part of their responsibilites. At th… https://t.co/l1Izv3wefj,firefighters from south yorkshire want dealing with flooding to be an official part of their responsibilites. at th… url,Non-disaster,0.03957820311188698,0.890696108341217,0.06972568482160568,0.030147481709718704,Neutral
5883,flooding,🌧 Strong winds and heavy rain are forecast from today as #StormBrendan moves into the west of Britain. Check before you t…,🌧 strong winds and heavy rain are forecast from today as #stormbrendan moves into the west of britain. check before you t…,Disaster-related,0.49501049518585205,0.48444780707359314,0.020541729405522346,-0.4744687657803297,Negative
5894,flooding,"If you live in the #Nantwich area, pop the 15th January in your diary 📓! #TeamEA are hosting a drop-in session with our pa…","if you live in the #nantwich area, pop the 15th january in your diary 📓! #teamea are hosting a drop-in session with our pa…",Non-disaster,0.002948828972876072,0.7401474118232727,0.256903737783432,0.25395490881055593,Neutral
5896,flooding,#stormbrendan is upon us. Here are some of Aspray's top tips if the storm causing flooding to your property: https://t.c…,#stormbrendan is upon us. here are some of aspray's top tips if the storm causing flooding to your property: url,Non-disaster,0.15994441509246826,0.7628361582756042,0.07721937447786331,-0.08272504061460495,Neutral
5897,flooding,VENICE RUNS DRY: Gondolas stranded in mud just two months after severe flooding #venice #gondolas #flooding #beached #…,venice runs dry: gondolas stranded in mud just two months after severe flooding #venice #gondolas #flooding #beached #…,Disaster-related,0.7674005627632141,0.22447535395622253,0.008124108426272869,-0.7592764543369412,Negative
5901,flooding,"I’m pretty much resigned to muddy (knee length) boots &amp; trousers but, while considering my (and the dog’s) options for w…","i’m pretty much resigned to muddy (knee length) boots &amp; trousers but, while considering my (and the dog’s) options for w…",Non-disaster,0.20660074055194855,0.7215061187744141,0.07189319282770157,-0.13470754772424698,Neutral
5902,flooding,Citizens United wreaked havoc on our democracy. Democrats agree. We therefore better give some thought to 2 billionaires…,citizens united wreaked havoc on our democracy. democrats agree. we therefore better give some thought to 2 billionaires…,Non-disaster,0.8708731532096863,0.11986443400382996,0.0092623895034194,-0.8616107637062669,Negative
5905,flooding,"""We’re in a state of anxiety, shock &amp; grief. This is #ClimateChange. This is what a +1.5 degree world looks like"" …","""we’re in a state of anxiety, shock &amp; grief. this is #climatechange. this is what a +1.5 degree world looks like"" …",Disaster-related,0.8506115078926086,0.14039215445518494,0.008996345102787018,-0.8416151627898216,Negative
5918,floods,I want to help you with my project to save the Caribbean Sea from floods and hurricanes https://t.co/qD8Om9NqQK,i want to help you with my project to save the caribbean sea from floods and hurricanes url,Non-disaster,0.010086066089570522,0.3192910850048065,0.6706228256225586,0.6605367595329881,Positive
5919,floods,"Unprecedented floods are ravaging #Iran's Sistan &amp; Baluchistan province, with significant human &amp; material costs. Even as sear…","unprecedented floods are ravaging #iran's sistan &amp; baluchistan province, with significant human &amp; material costs. even as sear…",Disaster-related,0.7853960394859314,0.20632237195968628,0.008281555958092213,-0.7771144835278392,Negative
5922,floods,"Venice canals almost dry, two months after severe floods https://t.co/Qt0Il9semQ","venice canals almost dry, two months after severe floods url",Disaster-related,0.13706037402153015,0.7870651483535767,0.07587450742721558,-0.061185866594314575,Neutral
5928,floods,"Venice canals almost dry, two months after severe floods https://t.co/27zxHQQPc7","venice canals almost dry, two months after severe floods url",Disaster-related,0.13706037402153015,0.7870651483535767,0.07587450742721558,-0.061185866594314575,Neutral
5937,floods,Then told them they were all privileged idiots who cared more for their hobby than community safety. That the area… https://t.co/b8JLniR7lL,then told them they were all privileged idiots who cared more for their hobby than community safety. that the area… url,Non-disaster,0.8837359547615051,0.10869615525007248,0.007567866239696741,-0.8761680885218084,Negative
5944,floods,"Forests 🌳 buffer impact of storms &amp; floods 🌿 help address the climate crisis 🌲 provide shelter, jobs &amp; security for forest-dependen…","forests 🌳 buffer impact of storms &amp; floods 🌿 help address the climate crisis 🌲 provide shelter, jobs &amp; security for forest-dependen…",Non-disaster,0.03306502103805542,0.8315088748931885,0.13542607426643372,0.1023610532283783,Neutral
5946,floods,I want to help you with my proje… https://t.co/cw16DxeQZo,i want to help you with my proje… url,Non-disaster,0.006921169348061085,0.5251036882400513,0.4679751396179199,0.46105397026985884,Neutral
5949,floods,#stormbrendan is upon us. Here are some of Aspray's top tips if the storm causing flooding to your property:… https://t.co/kA4M6eV8oS,#stormbrendan is upon us. here are some of aspray's top tips if the storm causing flooding to your property:… url,Non-disaster,0.15138426423072815,0.7791972160339355,0.06941861659288406,-0.08196564763784409,Neutral
5953,floods,Let’s hope it floods the studios with creativity!,let’s hope it floods the studios with creativity!,Non-disaster,0.003026381367817521,0.03173106536269188,0.9652425050735474,0.9622161237057298,Positive
5954,floods,I can confirm #StormBrendan has arrived in Worcester. Awful conditions out so take it easy out there. On the roads? S…,i can confirm #stormbrendan has arrived in worcester. awful conditions out so take it easy out there. on the roads? s…,Disaster-related,0.8677030801773071,0.11923674494028091,0.013060244731605053,-0.8546428354457021,Negative
5956,floods,Birthday appeal to get Pokot children back to school after the floods. I would be really grateful of any help :) es… https://t.co/IqFSVPh3aa,birthday appeal to get pokot children back to school after the floods. i would be really grateful of any help :) es… url,Non-disaster,0.003521787468343973,0.04812939465045929,0.9483488202095032,0.9448270327411592,Positive
5958,forest fire,Precautionary measures taken by #karnatakaforest department to avoid forest fire Mathigodu forest area thithimati… https://t.co/7MV8mnxnD8,precautionary measures taken by #karnatakaforest department to avoid forest fire mathigodu forest area thithimati… url,Non-disaster,0.06140785291790962,0.8906696438789368,0.04792247340083122,-0.0134853795170784,Neutral
5963,forest fire,I'm taking this day off. Not going to do anything I'm supposed to do. I started w tea and breakfast by the Magic Fo… https://t.co/raNd1HtFCp,i'm taking this day off. not going to do anything i'm supposed to do. i started w tea and breakfast by the magic fo… url,Non-disaster,0.47742390632629395,0.48637089133262634,0.03620516508817673,-0.4412187412381172,Neutral
6010,forest fires,Pawcept: Australia and Amazon Forest Fires: Cheering the Ch... https://t.co/KxqLGw8eTt,pawcept: australia and amazon forest fires: cheering the ch... url,Disaster-related,0.015082379803061485,0.8958221673965454,0.08909536153078079,0.07401298172771931,Neutral
6013,forest fires,BBC News - Climate change: Australia fires will be 'normal' in warmer world https://t.co/R30bO3gmJc,bbc news - climate change: australia fires will be 'normal' in warmer world url,Non-disaster,0.013088778592646122,0.8788585066795349,0.10805264115333557,0.09496386256068945,Neutral
6039,hail,gang. ALL HAIL KING MAXELLLLLL,gang. all hail king maxellllll,Non-disaster,0.0059310984797775745,0.04187804087996483,0.9521908164024353,0.9462597179226577,Positive
6044,hail,"#Thunderstorms are possible across #Tasmania Wednesday afternoon after a warm, humid and smoky start to the day. Hail or short…","#thunderstorms are possible across #tasmania wednesday afternoon after a warm, humid and smoky start to the day. hail or short…",Disaster-related,0.14736393094062805,0.8175292611122131,0.0351068452000618,-0.11225708574056625,Neutral
6046,hail,i wanna tie up cuties and be tied up by cuties ideally with a prenegotiated understanding that we will successively tie up…,i wanna tie up cuties and be tied up by cuties ideally with a prenegotiated understanding that we will successively tie up…,Non-disaster,0.01068319845944643,0.16681654751300812,0.8225002884864807,0.8118170900270343,Positive
6048,hail,"Wintry skies, sleet, hail and the wind chill cutting through you like a knife, but there’s a kind of solace in the slowl…","wintry skies, sleet, hail and the wind chill cutting through you like a knife, but there’s a kind of solace in the slowl…",Non-disaster,0.41295430064201355,0.4968075752258301,0.0902380645275116,-0.32271623611450195,Neutral
6050,hail,Bernie ain’t gotta squash shit. She ended her campaign tonight. Either she sticks…,bernie ain’t gotta squash shit. she ended her campaign tonight. either she sticks…,Non-disaster,0.449241578578949,0.4972875118255615,0.05347089841961861,-0.39577068015933037,Neutral
6051,hail,All hail the Daudu https://t.co/FK2nvuIuV2 https://t.co/A5pdnC3s5h,all hail the daudu url url,Non-disaster,0.008167799562215805,0.46215885877609253,0.5296733379364014,0.5215055383741856,Positive
6061,hail,"Hail PLATO :: Each man is capable of doing one thing well. If he attempts several, he fails to achieve any. : PLATO…","hail plato :: each man is capable of doing one thing well. if he attempts several, he fails to achieve any. : plato…",Non-disaster,0.02606803923845291,0.2457507997751236,0.7281811237335205,0.7021130844950676,Positive
6069,hail,"Ladies &amp; Gentleman Pls Welcome The Full Metal Heart , The True LEGEND . One &amp; Only , #IStandWithVi…","ladies &amp; gentleman pls welcome the full metal heart , the true legend . one &amp; only , #istandwithvi…",Non-disaster,0.0022959979251027107,0.07291697710752487,0.9247870445251465,0.9224910466000438,Positive
6073,hail,"BBC bigging up the first serious 'in depth 'interview with PM Horace Johnson, with... .. .. .. . Dan Walker, who s… https://t.co/ibR2eNYMdu","bbc bigging up the first serious 'in depth 'interview with pm horace johnson, with... .. .. .. . dan walker, who s… url",Non-disaster,0.005474509205669165,0.910853385925293,0.08367215842008591,0.07819764921441674,Neutral
6080,hail,"""Those 10 plagues, including natural calamity from snow, rain, hail and earthquakes, are seen in the world to… https://t.co/m4zzWH700B","""those 10 plagues, including natural calamity from snow, rain, hail and earthquakes, are seen in the world to… url",Non-disaster,0.49351033568382263,0.4879043698310852,0.018585313111543655,-0.474925022572279,Negative
6086,hailstorm,"Can someone explain to me how I can sleep through a hailstorm, BUT wake up if someone walks into my room unannounced??…","can someone explain to me how i can sleep through a hailstorm, but wake up if someone walks into my room unannounced??…",Non-disaster,0.6111448407173157,0.37364915013313293,0.015206034295260906,-0.5959388064220548,Negative
6088,hailstorm,March 22 I will commemorate the Great Perth hailstorm at 4PM the time when the storm hit us causing billions…,march 22 i will commemorate the great perth hailstorm at 4pm the time when the storm hit us causing billions…,Disaster-related,0.05955205112695694,0.6981778740882874,0.24227005243301392,0.18271800130605698,Neutral
6104,hailstorm,Colorado Springs 8/6/2018 hailstorm getting recognition in significant weather events recap from - Doing 2018 rec…,colorado springs 8/6/2018 hailstorm getting recognition in significant weather events recap from - doing 2018 rec…,Disaster-related,0.015421074815094471,0.9159778952598572,0.06860104203224182,0.05317996721714735,Neutral
6106,hailstorm,i’m REALLY into King Princess rn!! idk if you’d consider her alt but I LOVE HER!!!! also if you like… https://t.co/2JETFBqq63,i’m really into king princess rn!! idk if you’d consider her alt but i love her!!!! also if you like… url,Non-disaster,0.003145338734611869,0.015005622059106827,0.9818490743637085,0.9787037356290966,Positive
6115,hailstorm,I guess I can't play my team on showdown. For some reason my G-max Lapras gets Max Hailstorm instead of G-Max Resonance,i guess i can't play my team on showdown. for some reason my g-max lapras gets max hailstorm instead of g-max resonance,Non-disaster,0.7488719820976257,0.23974819481372833,0.011379835195839405,-0.7374921469017863,Negative
6119,hailstorm,Oh no baby,oh no baby,Non-disaster,0.5232285857200623,0.35904374718666077,0.1177276000380516,-0.40550098568201065,Negative
6127,hailstorm,"i hate to take pictures , but you could see 1000 videos tho 😰🥰 https://t.co/2XgpZzFeom","i hate to take pictures , but you could see 1000 videos tho 😰🥰 url",Non-disaster,0.27701637148857117,0.2510221302509308,0.47196146845817566,0.1949450969696045,Positive
6134,hailstorm,Gyal: I ready for a man 😩 Every man except the one she throw that tweet for: https://t.co/1RHWJvjsS7,gyal: i ready for a man 😩 every man except the one she throw that tweet for: url,Non-disaster,0.4613100290298462,0.45213407278060913,0.08655586838722229,-0.3747541606426239,Negative
6135,hailstorm,The type of video I post after a breakup when I’m “supposed” to be crying https://t.co/hagn2d4jyS,the type of video i post after a breakup when i’m “supposed” to be crying url,Non-disaster,0.5891734957695007,0.3860589265823364,0.02476760372519493,-0.5644058920443058,Negative
6136,hailstorm,What does quoted replies do? What is it’s function?,what does quoted replies do? what is it’s function?,Non-disaster,0.13785168528556824,0.8394538164138794,0.022694582119584084,-0.11515710316598415,Neutral
6158,harm,That's why we never had a movement that normalizes suicidal tendencies and self… https://t.co/n3b9CfYJZJ,that's why we never had a movement that normalizes suicidal tendencies and self… url,Non-disaster,0.739915132522583,0.24806807935237885,0.012016749940812588,-0.7278983825817704,Negative
6168,harm,Interesting to calculate which group has caused most harm to human beings since 2010 a) extinction rebellion b) home of…,interesting to calculate which group has caused most harm to human beings since 2010 a) extinction rebellion b) home of…,Non-disaster,0.6377843022346497,0.3471440374851227,0.015071584843099117,-0.6227127173915505,Negative
6180,harm,"Yeah, absolutely. And it’s a disturbing trend for teenagers to be increasingly exposed to the physica… https://t.co/ipW8z48Hvb","yeah, absolutely. and it’s a disturbing trend for teenagers to be increasingly exposed to the physica… url",Non-disaster,0.7733243703842163,0.21494998037815094,0.011725680902600288,-0.761598689481616,Negative
6186,harm,I’d be a lot more concerned about uncle Andrew and his dead paedophile mate and the har… https://t.co/6QR6AwUSCM,i’d be a lot more concerned about uncle andrew and his dead paedophile mate and the har… url,Non-disaster,0.789075493812561,0.2022605836391449,0.008664005436003208,-0.7804114883765578,Negative
6192,harm,Brexit certainty fills the UK's exporters with a new determination. Certain that remaini… https://t.co/A5H3iUbA4m,brexit certainty fills the uk's exporters with a new determination. certain that remaini… url,Non-disaster,0.015335336327552795,0.5341098308563232,0.45055487751960754,0.43521954119205475,Neutral
6206,hazard,It's an occupational hazard. They must be ready for it.big ups to #ShowbizAgenda #Abor…,it's an occupational hazard. they must be ready for it.big ups to #showbizagenda #abor…,Non-disaster,0.061846207827329636,0.43576779961586,0.5023860335350037,0.440539825707674,Positive
6209,hazard,"""Politicians have taken away our right to protect ourselves.” Blue Mountains resident fought for permission for two and…","""politicians have taken away our right to protect ourselves.” blue mountains resident fought for permission for two and…",Non-disaster,0.834220290184021,0.15881973505020142,0.006959984544664621,-0.8272603056393564,Negative
6210,hazard,- Mourinho with managerial masterclass - Costa deadly in the box - Fabregas with numerous assists - Ivanovic with monste…,- mourinho with managerial masterclass - costa deadly in the box - fabregas with numerous assists - ivanovic with monste…,Non-disaster,0.004992596805095673,0.18837779760360718,0.8066296577453613,0.8016370609402657,Positive
6218,hazard,See how close you get to hazard with the ugprades,see how close you get to hazard with the ugprades,Non-disaster,0.026724623516201973,0.8726511001586914,0.10062433034181595,0.07389970682561398,Neutral
6257,hazardous,"Melbourne joins Sydney, Canberra and hundreds of regional towns having hazardous air quality Wonder who the climate denie…","melbourne joins sydney, canberra and hundreds of regional towns having hazardous air quality wonder who the climate denie…",Disaster-related,0.49818041920661926,0.48251116275787354,0.01930837891995907,-0.4788720402866602,Negative
6263,hazardous,The #airquality in Melbourne is hazardous today due to the bushfires. The advises Melburnians should try…,the #airquality in melbourne is hazardous today due to the bushfires. the advises melburnians should try…,Disaster-related,0.8380540609359741,0.15226511657238007,0.009680777788162231,-0.8283732831478119,Negative
6266,hazardous,"Further on this, I have received a little respiratory physiology tutorial explaining just how bad it is to expect e… https://t.co/IhkgDBcSla","further on this, i have received a little respiratory physiology tutorial explaining just how bad it is to expect e… url",Non-disaster,0.7547059655189514,0.2265104502439499,0.018783602863550186,-0.7359223626554012,Negative
6267,hazardous,Outrageous that tennis players were made to play when air quality conditions are rated between very poor &amp; hazardous. HAZARDO…,outrageous that tennis players were made to play when air quality conditions are rated between very poor &amp; hazardous. hazardo…,Non-disaster,0.9203683733940125,0.07299741357564926,0.00663422979414463,-0.9137341435998678,Negative
6290,hazardous,"44/ As I said at the top, these soil behaviors only happen if you include the hazardous dust mixed in the soil simu… https://t.co/ndQ7kGPLQ0","44/ as i said at the top, these soil behaviors only happen if you include the hazardous dust mixed in the soil simu… url",Non-disaster,0.5316154956817627,0.45464596152305603,0.013738523237407207,-0.5178769724443555,Negative
6300,hazardous,Masks should be prepared if you don't want to face hazardous circumstances.,masks should be prepared if you don't want to face hazardous circumstances.,Non-disaster,0.1968112736940384,0.7254979014396667,0.07769083976745605,-0.11912043392658234,Neutral
6302,hazardous,A few years ago I moved back to Melbourne from Seoul because the air pollution was making me sick. Today the air is ‘h…,a few years ago i moved back to melbourne from seoul because the air pollution was making me sick. today the air is ‘h…,Non-disaster,0.89253169298172,0.0975809171795845,0.009887369349598885,-0.8826443236321211,Negative
6307,hazardous,Can... We... Please... Stop... Calling... It... SMOKE HAZE... It’s HAZARDOUS AIR... &amp; it’s inflicting multi generatio…,can... we... please... stop... calling... it... smoke haze... it’s hazardous air... &amp; it’s inflicting multi generatio…,Non-disaster,0.9028162956237793,0.09161917120218277,0.005564522463828325,-0.897251773159951,Negative
6312,hazardous,The 'hazardous' air level due to the #bushfires in #Australia makes impossible to continue a match.… https://t.co/Po6AS1SwDp,the 'hazardous' air level due to the #bushfires in #australia makes impossible to continue a match.… url,Disaster-related,0.8336954116821289,0.1570412665605545,0.009263330139219761,-0.8244320815429091,Negative
6323,heat wave,Oshey! Heat wave 😒😒😒😒 Ps: IFB https://t.co/XnfQqB875J,oshey! heat wave 😒😒😒😒 ps: ifb url,Non-disaster,0.8335692882537842,0.14532987773418427,0.02110086940228939,-0.8124684188514948,Negative
6335,heat wave,"had some baby pigeons in eggs during our heatwave, and was sure they were goners. W… https://t.co/5NUSe820Xp","had some baby pigeons in eggs during our heatwave, and was sure they were goners. w… url",Non-disaster,0.5667128562927246,0.4102630615234375,0.023024139925837517,-0.5436887163668871,Negative
6338,heat wave,I can feel the heat wave! Harmattan is over,i can feel the heat wave! harmattan is over,Non-disaster,0.6369159817695618,0.2825503647327423,0.08053367584943771,-0.556382305920124,Negative
6340,heat wave,"I’m loving this heat wave of 10 degrees in Anchorage, AK. I even drove around with my windows rolled down. Yes, 10… https://t.co/5PWZOeYK4a","i’m loving this heat wave of 10 degrees in anchorage, ak. i even drove around with my windows rolled down. yes, 10… url",Non-disaster,0.0027594571001827717,0.01489483192563057,0.9823457598686218,0.979586302768439,Positive
6344,heat wave,heat wave | 📎 https://t.co/iYyS949Lgz https://t.co/kllagaVGtd,heat wave | 📎 url url,Non-disaster,0.13251301646232605,0.8253281712532043,0.04215880110859871,-0.09035421535372734,Neutral
6349,heat wave,"Bihar District Magistrate issued an order to close schools for ""heat wave."" In winter. Read: https://t.co/LXW1JF0TAW…","bihar district magistrate issued an order to close schools for ""heat wave."" in winter. read: url",Disaster-related,0.12219002842903137,0.8611200451850891,0.016689907759428024,-0.10550012066960335,Neutral
6352,heat wave,Next week boutta hit like a heat wave,next week boutta hit like a heat wave,Non-disaster,0.4196890890598297,0.4483620226383209,0.1319488137960434,-0.2877402752637863,Neutral
6357,heat wave,You’re obviously in an echo chamber with all your right wing mates. Must be nice… https://t.co/rdq5DJzFU8,you’re obviously in an echo chamber with all your right wing mates. must be nice… url,Non-disaster,0.5369656085968018,0.36728429794311523,0.09575004875659943,-0.44121555984020233,Negative
6366,heat wave,"talking heat wave, today’s high was 81 here 😆","talking heat wave, today’s high was 81 here 😆",Non-disaster,0.011971659027040005,0.39810359477996826,0.589924693107605,0.577953034080565,Positive
6372,hellfire,This paragraph tells you all you need to know about this non-story. They get fired up over the use of… https://t.co/uNwVQXi0Cs,this paragraph tells you all you need to know about this non-story. they get fired up over the use of… url,Non-disaster,0.5564670562744141,0.41899314522743225,0.024539755657315254,-0.5319273006170988,Negative
6378,hellfire,"Take a closer look at Benjamin Franklin, his involvement in the Hellfire Club, and the dozens of corpses later discove…","take a closer look at benjamin franklin, his involvement in the hellfire club, and the dozens of corpses later discove…",Non-disaster,0.14503110945224762,0.8380005359649658,0.016968386247754097,-0.12806272320449352,Neutral
6381,hellfire,"Take a closer look at Benjamin Franklin, his involvement in the Hellfire Club, and the dozens of corpses later disc… https://t.co/UoEAXKvKIR","take a closer look at benjamin franklin, his involvement in the hellfire club, and the dozens of corpses later disc… url",Non-disaster,0.10298686474561691,0.8816438913345337,0.015369237400591373,-0.08761762734502554,Neutral
6387,hellfire,⚜️ LATEST UPDATE ⚜️ New Hero Painted Skin for Irithel - Hellfire [Ice Spike] is now Available in Shop. 🔻 Mobile Le… https://t.co/pvisjkG5rA,⚜️ latest update ⚜️ new hero painted skin for irithel - hellfire [ice spike] is now available in shop. 🔻 mobile le… url,Non-disaster,0.0031405710615217686,0.8990402817726135,0.09781920909881592,0.09467863803729415,Neutral
6389,hellfire,NowPlaying Sasquatch - Listen https://t.co/Fr6XHLhZ5h hosted by DJ Greenguy and DJ King Assassin 08:05,nowplaying sasquatch - listen url hosted by dj greenguy and dj king assassin 08:05,Non-disaster,0.00618063285946846,0.9216009378433228,0.07221844792366028,0.06603781506419182,Neutral
6396,hellfire,"Ya Allah, forgive my brothers &amp; sisters for their sins &amp; save them from the hellfire, the trials of this life &amp; punishment…","ya allah, forgive my brothers &amp; sisters for their sins &amp; save them from the hellfire, the trials of this life &amp; punishment…",Non-disaster,0.5881396532058716,0.32562217116355896,0.08623811602592468,-0.5019015371799469,Negative
6426,hijack,not to hijack this tweet for my own purposes but... kim sunggyu the live. now. https://t.co/RlLPO7XtiG,not to hijack this tweet for my own purposes but... kim sunggyu the live. now. url,Non-disaster,0.0632302463054657,0.875939667224884,0.06083010137081146,-0.002400144934654236,Neutral
6434,hijack,No stop! Before you hijack all the Doctors. We gonna need them come Saturday to resuscitate…,no stop! before you hijack all the doctors. we gonna need them come saturday to resuscitate…,Non-disaster,0.5569549202919006,0.3845064342021942,0.05853860825300217,-0.49841631203889847,Negative
6450,hijack,I don't know where most people under this tweet hear or see Agbero vote before .. Tinubu have never encourage Agber… https://t.co/EKV7CUjqrd,i don't know where most people under this tweet hear or see agbero vote before .. tinubu have never encourage agber… url,Non-disaster,0.5013496279716492,0.4801805317401886,0.018469838425517082,-0.4828797895461321,Negative
6458,hijack,Him: I can hijack a plane for you Her: You can't hijack even the small things around you Him: https://t.co/HIh7YrklP8,him: i can hijack a plane for you her: you can't hijack even the small things around you him: url,Non-disaster,0.16201366484165192,0.7119239568710327,0.12606234848499298,-0.035951316356658936,Neutral
6459,hijacker,That whole hijacker thing though is a hoax. No Arabs are hijacking planes with box cutters. Never happened.,that whole hijacker thing though is a hoax. no arabs are hijacking planes with box cutters. never happened.,Non-disaster,0.8205384016036987,0.16876371204853058,0.010697796940803528,-0.8098406046628952,Negative
6500,hijacker,"“Other crimes may have victims, and yet [Lex Talionis] offers no advice about their punishment. What to do with a h… https://t.co/ewnIGNsIiR","“other crimes may have victims, and yet [lex talionis] offers no advice about their punishment. what to do with a h… url",Non-disaster,0.7740607857704163,0.2201366424560547,0.005802649073302746,-0.7682581366971135,Negative
6501,hijacker,"John Brennan, the guy who signed the Saudi 9/11 Hijacker Passports into the US so they could rece…","john brennan, the guy who signed the saudi 9/11 hijacker passports into the us so they could rece…",Non-disaster,0.4599711000919342,0.5234468579292297,0.016582045704126358,-0.44338905438780785,Neutral
6515,hijacking,"There is a dark state persisting in our country, hijacking the majority religion and playing w… https://t.co/NGSz3KjgMJ","there is a dark state persisting in our country, hijacking the majority religion and playing w… url",Non-disaster,0.8981252312660217,0.09694138914346695,0.004933391697704792,-0.8931918395683169,Negative
6524,hijacking,Not OK: Racists cynically market hate by hijacking mainstream symbolism https://t.co/IrKGuJ9SG9,not ok: racists cynically market hate by hijacking mainstream symbolism url,Non-disaster,0.8778286576271057,0.11649025231599808,0.005681129638105631,-0.8721475279890001,Negative
6525,hijacking,"I won’t lie, Roodepoort hijacking’s are different. All those niggas need is 3 minutes https://t.co/blYVEIzNIy","i won’t lie, roodepoort hijacking’s are different. all those niggas need is 3 minutes url",Non-disaster,0.3196866810321808,0.5775687098503113,0.10274454951286316,-0.21694213151931763,Neutral
6552,hijacking,"Along w/ the US Treas Dept taking the people's money and manipulating up the stock market, the Fed hija…","along w/ the us treas dept taking the people's money and manipulating up the stock market, the fed hija…",Non-disaster,0.6825147271156311,0.30299752950668335,0.014487707056105137,-0.668027020059526,Negative
6559,hostage,"US, China cannot sign a long term trade deal and bury the hatchet unless the Trump administration asks Canada to free comp…","us, china cannot sign a long term trade deal and bury the hatchet unless the trump administration asks canada to free comp…",Non-disaster,0.4574008285999298,0.5218124985694885,0.020786644890904427,-0.4366141837090254,Neutral
6561,hostage,Listen to Danrell x Småland - Hostage by HIGH ON MUSIC #SoundCloud https://t.co/eQQkeGeH3i,listen to danrell x småland - hostage by high on music #soundcloud url,Non-disaster,0.0045936694368720055,0.8936935663223267,0.10171286016702652,0.09711919073015451,Neutral
6571,hostage,What's Jamia even protesting about? 4 pieces of proof you must watch on tonight’s Agenda. Why hold campuses hostage? Is it pr…,what's jamia even protesting about? 4 pieces of proof you must watch on tonight’s agenda. why hold campuses hostage? is it pr…,Non-disaster,0.7048883438110352,0.2820020616054535,0.013109576888382435,-0.6917787669226527,Negative
6572,hostage,"We Iranians are held hostage to the Islamic Republic #irAn, the terrorist father of the #world. But the #terrorist… https://t.co/ZdTMqxCeu5","we iranians are held hostage to the islamic republic #iran, the terrorist father of the #world. but the #terrorist… url",Non-disaster,0.8745589852333069,0.11971920728683472,0.005721899215131998,-0.8688370860181749,Negative
6578,hostage,"In his address...Nigusu Tilahun didn't mention how the government had found the students, who had kidnapped them, what men…","in his address...nigusu tilahun didn't mention how the government had found the students, who had kidnapped them, what men…",Non-disaster,0.48562750220298767,0.5044000148773193,0.009972501546144485,-0.4756550006568432,Neutral
6579,hostage,"""Will she ever get home?"" Richard Ratcliffe's wife Nazanin Zaghari-Ratcliffe has been in prison in Iran since 2016. H…","""will she ever get home?"" richard ratcliffe's wife nazanin zaghari-ratcliffe has been in prison in iran since 2016. h…",Disaster-related,0.5992370843887329,0.39318203926086426,0.007580844219774008,-0.5916562401689589,Negative
6598,hostage,The US is a proxy for the Rothschild banking cartel. How else could they block Iraq's accounts? https://t.co/rOAD3GVBzx U…,the us is a proxy for the rothschild banking cartel. how else could they block iraq's accounts? url u…,Non-disaster,0.7203637957572937,0.2712136507034302,0.008422603830695152,-0.7119411919265985,Negative
6599,hostage,The US and UK are now full-blown terrorist states holding a journalist hostage. https://t.co/UAi3C8JyFR,the us and uk are now full-blown terrorist states holding a journalist hostage. url,Non-disaster,0.8891361951828003,0.10522530227899551,0.00563847878947854,-0.8834977163933218,Negative
6605,hostage,This chat is boring. Is Sipho being held hostage? Isn’t he a grown ass man with free will? The problem is Sipho wan… https://t.co/16jMikmzE0,this chat is boring. is sipho being held hostage? isn’t he a grown ass man with free will? the problem is sipho wan… url,Non-disaster,0.9259306192398071,0.06930170208215714,0.004767770413309336,-0.9211628488264978,Negative
6615,hostage,"All true, but the ALP is also hostage to many of the same denialist forces and vested interes… https://t.co/EAe9BA8U6U","all true, but the alp is also hostage to many of the same denialist forces and vested interes… url",Non-disaster,0.6004800796508789,0.38521042466163635,0.014309526421129704,-0.5861705532297492,Negative
6622,hostage,From CTmagazine: RT FrAustinMurphy: This is the story that the earlier quote was from. This pastor used his hostage… https://t.co/2fMUVj1rl0,from ctmagazine: rt fraustinmurphy: this is the story that the earlier quote was from. this pastor used his hostage… url,Non-disaster,0.0753210186958313,0.9110787510871887,0.013600293546915054,-0.061720725148916245,Neutral
6626,hostage,"Trump wants to take away your health care, writes, ""but he doesn’t want you to see him doing it until the elec…","trump wants to take away your health care, writes, ""but he doesn’t want you to see him doing it until the elec…",Non-disaster,0.7077542543411255,0.27994537353515625,0.012300308793783188,-0.6954539455473423,Negative
6633,hostage,The Catalan MEPs Puigdemont and arriving to the European Parliament in Strasbourg. But Spanish justice…,the catalan meps puigdemont and arriving to the european parliament in strasbourg. but spanish justice…,Non-disaster,0.03919583559036255,0.9236529469490051,0.03715125471353531,-0.00204458087682724,Neutral
6642,hostages,"Watch ""Hostages"" series on Netflix, Session 1 the best Session 2 somewhat best Learned one more thing Hebrew are w… https://t.co/upMbRo8Kt6","watch ""hostages"" series on netflix, session 1 the best session 2 somewhat best learned one more thing hebrew are w… url",Non-disaster,0.002777771558612585,0.1334008276462555,0.8638214468955994,0.8610436753369868,Positive
6643,hostages,In my homebrew there is a bounty hunter he and his coworkers went to the witches quarter to help save a… https://t.co/rWnhbt74IW,in my homebrew there is a bounty hunter he and his coworkers went to the witches quarter to help save a… url,Non-disaster,0.0209842287003994,0.8500206470489502,0.1289951652288437,0.10801093652844429,Neutral
6645,hostages,"72 hours later, the whereabouts of any of the supposedly freed students haven't been revealed. None of the families… https://t.co/MV569iGxrG","72 hours later, the whereabouts of any of the supposedly freed students haven't been revealed. none of the families… url",Disaster-related,0.6085304021835327,0.3841535747051239,0.007315952796489,-0.6012144493870437,Negative
6679,hostages,I bet it did watching a peanut farmer trying to gain the release of… https://t.co/nxik5xUGu7,i bet it did watching a peanut farmer trying to gain the release of… url,Non-disaster,0.19838330149650574,0.7125036120414734,0.08911307901144028,-0.10927022248506546,Neutral
6686,hostages,Young babies taken away from their nursing moms 2 be hostages for rest of their lifes #BABYKILLERS #SOULEATERS https://…,young babies taken away from their nursing moms 2 be hostages for rest of their lifes #babykillers #souleaters url,Disaster-related,0.8410288691520691,0.1527254730463028,0.006245562341064215,-0.8347833068110049,Negative
6687,hostages,"My colourised footage of the British Pathé film ""Guerilla Warfare In Ireland (1922)"" which shows the treatment of hostages…","my colourised footage of the british pathé film ""guerilla warfare in ireland (1922)"" which shows the treatment of hostages…",Disaster-related,0.09020840376615524,0.8905107975006104,0.019280772656202316,-0.07092763110995293,Neutral
6690,hostages,It is hard to imagine that no hostages ever fainted in that situation,it is hard to imagine that no hostages ever fainted in that situation,Non-disaster,0.7370446920394897,0.24532391130924225,0.017631372436881065,-0.7194133196026087,Negative
6705,hurricane,"Trump says there was an imminent threat, but there wasn’t. Trump said Alabama was in the path of Hurricane Dorian, but…","trump says there was an imminent threat, but there wasn’t. trump said alabama was in the path of hurricane dorian, but…",Non-disaster,0.39852339029312134,0.5714178085327148,0.030058788135647774,-0.36846460215747356,Neutral
6707,hurricane,"Good. I slept through the 1987 hurricane, opened my front door the following morning and wondered w… https://t.co/UFawZpoksx","good. i slept through the 1987 hurricane, opened my front door the following morning and wondered w… url",Non-disaster,0.025170952081680298,0.3993718922138214,0.5754571557044983,0.550286203622818,Positive
6713,hurricane,"First the hurricane, now the earthquakes. Disaster capitalism and how it functions in the cultural sector. https://t.co/x65…","first the hurricane, now the earthquakes. disaster capitalism and how it functions in the cultural sector. url",Non-disaster,0.7514908313751221,0.23871387541294098,0.009795269928872585,-0.7416955614462495,Negative
6725,hurricane,. Playlist: Neil Young &amp; Crazy Horse—Like A Hurricane [Live]. Streaming at https://t.co/nwsz5mQoMl,. playlist: neil young &amp; crazy horse—like a hurricane [live]. streaming at url,Non-disaster,0.006042785011231899,0.9340194463729858,0.059937845915555954,0.053895060904324055,Neutral
6726,hurricane,The Flood Advisory continues for The Duck River Near Hurricane Mills * Until this afternoon. * At 2 AM Tuesday th… https://t.co/qCWIIGoHjx,the flood advisory continues for the duck river near hurricane mills * until this afternoon. * at 2 am tuesday th… url,Non-disaster,0.05577489361166954,0.9241093397140503,0.020115746185183525,-0.035659147426486015,Neutral
6728,hurricane,"Bogus, Dem-funded Steele dossier was lone FBI source used to launch Trump conspiracy probe - https://t.co/E9VqRMHmzi","bogus, dem-funded steele dossier was lone fbi source used to launch trump conspiracy probe - url",Non-disaster,0.44711068272590637,0.5344002842903137,0.018489057198166847,-0.4286216255277395,Neutral
6729,hurricane,Jill the squirrel can't be without her teddy bear following rescue from a hurricane. Traumatized humans deserve the same c…,jill the squirrel can't be without her teddy bear following rescue from a hurricane. traumatized humans deserve the same c…,Disaster-related,0.7850162386894226,0.19698162376880646,0.01800214871764183,-0.7670140899717808,Negative
6731,hurricane,"In the wake of Hurricane Harvey, grew its volunteer base from 8 to over 83,000 to rebuild Houston -- u… https://t.co/Q5KCyXoYIq","in the wake of hurricane harvey, grew its volunteer base from 8 to over 83,000 to rebuild houston -- u… url",Disaster-related,0.018236396834254265,0.8560434579849243,0.12572011351585388,0.10748371668159962,Neutral
6735,hurricane,"Reasons to be excited about 2020, part 4: 's translation of Fernanda Melchor's HURRICANE SEASON is co… https://t.co/szB2fu6c6b","reasons to be excited about 2020, part 4: 's translation of fernanda melchor's hurricane season is co… url",Non-disaster,0.0017805793322622776,0.03801499307155609,0.9602044224739075,0.9584238431416452,Positive
6741,hurricane,But but: a hurricane is also a spiral!,but but: a hurricane is also a spiral!,Non-disaster,0.3290333151817322,0.58967125415802,0.08129538595676422,-0.24773792922496796,Neutral
6744,hurricane,":) it wasn't me!! The US has been doing this for a while, I think they're called various… https://t.co/RT5twuSVv8",":) it wasn't me!! the us has been doing this for a while, i think they're called various… url",Non-disaster,0.02631809562444687,0.5194700956344604,0.4542118310928345,0.4278937354683876,Neutral
6747,hurricane,***MAJOR ANNOUNCEMENT*** The Producers at Rockfest Concerts are proud to announce their collaboration with The City of…,***major announcement*** the producers at rockfest concerts are proud to announce their collaboration with the city of…,Non-disaster,0.0013718815753236413,0.06181599572300911,0.9368121027946472,0.9354402212193236,Positive
6763,injured,"Lovren, Shaqiri, Keita have all been injured at certain points and their replacements have come in an… https://t.co/KCZeH521Gj","lovren, shaqiri, keita have all been injured at certain points and their replacements have come in an… url",Disaster-related,0.4347429871559143,0.5538828372955322,0.011374164372682571,-0.42336882278323174,Neutral
6787,injured,Colorado police arrest suspect after 8 injured in apparent ‘random’ stabbing – National https://t.co/rD4WpnroQf,colorado police arrest suspect after 8 injured in apparent ‘random’ stabbing – national url,Disaster-related,0.3916037380695343,0.5962628126144409,0.012133413925766945,-0.37947032414376736,Neutral
6791,injured,"A child, little Richard Clarke, 7 years old, was murdered on 14th January, by a bomb placed in a ventilator and a lady was in…","a child, little richard clarke, 7 years old, was murdered on 14th january, by a bomb placed in a ventilator and a lady was in…",Disaster-related,0.8311192393302917,0.1618334800004959,0.007047243881970644,-0.8240719954483211,Negative
6801,injuries,🚨 FIVE TO FOLLOW: 🏏 🏏 🏏 Audition tape for and 20/20 match next week. If there are any last minute injuries…,🚨 five to follow: 🏏 🏏 🏏 audition tape for and 20/20 match next week. if there are any last minute injuries…,Non-disaster,0.1470877230167389,0.8384344577789307,0.014477862976491451,-0.13260986004024744,Neutral
6814,injuries,"and some players are not up to scratch John Stones, Mendy for me haven't been good enough this season… https://t.co/L2w1GzgoV6","and some players are not up to scratch john stones, mendy for me haven't been good enough this season… url",Non-disaster,0.7175281047821045,0.26166391372680664,0.020807962864637375,-0.6967201419174671,Negative
6815,injuries,North East Wales Search and Rescue lower mountain biker with multiple injuries 100m down muddy forest slope to safe… https://t.co/m1O2RwC7xu,north east wales search and rescue lower mountain biker with multiple injuries 100m down muddy forest slope to safe… url,Disaster-related,0.19142217934131622,0.7814236879348755,0.027154171839356422,-0.1642680075019598,Neutral
6826,injuries,We need options for rotation it’s the reason we got some injuries lack of rotation,we need options for rotation it’s the reason we got some injuries lack of rotation,Non-disaster,0.6316627264022827,0.34975773096084595,0.018579548224806786,-0.6130831781774759,Negative
6829,injuries,Angkas once again suffering from back injuries for carrying the Ph government https://t.co/TzCr3sUjEo,angkas once again suffering from back injuries for carrying the ph government url,Disaster-related,0.687321662902832,0.29892703890800476,0.01375132892280817,-0.6735703339800239,Negative
6833,injuries,"Gonna say it again, there's plenty of talent on this squad and there's nothing I want more than winning basketball I…","gonna say it again, there's plenty of talent on this squad and there's nothing i want more than winning basketball i…",Non-disaster,0.010881025344133377,0.054190777242183685,0.9349282383918762,0.9240472130477428,Positive
6839,injuries,I hope today finds you recovering from your injuries.,i hope today finds you recovering from your injuries.,Non-disaster,0.042099252343177795,0.36267396807670593,0.5952267646789551,0.5531275123357773,Positive
6846,injuries,Are you interested in a career in healthcare? A career as a paramedic could suit you! Paramedics provide an immediate r…,are you interested in a career in healthcare? a career as a paramedic could suit you! paramedics provide an immediate r…,Non-disaster,0.005760922562330961,0.21982239186763763,0.7744166851043701,0.7686557625420392,Positive
6850,injury,Anyone who can't see this team is special hasn't been watching basketball... Dan I tol… https://t.co/ntT5mzavMV,anyone who can't see this team is special hasn't been watching basketball... dan i tol… url,Non-disaster,0.09549494832754135,0.41682448983192444,0.4876806139945984,0.39218566566705704,Positive
6854,injury,Suarez’s injury is a blessing in disguise for Setien. He’s not forced to start Suarez every game subsequently giving Fati…,suarez’s injury is a blessing in disguise for setien. he’s not forced to start suarez every game subsequently giving fati…,Disaster-related,0.17240481078624725,0.6992855668067932,0.12830962240695953,-0.04409518837928772,Neutral
6883,injury,"Huge news for #LFC - Fabinho is back, could be involved v Man U on Sunday...and will start in the FA Cup the following w…","huge news for #lfc - fabinho is back, could be involved v man u on sunday...and will start in the fa cup the following w…",Non-disaster,0.0014221075689420104,0.08554967492818832,0.9130281805992126,0.9116060730302706,Positive
6884,injury,Basic research on aquarium fish can help spinal cord injury. Professor Abdel El Manira at Karolinska Institutet is… https://t.co/28ZUV55gt8,basic research on aquarium fish can help spinal cord injury. professor abdel el manira at karolinska institutet is… url,Non-disaster,0.009078365750610828,0.7668163776397705,0.22410522401332855,0.21502685826271772,Neutral
6885,injury,"I wish injury on no man, but coach always said Eyes to the Sky!!! Keep your head up while your tackling kids!!","i wish injury on no man, but coach always said eyes to the sky!!! keep your head up while your tackling kids!!",Non-disaster,0.12476662546396255,0.35805925726890564,0.5171740651130676,0.39240743964910507,Positive
6924,inundated,"We need a man only thread here for us women.....sexy smiles, stuble, beards, muscles, dad bods. Go! 👀 (Dick pics blocked) B…","we need a man only thread here for us women.....sexy smiles, stuble, beards, muscles, dad bods. go! 👀 (dick pics blocked) b…",Non-disaster,0.09265987575054169,0.5135528445243835,0.39378729462623596,0.3011274188756943,Neutral
6928,inundated,Seeing people hate Black women for no other reason than our existence is exhausting &amp; takes a toll. I feel physically i…,seeing people hate black women for no other reason than our existence is exhausting &amp; takes a toll. i feel physically i…,Non-disaster,0.9392082691192627,0.05603981018066406,0.004751960281282663,-0.93445630883798,Negative
6931,inundated,"Texas Governor Greg Abbott (R) is the first governor in the United States to halt refugee resettlement in his state, a m…","texas governor greg abbott (r) is the first governor in the united states to halt refugee resettlement in his state, a m…",Non-disaster,0.3992360532283783,0.588969886302948,0.011794074438512325,-0.38744197878986597,Neutral
6934,inundated,It’s not just Australia that’s having a rough start to the new year. Indonesia’s sinking capital of Jakarta and the surro…,it’s not just australia that’s having a rough start to the new year. indonesia’s sinking capital of jakarta and the surro…,Disaster-related,0.9119505286216736,0.08275358378887177,0.005295813083648682,-0.9066547155380249,Negative
6943,inundated,"WHY. WHY isn’t this an explosive scandal. Yes, I know we’re all absolutely inundated, but this shoul… https://t.co/KJCJnFtLz0","why. why isn’t this an explosive scandal. yes, i know we’re all absolutely inundated, but this shoul… url",Non-disaster,0.8893250823020935,0.10167801380157471,0.008996948599815369,-0.8803281337022781,Negative
6949,inundated,"Current utilities field #workforcemanagement is inundated with manual, disconnected processes that are less than optimal. With…","current utilities field #workforcemanagement is inundated with manual, disconnected processes that are less than optimal. with…",Non-disaster,0.7908090353012085,0.1983555406332016,0.010835395194590092,-0.7799736401066184,Negative
6964,inundated,Have you been completely inundated yet?,have you been completely inundated yet?,Non-disaster,0.2561127245426178,0.7102277278900146,0.03365950658917427,-0.22245321795344353,Neutral
6965,inundated,It’s not just Australia — Indonesia is facing its own climate disaster. The sinking capital of Jakarta and the surrounding ar…,it’s not just australia — indonesia is facing its own climate disaster. the sinking capital of jakarta and the surrounding ar…,Disaster-related,0.8697390556335449,0.12193895876407623,0.008321925066411495,-0.8614171305671334,Negative
6969,inundated,"No, I still do, I just don't talk about it very much on here because me DM's got inundated by people trying to sell me picks.","no, i still do, i just don't talk about it very much on here because me dm's got inundated by people trying to sell me picks.",Non-disaster,0.2180853635072708,0.709376871585846,0.07253776490688324,-0.14554759860038757,Neutral
6980,inundation,Surely spiders don't generally have any problems with water? Actually many arthropods hav… https://t.co/KlTgpnKlXs,surely spiders don't generally have any problems with water? actually many arthropods hav… url,Non-disaster,0.12000498920679092,0.8117079734802246,0.06828707456588745,-0.05171791464090347,Neutral
6984,inundation,"I'll add that irresponsibility didn't begin in 1630. It began (at least) in 2005, upon EPA studie… https://t.co/OkSJkhtIfy","i'll add that irresponsibility didn't begin in 1630. it began (at least) in 2005, upon epa studie… url",Non-disaster,0.2739073634147644,0.6936639547348022,0.03242867812514305,-0.24147868528962135,Neutral
6992,inundation,Sweetly remembered echoes fade with chronological inundation. Nostalgia is falling from the highest precipice and being…,sweetly remembered echoes fade with chronological inundation. nostalgia is falling from the highest precipice and being…,Non-disaster,0.6236898303031921,0.3415426015853882,0.03476758301258087,-0.5889222472906113,Negative
6995,inundation,https://t.co/UZD3LBxir8 Del Puerto Cyn is the 3rd most diverse birding spot in all of Stanislaus County. And now a… https://t.co/EJlr6iAgpS,url del puerto cyn is the 3rd most diverse birding spot in all of stanislaus county. and now a… url,Non-disaster,0.0029700391460210085,0.521161675453186,0.47586822509765625,0.47289818595163524,Neutral
7004,inundation,John McHenry long time #WRFHydro community member presenting on flood inundation case study for hurricane Florence… https://t.co/7T4TenrZMl,john mchenry long time #wrfhydro community member presenting on flood inundation case study for hurricane florence… url,Non-disaster,0.01368172001093626,0.9399266242980957,0.04639168828725815,0.03270996827632189,Neutral
7009,inundation,#StormBrendan weather may combine with high spring tides to cause coastal flooding inundation and wave overtopping… https://t.co/LAUj7ZRhdQ,#stormbrendan weather may combine with high spring tides to cause coastal flooding inundation and wave overtopping… url,Disaster-related,0.413440465927124,0.5722268223762512,0.01433266419917345,-0.3991078017279506,Neutral
7020,inundation,Which one wins--Christine McVie's Dickinsonian idiom of choice vs. inundation; or Stevie Nicks's vernacular of spel… https://t.co/d5tdpizICf,which one wins--christine mcvie's dickinsonian idiom of choice vs. inundation; or stevie nicks's vernacular of spel… url,Non-disaster,0.04532865434885025,0.8723664879798889,0.08230482786893845,0.036976173520088196,Neutral
7025,inundation,The ending of FOM is a gain in itself. The inundation of the UK by EU member state immigrants may n… https://t.co/uattVqSdLw,the ending of fom is a gain in itself. the inundation of the uk by eu member state immigrants may n… url,Non-disaster,0.02723628655076027,0.7606679797172546,0.2120957225561142,0.18485943600535393,Neutral
7046,inundation,“The new normal” slogan suggests climate change is done. So get used to what it is now. If the LNP truely believed… https://t.co/0YMpC7Suvp,“the new normal” slogan suggests climate change is done. so get used to what it is now. if the lnp truely believed… url,Non-disaster,0.42899876832962036,0.5393800139427185,0.031621214002370834,-0.3973775543272495,Neutral
7055,landslide,We wanted to entertain you all with a good movie on Sankranthi festival. And you gave us a Landslide Victory as return…,we wanted to entertain you all with a good movie on sankranthi festival. and you gave us a landslide victory as return…,Non-disaster,0.00390495453029871,0.03645282983779907,0.959642231464386,0.9557372769340873,Positive
7058,landslide,"Whether it’s on the streets of #HongKong, the landslide victory of an anti-China candidate in #Taiwan, or the anti-regim…","whether it’s on the streets of #hongkong, the landslide victory of an anti-china candidate in #taiwan, or the anti-regim…",Non-disaster,0.2550869584083557,0.6872687339782715,0.05764429271221161,-0.1974426656961441,Neutral
7067,landslide,"4 years in control of Labour Party, growing to biggest party in Europe. Winning two leadership elections by a landslide. 1…","4 years in control of labour party, growing to biggest party in europe. winning two leadership elections by a landslide. 1…",Non-disaster,0.003015815047547221,0.07068473845720291,0.9262993931770325,0.9232835781294852,Positive
7072,landslide,#WhatIllWatchOverAndOverAgain And Over And Over And Over Again!!! The Poster Child Of The Liberals! Can You Trigger A…,#whatillwatchoverandoveragain and over and over and over again!!! the poster child of the liberals! can you trigger a…,Non-disaster,0.8475005626678467,0.13236859440803528,0.02013077586889267,-0.827369786798954,Negative
7076,landslide,It's about time Sir Paul B began raising serious points about… https://t.co/gXNEScaQoW,it's about time sir paul b began raising serious points about… url,Non-disaster,0.070851631462574,0.8424009084701538,0.0867474377155304,0.01589580625295639,Neutral
7078,landslide,"Death toll jumps to 35 across Pakistan as rain triggers landslide, avalanches https://t.co/OyPtvd0Ewj","death toll jumps to 35 across pakistan as rain triggers landslide, avalanches url",Disaster-related,0.7854838967323303,0.20587943494319916,0.008636746555566788,-0.7768471501767635,Negative
7080,landslide,In your dreams. and the will win 2020 I. The biggest landslide ever. …,in your dreams. and the will win 2020 i. the biggest landslide ever. …,Non-disaster,0.003638686379417777,0.06328164041042328,0.9330796599388123,0.9294409735593945,Positive
7085,lava,VIDEO: Volcano in the Galapagos erupts. Lava and smoke belches out of a volcano on Fernandina island in the Galapagos. Althoug…,video: volcano in the galapagos erupts. lava and smoke belches out of a volcano on fernandina island in the galapagos. althoug…,Disaster-related,0.1167784109711647,0.86027592420578,0.022945720702409744,-0.09383269026875496,Neutral
7091,lava,"The island is home to a number of species, including iguanas, penguins, flightless cormorants and rats. https://t.co/YatZQSIK4u","the island is home to a number of species, including iguanas, penguins, flightless cormorants and rats. url",Non-disaster,0.011581293307244778,0.8647170662879944,0.12370162457227707,0.11212033126503229,Neutral
7096,lava,Tune Hotter Than Lava 🔥🙆🏾‍♂️ #More Produced By The Original BeatGod #20PLENTY https://t.co/Q3eJ5iBBCT,tune hotter than lava 🔥🙆🏾‍♂️ #more produced by the original beatgod #20plenty url,Non-disaster,0.005776344798505306,0.16998177766799927,0.8242418766021729,0.8184655318036675,Positive
7099,lava,Alofa Anna! Will definitely let our team know. Fa’afetai tele lava ❤️,alofa anna! will definitely let our team know. fa’afetai tele lava ❤️,Non-disaster,0.003736537881195545,0.10632834583520889,0.8899350762367249,0.8861985383555293,Positive
7113,lightning,I was once roping someone down a steep bit on Sgurr nan Gillean when my beard and hairs on my arm s… https://t.co/6yIAnWm2ae,i was once roping someone down a steep bit on sgurr nan gillean when my beard and hairs on my arm s… url,Non-disaster,0.20811718702316284,0.7586498260498047,0.03323306515812874,-0.1748841218650341,Neutral
7116,lightning,Yesterday’s lightning and thunderstorms turned everyone here into born again😂 not that it’s funny but people prayed in to…,yesterday’s lightning and thunderstorms turned everyone here into born again😂 not that it’s funny but people prayed in to…,Disaster-related,0.47487780451774597,0.410110205411911,0.11501196771860123,-0.35986583679914474,Negative
7131,lightning,"We’re ready at the Flagship Microsoft store London too! Come and join us for lightning workshops, Minecraft:Education edition ta…","we’re ready at the flagship microsoft store london too! come and join us for lightning workshops, minecraft:education edition ta…",Non-disaster,0.0014774355804547668,0.13479775190353394,0.8637248277664185,0.8622473921859637,Positive
7137,lightning,OpenNode has processed over 118k Lightning Transactions. That's less ~28MB on the Bitcoin Blockchain via /r/Bitcoin https://t.co/9H2pSwEiYA,opennode has processed over 118k lightning transactions. that's less ~28mb on the bitcoin blockchain via /r/bitcoin url,Non-disaster,0.009125510230660439,0.7873006463050842,0.20357383787631989,0.19444832764565945,Neutral
7152,lightning,This team is better and built from the ground up for sustained success. 2012 caught lightning in a bottle…,this team is better and built from the ground up for sustained success. 2012 caught lightning in a bottle…,Non-disaster,0.016252079978585243,0.09352370351552963,0.8902242183685303,0.873972138389945,Positive
7154,lightning,"Some manufacturers have done it: notably Energica, Lightning, Harley Davidson, using CCS… https://t.co/8JZulTQZXY","some manufacturers have done it: notably energica, lightning, harley davidson, using ccs… url",Non-disaster,0.00696750171482563,0.8212825059890747,0.17175006866455078,0.16478256694972515,Neutral
7159,lightning,We love lightning ⚡️,we love lightning ⚡️,Non-disaster,0.0019406151259317994,0.012215006165206432,0.9858443737030029,0.9839037585770711,Positive
7163,lightning,Lightning Sprint!⚡️ How FAST can you create a Lightning invoice? -RT AND TAG 1 LIGHTNING BUDDY! -REPLY with an invoice for…,lightning sprint!⚡️ how fast can you create a lightning invoice? -rt and tag 1 lightning buddy! -reply with an invoice for…,Non-disaster,0.004260140936821699,0.6443089246749878,0.3514309227466583,0.3471707818098366,Neutral
7169,loud bang,"I think her ""biz savvy"" &amp; deceit about 2 blow in her face with a loud bang. https://t.co/mHatNZXokX… https://t.co/dbmvFUMABf","i think her ""biz savvy"" &amp; deceit about 2 blow in her face with a loud bang. url url",Non-disaster,0.6879739761352539,0.273323655128479,0.03870232030749321,-0.6492716558277607,Negative
7179,loud bang,"It happens! Sometimes while deeply asleep, someone/something taps you, you know you're alone in the ro… https://t.co/795ucMO6sp","it happens! sometimes while deeply asleep, someone/something taps you, you know you're alone in the ro… url",Non-disaster,0.25127893686294556,0.710986316204071,0.03773476183414459,-0.21354417502880096,Neutral
7182,loud bang,"Now, it's possible that sometimes, the banging wasn't quite loud… https://t.co/gvHCg76C08","now, it's possible that sometimes, the banging wasn't quite loud… url",Non-disaster,0.09188183397054672,0.8351974487304688,0.07292071729898453,-0.018961116671562195,Neutral
7196,loud bang,"[middle of the night] lwj: *trying to get wwx's attention by throwing rocks at his window from the lawn* wwx, via tex…","[middle of the night] lwj: *trying to get wwx's attention by throwing rocks at his window from the lawn* wwx, via tex…",Non-disaster,0.27271369099617004,0.700405478477478,0.026880795136094093,-0.24583289586007595,Neutral
7208,loud bang,Same! It was the lightening that scared me just a massive flash followed by such a loud thunder bang. Crapped myself,same! it was the lightening that scared me just a massive flash followed by such a loud thunder bang. crapped myself,Non-disaster,0.8106700778007507,0.16031676530838013,0.029013220220804214,-0.7816568575799465,Negative
7213,loud bang,This came on in my car. I TURNED IT UP. We need this right now. LOUD. Every SPEAKER. Quiet Riot - Bang Your Head (M… https://t.co/yG8K7VqgO4,this came on in my car. i turned it up. we need this right now. loud. every speaker. quiet riot - bang your head (m… url,Non-disaster,0.013347696512937546,0.1243603527545929,0.8622919321060181,0.8489442355930805,Positive
7229,loud bang,"Cameras, which are illegal. In the Astros’ case, they stole signs from the catcher and sent the live vid… https://t.co/npIiKSA61C","cameras, which are illegal. in the astros’ case, they stole signs from the catcher and sent the live vid… url",Non-disaster,0.6721078157424927,0.3182315528392792,0.009660687297582626,-0.66244712844491,Negative
7237,mass murder,Do you have a source for that? Like I shared earlier. I am hearing otherwise. If what I am hearing is true…,do you have a source for that? like i shared earlier. i am hearing otherwise. if what i am hearing is true…,Non-disaster,0.3753676414489746,0.6051372289657593,0.01949511468410492,-0.3558725267648697,Neutral
7244,mass murder,"To shoe or not to shoe, that is the question. 👞 In this case it was 100% right to shoe D…","to shoe or not to shoe, that is the question. 👞 in this case it was 100% right to shoe d…",Non-disaster,0.031670328229665756,0.680480420589447,0.2878492772579193,0.25617894902825356,Neutral
7249,mass murder,Oh look the Justice Dept. is helping oil companies shake off climate lawsuits so our government is now officially an acc…,oh look the justice dept. is helping oil companies shake off climate lawsuits so our government is now officially an acc…,Non-disaster,0.03558563441038132,0.5556672811508179,0.4087471067905426,0.3731614723801613,Neutral
7251,mass murder,"Made in #China, do you know what else is made in China? Mass rape, concentration camps, murder, child abduction and bannin…","made in #china, do you know what else is made in china? mass rape, concentration camps, murder, child abduction and bannin…",Non-disaster,0.8811022639274597,0.1112336665391922,0.007663973141461611,-0.8734382907859981,Negative
7258,mass murder,"Thank You Yogi ji? Like Seriously? Kis Baat ka Thank You? Thank You for All The Riots, Mass Murder of Muslims and… https://t.co/fms2mYYd4d","thank you yogi ji? like seriously? kis baat ka thank you? thank you for all the riots, mass murder of muslims and… url",Non-disaster,0.8085982203483582,0.16162064671516418,0.02978108823299408,-0.7788171321153641,Negative
7260,mass murder,Our job is to offer a vision that one day human beings on this planet will live in a world where international conflicts…,our job is to offer a vision that one day human beings on this planet will live in a world where international conflicts…,Non-disaster,0.16523152589797974,0.6689377427101135,0.16583071649074554,0.0005991905927658081,Neutral
7270,mass murder,"I'm not supporting the colony narrative but it is a bit more complicated than that, there was a sma… https://t.co/J8ZYIX9Oyj","i'm not supporting the colony narrative but it is a bit more complicated than that, there was a sma… url",Non-disaster,0.4110043942928314,0.5730082988739014,0.01598736271262169,-0.39501703158020973,Neutral
7278,mass murder,-being a Republican for most of her life -defending the IDF’s acts of mass murder against the people of Gaza includ… https://t.co/rPSN0QlaCb,-being a republican for most of her life -defending the idf’s acts of mass murder against the people of gaza includ… url,Non-disaster,0.5717552900314331,0.40963780879974365,0.01860692724585533,-0.5531483627855778,Negative
7279,mass murder,"If you fear overpopulation more than you fear mass murder, then you are probably #conservative. If you fear overpopulation of…","if you fear overpopulation more than you fear mass murder, then you are probably #conservative. if you fear overpopulation of…",Non-disaster,0.7823675870895386,0.20595338940620422,0.01167899090796709,-0.7706885961815715,Negative
7283,mass murder,"""BJP leader threatens mass murder"" There, fixed the headline for you. https://t.co/VRhpI1CHAg","""bjp leader threatens mass murder"" there, fixed the headline for you. url",Non-disaster,0.7652938365936279,0.22388477623462677,0.010821333155035973,-0.754472503438592,Negative
7287,mass murder,#Repost • • • • • • Politicians know gun control laws don't stop mass shooting(multiple murders) anymore…,#repost • • • • • • politicians know gun control laws don't stop mass shooting(multiple murders) anymore…,Non-disaster,0.7320525050163269,0.25902047753334045,0.008927036076784134,-0.7231254689395428,Negative
7307,mass murder,"Do not repeat this: Iran mass murder. Thousands dead, vanished: organizer. https://t.co/yMlJWGF9Dt","do not repeat this: iran mass murder. thousands dead, vanished: organizer. url",Non-disaster,0.9231966733932495,0.07113926112651825,0.005663978401571512,-0.917532694991678,Negative
7309,mass murder,. Kiev &amp; Ottawa should cooperate for the physical elimination of this evil Mullah soon is a success le… https://t.co/GIPmA7TRPX,. kiev &amp; ottawa should cooperate for the physical elimination of this evil mullah soon is a success le… url,Non-disaster,0.1401984691619873,0.7043738961219788,0.15542761981487274,0.015229150652885437,Neutral
7324,mass murderer,"Marivan, western #Iran Brave youths set fire to a large poster of the mullahs' IRGC Quds Force chief Qasem Soleimani, exp…","marivan, western #iran brave youths set fire to a large poster of the mullahs' irgc quds force chief qasem soleimani, exp…",Disaster-related,0.3095802366733551,0.6631300449371338,0.027289757505059242,-0.28229047916829586,Neutral
7341,mass murderer,Oh so Eminems a mass murderer who wants to fuk his mom? Do you hold rallies against Comed… https://t.co/uNQ3QnqO3W,oh so eminems a mass murderer who wants to fuk his mom? do you hold rallies against comed… url,Non-disaster,0.873866856098175,0.11952246725559235,0.006610676646232605,-0.8672561794519424,Negative
7369,massacre,"The last time I was barred at an airport was 5 years ago, when Egypt prevented me from holding a press conference on the …","the last time i was barred at an airport was 5 years ago, when egypt prevented me from holding a press conference on the …",Non-disaster,0.6294091939926147,0.36207810044288635,0.008512742817401886,-0.6208964511752129,Negative
7375,massacre,The #Kharqamar massacre occurred soon after opposition parties had included and in a meeting to discu…,the #kharqamar massacre occurred soon after opposition parties had included and in a meeting to discu…,Disaster-related,0.5572579503059387,0.43458178639411926,0.008160307072103024,-0.5490976432338357,Negative
7384,massacre,Grandson of the Terrorist Mastermind of the 1972 Munich Massacre is running for Congress in California. 1) How is he e…,grandson of the terrorist mastermind of the 1972 munich massacre is running for congress in california. 1) how is he e…,Non-disaster,0.5183606743812561,0.4730536639690399,0.008585709147155285,-0.5097749652341008,Negative
7387,mayhem,Busy dreaming all sorts of creative mayhem for this year.I think I need a proper job soon to stop my head leaking i… https://t.co/wCFNuUFgwE,busy dreaming all sorts of creative mayhem for this year.i think i need a proper job soon to stop my head leaking i… url,Non-disaster,0.37725120782852173,0.41658541560173035,0.20616339147090912,-0.1710878163576126,Neutral
7394,mayhem,Protein Twitter we need oranges 🍊 #ImpeachTrumpAgain #Impeach45Shakes 🥤 or a protein bar to lock 🔒 him up…,protein twitter we need oranges 🍊 #impeachtrumpagain #impeach45shakes 🥤 or a protein bar to lock 🔒 him up…,Non-disaster,0.43196901679039,0.45214709639549255,0.11588385701179504,-0.31608515977859497,Neutral
7399,mayhem,What I’d do to relive the evening of the 7th of August 2019. Absolute mayhem. https://t.co/pP6NLARgVc,what i’d do to relive the evening of the 7th of august 2019. absolute mayhem. url,Non-disaster,0.7384468913078308,0.18053896725177765,0.08101416379213333,-0.6574327275156975,Negative
7423,mayhem,Monday Resistor Mayhem 4 …,monday resistor mayhem 4 …,Non-disaster,0.010384087450802326,0.9303116202354431,0.05930432304739952,0.048920235596597195,Neutral
7424,mayhem,I have questions 🤔😆,i have questions 🤔😆,Non-disaster,0.03849882259964943,0.8132886290550232,0.14821255207061768,0.10971372947096825,Neutral
7429,mayhem,"Frank, then why do you need to read Dr Curry’s stuff? You already know it’s a hoax.","frank, then why do you need to read dr curry’s stuff? you already know it’s a hoax.",Non-disaster,0.8681639432907104,0.12441173195838928,0.0074243261478841305,-0.8607396171428263,Negative
7430,mayhem,Sometimes freelancer work on studio for some productions.. And some animators works on freelance.. Stupid,sometimes freelancer work on studio for some productions.. and some animators works on freelance.. stupid,Non-disaster,0.5755307674407959,0.4039105772972107,0.02055870182812214,-0.5549720656126738,Negative
7435,meltdown,"For anyone doubting the efficacy of the Magnitsky Act, please read this Manila Times piece about the meltdown of Philippin…","for anyone doubting the efficacy of the magnitsky act, please read this manila times piece about the meltdown of philippin…",Non-disaster,0.4549257457256317,0.5277985334396362,0.017275787889957428,-0.4376499578356743,Neutral
7449,meltdown,its 4am n ima have a cix meltdown,its 4am n ima have a cix meltdown,Non-disaster,0.49132177233695984,0.45770975947380066,0.05096837505698204,-0.4403533972799778,Negative
7458,meltdown,"Even after 2 days of media rumours putting my phone in absolute meltdown , I genuinely never thought I’d see this stat…","even after 2 days of media rumours putting my phone in absolute meltdown , i genuinely never thought i’d see this stat…",Non-disaster,0.8569927215576172,0.12440864741802216,0.01859861984848976,-0.8383941017091274,Negative
7462,meltdown,not even that far into uni and im already having a mental meltdown im so fucked for the sem,not even that far into uni and im already having a mental meltdown im so fucked for the sem,Non-disaster,0.9175066947937012,0.07335681468248367,0.009136446751654148,-0.908370248042047,Negative
7477,military,"""The U.S. military is spending more than $4.5 million to develop facial recognition technology that reads the patte… https://t.co/Z40rNfxMkR","""the u.s. military is spending more than $4.5 million to develop facial recognition technology that reads the patte… url",Non-disaster,0.009393606334924698,0.9066384434700012,0.08396787941455841,0.07457427307963371,Neutral
7478,military,"Russia's military intelligence unit carried out a successful phishing campaign targeting Burisma, the Ukrainian gas company wh…","russia's military intelligence unit carried out a successful phishing campaign targeting burisma, the ukrainian gas company wh…",Disaster-related,0.31922635436058044,0.6569202542304993,0.023853443562984467,-0.295372910797596,Neutral
7481,military,Army IDs Two Paratroopers Killed by Roadside Bomb in Afghanistan | https://t.co/eug1zOy1lJ https://t.co/lujCwMUtcD,army ids two paratroopers killed by roadside bomb in afghanistan | url url,Disaster-related,0.4745252728462219,0.5135241150856018,0.011950577609241009,-0.4625746952369809,Neutral
7487,military,One thing that warlord actual at DARC and I definitely agree on is that there are a lot of simps in the gun/military w…,one thing that warlord actual at darc and i definitely agree on is that there are a lot of simps in the gun/military w…,Non-disaster,0.34937381744384766,0.5735080242156982,0.07711812853813171,-0.27225568890571594,Neutral
7493,military,Check out what I found. JAPAN WWII Military Wuhu Wharf picture postcard CENTRAL CHINA WW2 https://t.co/esY288oxKc via,check out what i found. japan wwii military wuhu wharf picture postcard central china ww2 url via,Non-disaster,0.006998457945883274,0.9146619439125061,0.0783395916223526,0.07134113367646933,Neutral
7501,military,Hundreds Of People Have Taken The Streets In The Capital Of Mali To Protest Against The Presence Of French Troops In T…,hundreds of people have taken the streets in the capital of mali to protest against the presence of french troops in t…,Disaster-related,0.5208538770675659,0.46537303924560547,0.01377308089286089,-0.507080796174705,Negative
7526,military,Economic pressure. Diplomatic isolation. Military deterrence. These are the pillars of the U.S. campaign to confront the Ira…,economic pressure. diplomatic isolation. military deterrence. these are the pillars of the u.s. campaign to confront the ira…,Non-disaster,0.29008448123931885,0.6810413599014282,0.028874147683382034,-0.2612103335559368,Neutral
7546,mudslide,Why is grocery shopping so hard? I'm in the ice cream aisle and I suddenly don't know what one I want. Who wants a… https://t.co/KHSTDAj0kb,why is grocery shopping so hard? i'm in the ice cream aisle and i suddenly don't know what one i want. who wants a… url,Non-disaster,0.8040007948875427,0.17672429978847504,0.019274907186627388,-0.7847258877009153,Negative
7555,mudslide,ROAD CLOSURE: Reiter Rd is closed about 2 miles east of May Creek Rd for a mudslide that is fully blocking the road… https://t.co/QIhVpf5h5e,road closure: reiter rd is closed about 2 miles east of may creek rd for a mudslide that is fully blocking the road… url,Disaster-related,0.58048015832901,0.4091331362724304,0.01038666907697916,-0.5700934892520308,Negative
7556,mudslide,Simply minty and fresh. Try this delicious Keto-Friendly Peppermint Mudslide and get ready for the holidays! 🍭 https://t.co/jBDdEvPd2s,simply minty and fresh. try this delicious keto-friendly peppermint mudslide and get ready for the holidays! 🍭 url,Non-disaster,0.0017637136625126004,0.022446122020483017,0.9757902026176453,0.9740264889551327,Positive
7557,mudslide,This started in the late 80s when environmental groups successfully lobbied that species were endangered a…,this started in the late 80s when environmental groups successfully lobbied that species were endangered a…,Non-disaster,0.36316531896591187,0.6147998571395874,0.022034794092178345,-0.3411305248737335,Neutral
7567,mudslide,"Do you know lahar or mudslide? Also, may incoming weather disturbance if you're just checking facts https://t.co/GSp32DYkJZ","do you know lahar or mudslide? also, may incoming weather disturbance if you're just checking facts url",Non-disaster,0.237242192029953,0.7455029487609863,0.017254814505577087,-0.21998737752437592,Neutral
7568,mudslide,mudslide....is possible.,mudslide....is possible.,Non-disaster,0.05954451113939285,0.7897112965583801,0.15074416995048523,0.09119965881109238,Neutral
7574,mudslide,"Living in denial I never thought we will go round Kenya campaign against Rtd Raila Odinga, mudslide the ODM Leader… https://t.co/EvJsjI0yQ4","living in denial i never thought we will go round kenya campaign against rtd raila odinga, mudslide the odm leader… url",Non-disaster,0.7791282534599304,0.2082841843366623,0.012587587349116802,-0.7665406661108136,Negative
7575,mudslide,Mudslide - the blue tones,mudslide - the blue tones,Non-disaster,0.0382111556828022,0.8310770988464355,0.13071174919605255,0.09250059351325035,Neutral
7579,mudslide,Crews are planning to build a bridge for cyclists and pedestrians near the trail. https://t.co/Fp4Yrp33L1,crews are planning to build a bridge for cyclists and pedestrians near the trail. url,Non-disaster,0.005540124140679836,0.8942276239395142,0.10023225098848343,0.09469212684780359,Neutral
7587,mudslide,Hey #Trumppets🎺 #Impeached45 Didn't win by a landslide in 2016. #Impotus45 will not win by a MUDSLIDE i… https://t.co/xnACa6yRO0,hey #trumppets🎺 #impeached45 didn't win by a landslide in 2016. #impotus45 will not win by a mudslide i… url,Non-disaster,0.8285284042358398,0.15437248349189758,0.01709911786019802,-0.8114292863756418,Negative
7595,mudslide,Crews are planning to build a bridge for cyclists and pedestrians near the trail. https://t.co/JHGA5gOtmr,crews are planning to build a bridge for cyclists and pedestrians near the trail. url,Non-disaster,0.005540124140679836,0.8942276239395142,0.10023225098848343,0.09469212684780359,Neutral
7596,mudslide,Mudslide closes Kailua-bound lane of Pali Highway Honolulu Star-Advertiser https://t.co/1RwBtzLmJR,mudslide closes kailua-bound lane of pali highway honolulu star-advertiser url,Disaster-related,0.27511948347091675,0.7106603980064392,0.014220182783901691,-0.26089930068701506,Neutral
7602,natural disaster,"#MaineMendoza is using her influence for a good cause: information dissemination in this time of natural disaster.., thank y…","#mainemendoza is using her influence for a good cause: information dissemination in this time of natural disaster.., thank y…",Non-disaster,0.005529692396521568,0.07250268757343292,0.921967625617981,0.9164379332214594,Positive
7603,natural disaster,Hey Anne Jesus was not a refugee (a person who has been forced to leave their country in order to escape w…,hey anne jesus was not a refugee (a person who has been forced to leave their country in order to escape w…,Non-disaster,0.3045803904533386,0.6746929883956909,0.020726604387164116,-0.2838537860661745,Neutral
7608,natural disaster,"To the fan's post, #BTSV took some time to write a sincere comment, showing his deepest concern over the natural disast…","to the fan's post, #btsv took some time to write a sincere comment, showing his deepest concern over the natural disast…",Non-disaster,0.05394265055656433,0.7996078133583069,0.1464495062828064,0.09250685572624207,Neutral
7622,natural disaster,Kind wishes to the badly flood-struck people of #Sistan and #Baluchistan provinces of #Iran. We are experie… https://t.co/oO4WDuClX8,kind wishes to the badly flood-struck people of #sistan and #baluchistan provinces of #iran. we are experie… url,Disaster-related,0.1679297238588333,0.6157758831977844,0.2162943035364151,0.04836457967758179,Neutral
7627,nuclear disaster,The PM is accurate.Trump pulling out of the JCPOA started this disaster. He pulled out because Oba…,the pm is accurate.trump pulling out of the jcpoa started this disaster. he pulled out because oba…,Non-disaster,0.7205928564071655,0.2632279694080353,0.016179179772734642,-0.7044136766344309,Negative
7628,nuclear disaster,Fukushima nuclear disaster evacuation zone now teems with wildlife https://t.co/IRYE3KHP5u via,fukushima nuclear disaster evacuation zone now teems with wildlife url via,Non-disaster,0.09658077359199524,0.8824598789215088,0.02095932699739933,-0.07562144659459591,Neutral
7643,nuclear disaster,"Using thermal technology, Giles Price photographs the aftermath of the Fukushima nuclear disaster https://t.co/ZsIwq4pjVk","using thermal technology, giles price photographs the aftermath of the fukushima nuclear disaster url",Disaster-related,0.04564875736832619,0.9329026937484741,0.021448489278554916,-0.02420026808977127,Neutral
7649,nuclear disaster,Don’t forget that part of that is nuclear powered cruise missiles that create a nuclear disaster on ev… https://t.co/OVRvzeESeq,don’t forget that part of that is nuclear powered cruise missiles that create a nuclear disaster on ev… url,Disaster-related,0.6939032673835754,0.2903795838356018,0.015717091038823128,-0.6781861763447523,Negative
7663,nuclear disaster,Nuclear Disaster Part 2 https://t.co/8TX9Bap6og,nuclear disaster part 2 url,Non-disaster,0.5159465670585632,0.46523159742355347,0.01882176287472248,-0.49712480418384075,Negative
7684,nuclear disaster,"This is exactly how every movie about a nuclear disaster begins... Don’t panic, though. (Oh, and, if you want more infor…","this is exactly how every movie about a nuclear disaster begins... don’t panic, though. (oh, and, if you want more infor…",Non-disaster,0.6119795441627502,0.336306095123291,0.05171439051628113,-0.5602651536464691,Negative
7688,nuclear disaster,Return to Fukushima: Inside ground zero nearly nine years after nuclear disaster https://t.co/o7uWEdwFMW,return to fukushima: inside ground zero nearly nine years after nuclear disaster url,Disaster-related,0.23791030049324036,0.7408922910690308,0.021197358146309853,-0.2167129423469305,Neutral
7689,nuclear disaster,I checked to see if he made a statement about the #nuclear power plant warning this we… https://t.co/ansO8PiVqn,i checked to see if he made a statement about the #nuclear power plant warning this we… url,Non-disaster,0.04090103507041931,0.940666913986206,0.01843208074569702,-0.02246895432472229,Neutral
7690,nuclear disaster,"“Environmentalists”? No. Germany closed nuclear down, replaced it with… https://t.co/F3Tb9PXi6C","“environmentalists”? no. germany closed nuclear down, replaced it with… url",Non-disaster,0.4503726065158844,0.5278379321098328,0.021789459511637688,-0.4285831470042467,Neutral
7691,nuclear disaster,This Presidency is the political equivalent to the Chernobyl nuclear disaster. The fallout is extensive and far reaching. A…,this presidency is the political equivalent to the chernobyl nuclear disaster. the fallout is extensive and far reaching. a…,Non-disaster,0.9235419034957886,0.07022973150014877,0.006228429265320301,-0.9173134742304683,Negative
7692,nuclear disaster,"As Japan gears up to host the Olympics in Tokyo later this year, less than 200 miles away, got rare access…","as japan gears up to host the olympics in tokyo later this year, less than 200 miles away, got rare access…",Non-disaster,0.0081388084217906,0.7715508341789246,0.22031041979789734,0.21217161137610674,Neutral
7699,nuclear reactor,Only for 15 years... and then ? We let them have nuclear bomb ?! Have you seen how they control the sa… https://t.co/r59iyyyt5c,only for 15 years... and then ? we let them have nuclear bomb ?! have you seen how they control the sa… url,Non-disaster,0.7025787234306335,0.28448542952537537,0.012935894541442394,-0.6896428288891912,Negative
7728,nuclear reactor,Sitting here thinking about the time my grandfather wrote a book on nuclear reactor safety and then blurbed himself… https://t.co/KVX3azx4NC,sitting here thinking about the time my grandfather wrote a book on nuclear reactor safety and then blurbed himself… url,Non-disaster,0.29905688762664795,0.6727585792541504,0.028184523805975914,-0.27087236382067204,Neutral
7755,obliterate,"i’d love to see emilia in period films, she would KILL it, SMASH it, OBLITERATE it. https://t.co/8WMYl0AKpq","i’d love to see emilia in period films, she would kill it, smash it, obliterate it. url",Non-disaster,0.007087233942002058,0.02227550558745861,0.9706372022628784,0.9635499683208764,Positive
7758,obliterate,I've concluded that the one and only reason the mx and skz raplines haven't done a collab is because it would absol… https://t.co/YyZREsmBDu,i've concluded that the one and only reason the mx and skz raplines haven't done a collab is because it would absol… url,Non-disaster,0.3403262794017792,0.6257970333099365,0.03387673944234848,-0.3064495399594307,Neutral
7760,obliterate,#Ocean Mining Robots We will obliterate ocean life - to save the decaying capitalist system. #FouthIndustrialRevol…,#ocean mining robots we will obliterate ocean life - to save the decaying capitalist system. #fouthindustrialrevol…,Non-disaster,0.7042117714881897,0.26721933484077454,0.02856888435781002,-0.6756428871303797,Negative
7766,obliterate,obliterate this one https://t.co/WiTvZ0RDIb,obliterate this one url,Non-disaster,0.08270052820444107,0.8108208179473877,0.10647868365049362,0.02377815544605255,Neutral
7768,obliterate,The liberal project is to tear down &amp; remake America into a Socialist paradise. Liberals only study US… https://t.co/1tihZk3WlC,the liberal project is to tear down &amp; remake america into a socialist paradise. liberals only study us… url,Non-disaster,0.8272519707679749,0.16286994516849518,0.009878112934529781,-0.8173738578334451,Negative
7782,obliterate,panels that obliterate stone ocean fans https://t.co/nH1E87D7ae,panels that obliterate stone ocean fans url,Non-disaster,0.45332232117652893,0.49251025915145874,0.054167378693819046,-0.3991549424827099,Neutral
7787,obliterate,Obliterate him,obliterate him,Non-disaster,0.4571543037891388,0.5084593892097473,0.03438633307814598,-0.4227679707109928,Neutral
7788,obliterate,My brother will fall beneath my feet and cower in fear as I obliterate him with this combo!,my brother will fall beneath my feet and cower in fear as i obliterate him with this combo!,Non-disaster,0.8418030142784119,0.12538914382457733,0.03280789032578468,-0.8089951239526272,Negative
7790,obliterate,killugon about to k!ll: rock paper scissors for who gets to obliterate these chimera ants first! https://t.co/miudRFLquy,killugon about to k!ll: rock paper scissors for who gets to obliterate these chimera ants first! url,Non-disaster,0.17766307294368744,0.6148527264595032,0.20748423039913177,0.029821157455444336,Neutral
7794,obliterate,‘President’ claimed she would obliterate Iran if they attacked U.S. https://t.co/ZGUyR4ziTD,‘president’ claimed she would obliterate iran if they attacked u.s. url,Disaster-related,0.4904588460922241,0.4918031692504883,0.017737936228513718,-0.4727209098637104,Neutral
7796,obliterate,Gather strength from life's storms. With the new day comes new strength and new thoughts. Every wall i… https://t.co/pe7XflpT5G,gather strength from life's storms. with the new day comes new strength and new thoughts. every wall i… url,Non-disaster,0.009858755394816399,0.32468780875205994,0.6654533743858337,0.6555946189910173,Positive
7797,obliterate,It is often said recently by these proletarians to the… https://t.co/1pEHmsV8JP,it is often said recently by these proletarians to the… url,Non-disaster,0.03283476456999779,0.9251976609230042,0.04196764528751373,0.009132880717515945,Neutral
7809,obliterate,"Head away from the sun for the count of seven. Recurrently, one could all equip and try squash, if the… https://t.co/X8LhRrBcl0","head away from the sun for the count of seven. recurrently, one could all equip and try squash, if the… url",Non-disaster,0.01199257094413042,0.89068204164505,0.09732546657323837,0.08533289562910795,Neutral
7813,obliterate,I posted a picture of my joe tea today on my private snapchat story with the caption “whos joe” and only one person… https://t.co/Iwd0Iz8GbI,i posted a picture of my joe tea today on my private snapchat story with the caption “whos joe” and only one person… url,Non-disaster,0.024211660027503967,0.9011375904083252,0.07465074211359024,0.05043908208608627,Neutral
7815,obliterate,oh yea? youre a taegist and dont like the obliterate the twink agenda? what else dont you like? gender equality?,oh yea? youre a taegist and dont like the obliterate the twink agenda? what else dont you like? gender equality?,Non-disaster,0.8573177456855774,0.13500185310840607,0.007680498994886875,-0.8496372466906905,Negative
7819,obliterate,"Explore the first alley you meet for fifteen minutes. When you leave, turn right. Through the rabbit h… https://t.co/dfYz2PkZcU","explore the first alley you meet for fifteen minutes. when you leave, turn right. through the rabbit h… url",Non-disaster,0.008101430721580982,0.9124516844749451,0.079446941614151,0.07134551089257002,Neutral
7833,obliterate,"You crush them and you crush them without mercy because once they turn 10, they will absolutely obliterate you.","you crush them and you crush them without mercy because once they turn 10, they will absolutely obliterate you.",Non-disaster,0.765029788017273,0.19296817481517792,0.04200206696987152,-0.7230277210474014,Negative
7839,obliterated,i want that twink obliterated,i want that twink obliterated,Non-disaster,0.915638267993927,0.07249803096055984,0.011863632127642632,-0.9037746358662844,Negative
7840,obliterated,"About 17, when Mickey Rourke didn’t win for THE WRESTLER. The Academy completely scuppered his comeback by giving the aw…","about 17, when mickey rourke didn’t win for the wrestler. the academy completely scuppered his comeback by giving the aw…",Non-disaster,0.845372200012207,0.14610058069229126,0.008527154102921486,-0.8368450459092855,Negative
7851,obliterated,whoah that actually a great idea and I rly wanna see how crazy players might be creating som… https://t.co/LHKd7MiYxx,whoah that actually a great idea and i rly wanna see how crazy players might be creating som… url,Non-disaster,0.006078022997826338,0.02331961877644062,0.9706023931503296,0.9645243701525033,Positive
7862,obliterated,"// which reminds me that my fan art highlight was obliterated in the great instagram fuck-up of 2019, so i need to… https://t.co/y29DeH4n6X","// which reminds me that my fan art highlight was obliterated in the great instagram fuck-up of 2019, so i need to… url",Non-disaster,0.9086650013923645,0.08413973450660706,0.0071952370926737785,-0.9014697642996907,Negative
7880,obliterated,Prepare to be obliterated,prepare to be obliterated,Non-disaster,0.49530526995658875,0.3901691436767578,0.11452554166316986,-0.3807797282934189,Negative
7882,obliterated,"Fair but they didn't need to throw, they had Gore, Portis and McGahee as a Frosh. The 2000 Hurricanes… https://t.co/kO43FSoDBg","fair but they didn't need to throw, they had gore, portis and mcgahee as a frosh. the 2000 hurricanes… url",Non-disaster,0.06533220410346985,0.8509069085121155,0.08376090973615646,0.018428705632686615,Neutral
7885,obliterated,Only fascist Dems would deprive someone of their Twitter mouthpiece in the absence of a court order. No… https://t.co/dyFPqAahId,only fascist dems would deprive someone of their twitter mouthpiece in the absence of a court order. no… url,Non-disaster,0.8337315320968628,0.1580997109413147,0.008168711327016354,-0.8255628207698464,Negative
7893,obliteration,'Oracle Obliteration' Well I decided to quickly make a new Histoire panorama before heading to sleep. I think the camera…,'oracle obliteration' well i decided to quickly make a new histoire panorama before heading to sleep. i think the camera…,Non-disaster,0.05832550674676895,0.7568193674087524,0.18485505878925323,0.12652955204248428,Neutral
7901,obliteration,“It wasn’t long before the obliteration of memory – and with it any trace of principle she might once have had – came to t…,“it wasn’t long before the obliteration of memory – and with it any trace of principle she might once have had – came to t…,Non-disaster,0.6103894710540771,0.3689297139644623,0.020680831745266914,-0.5897086393088102,Negative
7903,obliteration,"Yes. I’m a writer; EVERY word is precious. I’m willing to lose none of them to obliteration of meaning, least of all “…","yes. i’m a writer; every word is precious. i’m willing to lose none of them to obliteration of meaning, least of all “…",Non-disaster,0.14120027422904968,0.4613528847694397,0.39744678139686584,0.25624650716781616,Neutral
7904,oil spill,University of Ensure to Show About Marijuana: An early booking did not even use of BP Oil Spill Trashed More than most popular,university of ensure to show about marijuana: an early booking did not even use of bp oil spill trashed more than most popular,Non-disaster,0.6592068672180176,0.324497252702713,0.016295870766043663,-0.6429109964519739,Negative
7925,oil spill,Nearly a decade of BP-funded research has uncovered potential health effects resulting from the Deepwater Horizon oil spill…,nearly a decade of bp-funded research has uncovered potential health effects resulting from the deepwater horizon oil spill…,Non-disaster,0.3669613003730774,0.6094591617584229,0.02357959747314453,-0.34338170289993286,Neutral
7926,oil spill,Pierre ! Cutting red tape means cutting safety measures- in rail transportation! Lac Meg… https://t.co/k2fnxRfCGE,pierre ! cutting red tape means cutting safety measures- in rail transportation! lac meg… url,Non-disaster,0.509899377822876,0.45406028628349304,0.03604033589363098,-0.473859041929245,Negative
7931,oil spill,Trumps Presidency =2024 Oil spill in Alaska has resulted in the pos… https://t.co/VFThhlnf8f,trumps presidency =2024 oil spill in alaska has resulted in the pos… url,Disaster-related,0.7150783538818359,0.2760501801967621,0.008871423080563545,-0.7062069308012724,Negative
7936,oil spill,🇮🇳 India Myanmar 🇲🇲 || Coast Guard Cooperation || Two Ships INCG Sujay &amp; INCG Sarojini are in Ya… https://t.co/3LKGYiMfTq,🇮🇳 india myanmar 🇲🇲 || coast guard cooperation || two ships incg sujay &amp; incg sarojini are in ya… url,Non-disaster,0.008247331716120243,0.9495894908905029,0.04216325655579567,0.033915924839675426,Neutral
7949,oil spill,"The oil spill bursts 2 flame at Athony oil facility, Aliiny County, Ruweng State. The oil spillage &amp; subsequent burnin…","the oil spill bursts 2 flame at athony oil facility, aliiny county, ruweng state. the oil spillage &amp; subsequent burnin…",Disaster-related,0.6728956699371338,0.3188164532184601,0.008287878707051277,-0.6646077912300825,Negative
7951,oil spill,🧜🏻‍♀️ 💅🏻 very pretty I Just ordered an oil spill color and I can’t wait to use it.,🧜🏻‍♀️ 💅🏻 very pretty i just ordered an oil spill color and i can’t wait to use it.,Non-disaster,0.002759901573881507,0.007120864000171423,0.990119218826294,0.9873593172524124,Positive
7969,oil spill,All hands were on deck during our oil spill cleanup simulation in Science of Technology today. … https://t.co/oBuFBVSqo3,all hands were on deck during our oil spill cleanup simulation in science of technology today. … url,Non-disaster,0.007322107441723347,0.7240685820579529,0.2686093747615814,0.2612872673198581,Neutral
7976,outbreak,"Just a few weeks back we were shocked with a new case of polio and two more new cases this week (the last one was in 1992!),…","just a few weeks back we were shocked with a new case of polio and two more new cases this week (the last one was in 1992!),…",Disaster-related,0.6577904224395752,0.3071327209472656,0.03507690504193306,-0.6227135173976421,Negative
7979,outbreak,"Never-before-seen virus in China outbreak kills one, spreads to Thailand https://t.co/LjKIncs0YA #tech","never-before-seen virus in china outbreak kills one, spreads to thailand url #tech",Disaster-related,0.5758557915687561,0.4093862771987915,0.014757923781871796,-0.5610978677868843,Negative
7982,outbreak,3. Influenza in Malaysia is under control. Always take preventive measures. 4. KKM launched Speak out: Express Your Righ…,3. influenza in malaysia is under control. always take preventive measures. 4. kkm launched speak out: express your righ…,Non-disaster,0.01974286511540413,0.5862675309181213,0.39398956298828125,0.3742466978728771,Neutral
7992,outbreak,"Hi, since there is an influenza outbreak in kl, and if anyone is suspected with influenza, i hope you guys stay at home,…","hi, since there is an influenza outbreak in kl, and if anyone is suspected with influenza, i hope you guys stay at home,…",Disaster-related,0.3556476831436157,0.5904219746589661,0.05393029376864433,-0.3017173893749714,Neutral
7999,outbreak,Disease outbreak news from the WHO: https://t.co/lPQHJnOyvv,disease outbreak news from the who: url,Non-disaster,0.12396500259637833,0.8468877077102661,0.029147371649742126,-0.0948176309466362,Neutral
8001,outbreak,Disease outbreak news from the WHO: https://t.co/HIv0EeAzHy,disease outbreak news from the who: url,Non-disaster,0.12396500259637833,0.8468877077102661,0.029147371649742126,-0.0948176309466362,Neutral
8005,outbreak,The Canadian food executive who blamed Trump for the Iran shooting down a plane killing 176 apologized in 2008 for a l…,the canadian food executive who blamed trump for the iran shooting down a plane killing 176 apologized in 2008 for a l…,Non-disaster,0.6293830871582031,0.3577026128768921,0.012914299964904785,-0.6164687871932983,Negative
8008,outbreak,How do we get people to vaccinate? -Have (create) an outbreak then use fear We are being heavily manipulated by some…,how do we get people to vaccinate? -have (create) an outbreak then use fear we are being heavily manipulated by some…,Non-disaster,0.7780535817146301,0.21386930346488953,0.008077185600996017,-0.7699763961136341,Negative
8012,outbreak,He Greta you might want to raise the issue of locust outbreak in the southern part of Pakistan. Locu… https://t.co/kWZnLrlSnA,he greta you might want to raise the issue of locust outbreak in the southern part of pakistan. locu… url,Disaster-related,0.09380585700273514,0.8881630897521973,0.018031036481261253,-0.07577482052147388,Neutral
8019,pandemonium,"Sehun really keeps us sane, I mean after the whole pandemonium yesterday. He posted on his IG today commenting on weather…","sehun really keeps us sane, i mean after the whole pandemonium yesterday. he posted on his ig today commenting on weather…",Non-disaster,0.008062275126576424,0.1496875137090683,0.8422501683235168,0.8341878931969404,Positive
8023,pandemonium,What is this pandemonium? https://t.co/WPzRDlRPYX,what is this pandemonium? url,Non-disaster,0.746692419052124,0.23135384917259216,0.021953772753477097,-0.7247386462986469,Negative
8025,pandemonium,However you want to put it.....! 😂😂😂,however you want to put it.....! 😂😂😂,Non-disaster,0.21896110475063324,0.5488473176956177,0.23219150304794312,0.013230398297309875,Neutral
8036,pandemonium,See what I mean??? 😂😂😂😂moist !!,see what i mean??? 😂😂😂😂moist !!,Non-disaster,0.16294382512569427,0.5624407529830933,0.27461549639701843,0.11167167127132416,Neutral
8038,pandemonium,Dumb runny nose.,dumb runny nose.,Non-disaster,0.8617784976959229,0.11845726519823074,0.01976420171558857,-0.8420142959803343,Negative
8046,pandemonium,"pandemonium:大混乱、地獄 My mind was a blithering gush, a pandemonium of rhapsodic thoughts. (Moon Palace) 僕の心は熱狂的な思想が激しく溢れかえった地獄のようだった。","pandemonium:大混乱、地獄 my mind was a blithering gush, a pandemonium of rhapsodic thoughts. (moon palace) 僕の心は熱狂的な思想が激しく溢れかえった地獄のようだった。",Non-disaster,0.04779742285609245,0.8434373736381531,0.10876520723104477,0.060967784374952316,Neutral
8050,panic,This rant about dramatic ocean warming fails to mention that last year the temperature was 0.075C higher than th…,this rant about dramatic ocean warming fails to mention that last year the temperature was 0.075c higher than th…,Non-disaster,0.588019073009491,0.3916773200035095,0.020303595811128616,-0.5677154771983624,Negative
8052,panic,"On this date January 13 in 2018, a false emergency alert warning of an impending missile strike in Hawaii caused wides…","on this date january 13 in 2018, a false emergency alert warning of an impending missile strike in hawaii caused wides…",Disaster-related,0.5627058148384094,0.42594847083091736,0.011345737613737583,-0.5513600772246718,Negative
8061,panic,"So, a Co-Incidence is the combining of Rays of Light/Incidences? Like WWG1WGA? Co…","so, a co-incidence is the combining of rays of light/incidences? like wwg1wga? co…",Non-disaster,0.027722271159291267,0.9155868887901306,0.056690867990255356,0.02896859683096409,Neutral
8080,panic,Two hours intense exam this morning. Don’t. Panic.,two hours intense exam this morning. don’t. panic.,Non-disaster,0.35630035400390625,0.5040574669837952,0.139642134308815,-0.21665821969509125,Neutral
8081,panic,"Old but gold...satzu moments.. jealous, persuasive,gay panic.. everything is there.. #satzu https://t.co/ssEIu0olCB","old but gold...satzu moments.. jealous, persuasive,gay panic.. everything is there.. #satzu url",Non-disaster,0.16890017688274384,0.6064223647117615,0.2246774584054947,0.055777281522750854,Neutral
8092,panic,1st panic attack in months 😞,1st panic attack in months 😞,Non-disaster,0.8900469541549683,0.093196801841259,0.016756270080804825,-0.8732906840741634,Negative
8094,panic,"""In case u need to hear this today: U aren't less of a person because u have panic attacks. U aren't less of a person becaus…","""in case u need to hear this today: u aren't less of a person because u have panic attacks. u aren't less of a person becaus…",Non-disaster,0.37147554755210876,0.4908939003944397,0.13763050734996796,-0.2338450402021408,Neutral
8119,panicking,me: *trying to buy pcs for soondingie awoj* also me: *panicking cos nac-cutean din ako sa pcs* HELP,me: *trying to buy pcs for soondingie awoj* also me: *panicking cos nac-cutean din ako sa pcs* help,Non-disaster,0.3728885054588318,0.5390791296958923,0.08803233504295349,-0.2848561704158783,Neutral
8138,panicking,"Tw/ food Character A *beaming*: Hey, B, I made you cookies! Character B, suspiciously: What's in them? Charact… https://t.co/9gbQJUzVWY","tw/ food character a *beaming*: hey, b, i made you cookies! character b, suspiciously: what's in them? charact… url",Non-disaster,0.00531233474612236,0.26338282227516174,0.7313048243522644,0.725992489606142,Positive
8150,panicking,"OK SO WTF OUR TWO DOGS ARE BARKING AT SOMETHING AND NO ONE'S THERE SKSKSKKS IM SCARED AND ALSO IM ALONE HERE,, IM PANICKING NOW","ok so wtf our two dogs are barking at something and no one's there skskskks im scared and also im alone here,, im panicking now",Disaster-related,0.9141255021095276,0.07809145003557205,0.007783055305480957,-0.9063424468040466,Negative
8163,panicking,Honestly iMFUCKINT PANICKING OVER INFO FOR NOTHING IT FEEKS LIKE I DIDNT STUDY SHIT AND I DIDNTVEVEN SLEWP AND ITS MAKING PA…,honestly imfuckint panicking over info for nothing it feeks like i didnt study shit and i didntveven slewp and its making pa…,Non-disaster,0.9244274497032166,0.0669555813074112,0.008617009967565536,-0.915810439735651,Negative
8165,police,onion on the phone w police like https://t.co/Ru5zIXB9Cm,onion on the phone w police like url,Non-disaster,0.28608185052871704,0.6834867596626282,0.03043135069310665,-0.2556504998356104,Neutral
8172,police,if Sam Presti calls you asking to trade for one of your young players hang up immediately and sign him to an extension or…,if sam presti calls you asking to trade for one of your young players hang up immediately and sign him to an extension or…,Non-disaster,0.2831460237503052,0.6928784251213074,0.023975538089871407,-0.25917048566043377,Neutral
8194,police,Should #police have backdoor access to your #smartphone? https://t.co/iNFpaJly6w,should #police have backdoor access to your #smartphone? url,Non-disaster,0.09904230386018753,0.8828701972961426,0.018087543547153473,-0.08095476031303406,Neutral
8201,police,#CourierFraud Nationally nearly two thirds of courier fraud victims were women over 75 Here's how you can beat the courier f…,#courierfraud nationally nearly two thirds of courier fraud victims were women over 75 here's how you can beat the courier f…,Non-disaster,0.8127647638320923,0.17229102551937103,0.014944134280085564,-0.7978206295520067,Negative
8216,police,"Dear Saab, The Jama Masjid is not in Pakistan, says the Delhi High Court. Sir Ji, this is a moment of monumental…","dear saab, the jama masjid is not in pakistan, says the delhi high court. sir ji, this is a moment of monumental…",Non-disaster,0.18859773874282837,0.7798922061920166,0.03151005879044533,-0.15708767995238304,Neutral
8219,police,Do I need to provide the evidence of how a police man at Jakande police station Lekki extorted 5k from me?,do i need to provide the evidence of how a police man at jakande police station lekki extorted 5k from me?,Non-disaster,0.5075743794441223,0.48009562492370605,0.012329969555139542,-0.4952444098889828,Negative
8224,police,Workers MUST not agree for the comprehensive health insurance to be withdrawn from NHIF. Truth is that there is no private in…,workers must not agree for the comprehensive health insurance to be withdrawn from nhif. truth is that there is no private in…,Non-disaster,0.7658658623695374,0.22336144745349884,0.010772619396448135,-0.7550932429730892,Negative
8234,quarantine,Quarantine officials are facing criticism for allegedly causing damage to the Imjin River ecosystem by spreading a… https://t.co/JNkD670o9O,quarantine officials are facing criticism for allegedly causing damage to the imjin river ecosystem by spreading a… url,Non-disaster,0.8162075281143188,0.1786687821149826,0.005123732145875692,-0.8110837959684432,Negative
8292,quarantined,Victims of the anomaly are kept in a quarantined medical bay where they receive careful treatment. All four victims…,victims of the anomaly are kept in a quarantined medical bay where they receive careful treatment. all four victims…,Disaster-related,0.2525194585323334,0.729661762714386,0.017818773165345192,-0.23470068536698818,Neutral
8295,quarantined,Chinese woman with mystery virus quarantined in Thailand https://t.co/iPVqSPGdXk,chinese woman with mystery virus quarantined in thailand url,Disaster-related,0.40028971433639526,0.5895447731018066,0.010165553539991379,-0.3901241607964039,Neutral
8296,quarantined,Sorry. You're quarantined now,sorry. you're quarantined now,Non-disaster,0.4202725291252136,0.5609877705574036,0.01873967796564102,-0.4015328511595726,Neutral
8300,quarantined,Chinese woman quarantined in Thailand is diagnosed with same mystery virus that has killed one person and infected dozens i…,chinese woman quarantined in thailand is diagnosed with same mystery virus that has killed one person and infected dozens i…,Disaster-related,0.8431674242019653,0.15075035393238068,0.0060822004452347755,-0.8370852237567306,Negative
8301,quarantined,"And tell them if they get mc and must be quarantined, they should stay at home &amp; not go to work!!…","and tell them if they get mc and must be quarantined, they should stay at home &amp; not go to work!!…",Non-disaster,0.6775294542312622,0.3072744905948639,0.015196098014712334,-0.6623333562165499,Negative
8317,quarantined,"By your logic, it should be a felony to knowingly spread any infectious disease… https://t.co/OwLgSy05tX","by your logic, it should be a felony to knowingly spread any infectious disease… url",Non-disaster,0.7047650218009949,0.283952534198761,0.011282489635050297,-0.6934825321659446,Negative
8333,quarantined,"im RAINBOW, evit has to keep me quarantined","im rainbow, evit has to keep me quarantined",Non-disaster,0.7731825113296509,0.21099577844142914,0.01582176424562931,-0.7573607470840216,Negative
8339,quarantined,"Chinese woman, 61, quarantined in Thailand is diagnosed with the same mystery virus that has killed one person in C… https://t.co/vrVScOl1Jm","chinese woman, 61, quarantined in thailand is diagnosed with the same mystery virus that has killed one person in c… url",Disaster-related,0.7507242560386658,0.2417553812265396,0.007520284038037062,-0.7432039720006287,Negative
8341,radiation emergency,You are correct. But you will be billed.... however if you h… https://t.co/A6BgOmNw5j,you are correct. but you will be billed.... however if you h… url,Non-disaster,0.06116796284914017,0.8482624888420105,0.09056949615478516,0.02940153330564499,Neutral
8342,radiation emergency,In case this happens again. And in case the radiation emergency isn’t a drill but the threat is real. Here’s a helpful we…,in case this happens again. and in case the radiation emergency isn’t a drill but the threat is real. here’s a helpful we…,Non-disaster,0.5169326663017273,0.4563322961330414,0.026734961196780205,-0.4901977051049471,Negative
8349,radiation emergency,This was the actual report about a Nuclear Emergency warning sent out in error From Pickering Nuclear Power plant t… https://t.co/ZwgWG1mC9l,this was the actual report about a nuclear emergency warning sent out in error from pickering nuclear power plant t… url,Disaster-related,0.3258982002735138,0.6615380048751831,0.01256384514272213,-0.31333435513079166,Neutral
8354,radiation emergency,Meanwhile in The Shawa after today's emergency alert #PickeringNuclearStation #radiation https://t.co/pn3jzVhuV3,meanwhile in the shawa after today's emergency alert #pickeringnuclearstation #radiation url,Non-disaster,0.022873854264616966,0.9395540356636047,0.03757216036319733,0.01469830609858036,Neutral
8356,radiation emergency,Shudder. What I get from this 2016 piece is the radiation emergency plan encompasses little mo… https://t.co/6GCgz7mpxY,shudder. what i get from this 2016 piece is the radiation emergency plan encompasses little mo… url,Non-disaster,0.12891200184822083,0.8199465274810791,0.05114149674773216,-0.07777050510048866,Neutral
8366,radiation emergency,Emergency crews are responding to an unspecified incident at the Pickering plant. No abnormal radiation reported. https:/…,emergency crews are responding to an unspecified incident at the pickering plant. no abnormal radiation reported. https:/…,Disaster-related,0.07137525081634521,0.850663959980011,0.07796086370944977,0.006585612893104553,Neutral
8370,radiation emergency,I received 2 emergency alerts while I was sleeping. The first said no radiation was released from a nuclear plant a… https://t.co/277NwyMb40,i received 2 emergency alerts while i was sleeping. the first said no radiation was released from a nuclear plant a… url,Non-disaster,0.10146570950746536,0.8500276207923889,0.04850668087601662,-0.052959028631448746,Neutral
8375,rainstorm,"Biblical Literature And Life: During Unexpected Torrential Rainstorm And Whiping Winds, Lot Tries Frantically To C… https://t.co/742XiUSXO5","biblical literature and life: during unexpected torrential rainstorm and whiping winds, lot tries frantically to c… url",Non-disaster,0.1582377851009369,0.8127254843711853,0.029036780819296837,-0.12920100428164005,Neutral
8379,rainstorm,"in my dream last night, there was this really cute girl who lived somewhere close to me and she had stars in her ey… https://t.co/uwd728dcVS","in my dream last night, there was this really cute girl who lived somewhere close to me and she had stars in her ey… url",Non-disaster,0.0039066132158041,0.11952914297580719,0.8765642642974854,0.8726576510816813,Positive
8387,razed,"Must 500,000 persons die &amp; whole villages razed before the , , can DO anything concrete on…","must 500,000 persons die &amp; whole villages razed before the , , can do anything concrete on…",Non-disaster,0.9341199994087219,0.061000239104032516,0.004879745189100504,-0.9292402542196214,Negative
8396,razed,"A fire outbreak has razed down 39 shops, ravaging furniture worth over N21 million at Kugbo furniture market in Abu… https://t.co/toVztjNMB9","a fire outbreak has razed down 39 shops, ravaging furniture worth over n21 million at kugbo furniture market in abu… url",Disaster-related,0.8088751435279846,0.18407075107097626,0.007054074201732874,-0.8018210693262517,Negative
8401,razed,"CAVAN HOGUE on Iran — The Trumpet shall sound, and we shall be razed! https://t.co/bHz3j2lPpD via","cavan hogue on iran — the trumpet shall sound, and we shall be razed! url via",Non-disaster,0.35065749287605286,0.5792765021324158,0.07006601244211197,-0.2805914804339409,Neutral
8408,razed,Today’s SCMP backpage: 11 million hectares have been razed by the Australian 🔥 #bushfiresAustralia #bushfirecrisis… https://t.co/5QHFzmIb6o,today’s scmp backpage: 11 million hectares have been razed by the australian 🔥 #bushfiresaustralia #bushfirecrisis… url,Disaster-related,0.691535234451294,0.2959774434566498,0.012487268075346947,-0.679047966375947,Negative
8424,razed,Entire planetary systems born and razed in the time that it takes your mortal hearts to beat once. #calbot,entire planetary systems born and razed in the time that it takes your mortal hearts to beat once. #calbot,Non-disaster,0.15592674911022186,0.7390269637107849,0.10504628717899323,-0.05088046193122864,Neutral
8436,razed,We should’ve razed every plantation house and redistributed the land,we should’ve razed every plantation house and redistributed the land,Non-disaster,0.5212111473083496,0.45238083600997925,0.026407990604639053,-0.49480315670371056,Negative
8438,razed,😂 get to baking! The new sparrow has some pretty neat animations,😂 get to baking! the new sparrow has some pretty neat animations,Non-disaster,0.0026451474986970425,0.0239284448325634,0.9734264016151428,0.9707812541164458,Positive
8442,razed,In 70 CE Titus the son of the Roman Emperor Vespasian laid siege and sacked Jerusalem and razed the Jewish temple t… https://t.co/Ihp9R9hx2N,in 70 ce titus the son of the roman emperor vespasian laid siege and sacked jerusalem and razed the jewish temple t… url,Disaster-related,0.42514240741729736,0.5624765157699585,0.012381034903228283,-0.4127613725140691,Neutral
8453,refugees,"UP becomes the first state to begin process for implementation of CAA Yes..! 40,000 Non-Muslims all set to get a New li…","up becomes the first state to begin process for implementation of caa yes..! 40,000 non-muslims all set to get a new li…",Disaster-related,0.01922454684972763,0.6029576659202576,0.3778178095817566,0.35859326273202896,Neutral
8465,refugees,Isn’t he contradicting himself. The CAA law provides citizenship to refugee… https://t.co/neos87h97D,isn’t he contradicting himself. the caa law provides citizenship to refugee… url,Non-disaster,0.3476894795894623,0.6382007598876953,0.01410969253629446,-0.3335797870531678,Neutral
8472,refugees,"After Skardu fell to the Pakistanis and their Jihadi allies, the exultant Pakistanis sent a radio message boasting what they…","after skardu fell to the pakistanis and their jihadi allies, the exultant pakistanis sent a radio message boasting what they…",Non-disaster,0.49776625633239746,0.4802117347717285,0.022022034972906113,-0.47574422135949135,Negative
8477,refugees,Opinion: She moved to Texas for safety. Now the state wants to keep out refugees like her. https://t.co/Z6xta17yGB,opinion: she moved to texas for safety. now the state wants to keep out refugees like her. url,Non-disaster,0.6702555418014526,0.32005852460861206,0.009685942903161049,-0.6605695988982916,Negative
8527,rescue,Please share this new video with your followers as this is the proper way to rescue dehydrated #koalas give them water…,please share this new video with your followers as this is the proper way to rescue dehydrated #koalas give them water…,Non-disaster,0.010237143374979496,0.26111072301864624,0.7286521792411804,0.7184150358662009,Positive
8529,rescue,"Like many of you, we felt the need to do something to help Australia. For every RT this gets we’ll donate $0.50 to …","like many of you, we felt the need to do something to help australia. for every rt this gets we’ll donate $0.50 to …",Non-disaster,0.009265895001590252,0.36744871735572815,0.6232853531837463,0.6140194581821561,Positive
8534,rescue,"A little family to introduce today, Brussel and her kittens Sprout and Nutmeg. Mum is only young and the kittens are 6-7 m…","a little family to introduce today, brussel and her kittens sprout and nutmeg. mum is only young and the kittens are 6-7 m…",Non-disaster,0.004749658517539501,0.5502934455871582,0.44495689868927,0.4402072401717305,Neutral
8537,rescue,Omolola's case is just one out of too many. I will appreciate it if can liaise with… https://t.co/uxoEzK7E9L,omolola's case is just one out of too many. i will appreciate it if can liaise with… url,Non-disaster,0.20067915320396423,0.5610871911048889,0.23823367059230804,0.03755451738834381,Neutral
8538,rescue,realDonaldTrump: #CovFeFe #ShitFlingingOrangeMacaque Can you believe this jerk is our President? #StateOfTheUniom… https://t.co/E6s2Na8axP,realdonaldtrump: #covfefe #shitflingingorangemacaque can you believe this jerk is our president? #stateoftheuniom… url,Non-disaster,0.9364184737205505,0.05555257573723793,0.008028971031308174,-0.9283895026892424,Negative
8548,rescue,so thankful to you for coming up to the rescue as they are providing 20GB FREE STORAGE space so that we… https://t.co/O5LpQXIncH,so thankful to you for coming up to the rescue as they are providing 20gb free storage space so that we… url,Non-disaster,0.002814333187416196,0.02591594122350216,0.9712697267532349,0.9684553935658187,Positive
8555,rescue,MARISKA IS SAFE!❤️🎉🎉 Thanks to &amp; Cleared Fur Takeoff Rescue Pledges to: https://t.co/8LHerAtUYV A massive than…,mariska is safe!❤️🎉🎉 thanks to &amp; cleared fur takeoff rescue pledges to: url a massive than…,Disaster-related,0.0027782381512224674,0.024720659479498863,0.9725010991096497,0.9697228609584272,Positive
8556,rescue,Ambulance Robot City Rescue Android Gameplay https://t.co/O3QYUB6Usy via,ambulance robot city rescue android gameplay url via,Non-disaster,0.013139014132320881,0.9342216849327087,0.05263940244913101,0.03950038831681013,Neutral
8557,rescue,Roo was found by a member of the public as a new born lamb alone covered in afterbirth. He was whisked away to a wi… https://t.co/rjd7omweqC,roo was found by a member of the public as a new born lamb alone covered in afterbirth. he was whisked away to a wi… url,Disaster-related,0.5364463329315186,0.4553130567073822,0.008240561001002789,-0.5282057719305158,Negative
8558,rescue,Our engineers from 2nd Engineer Regiment continue to help rescue and assist wildlife alongside the …,our engineers from 2nd engineer regiment continue to help rescue and assist wildlife alongside the …,Non-disaster,0.007989153265953064,0.6904120445251465,0.30159878730773926,0.2936096340417862,Neutral
8562,rescued,Rescued Pit Bulls Save Owner's Life During Attempted Robbery https://t.co/lrvy7NpgNU,rescued pit bulls save owner's life during attempted robbery url,Disaster-related,0.06163087487220764,0.845819890499115,0.09254920482635498,0.03091832995414734,Neutral
8563,rescued,Man rescued after withstanding 3 weeks in Alaskan wilderness following loss of his home and beloved dog to fire https://t.co/rx…,man rescued after withstanding 3 weeks in alaskan wilderness following loss of his home and beloved dog to fire url,Disaster-related,0.22893929481506348,0.7100985050201416,0.06096220389008522,-0.16797709092497826,Neutral
8564,rescued,Queen Hind: 180 rescued sheep arrive at new home in Romania https://t.co/DmnKcTz7ao #QueenHind #Romania #EndLive…,queen hind: 180 rescued sheep arrive at new home in romania url #queenhind #romania #endlive…,Disaster-related,0.005574973300099373,0.6910073161125183,0.3034176826477051,0.2978427093476057,Neutral
8570,rescued,Many animals have been rescued near the Taal volcano in the Philippines. but others have been abandoned 😢😢😢 by their owners…,many animals have been rescued near the taal volcano in the philippines. but others have been abandoned 😢😢😢 by their owners…,Disaster-related,0.7793844938278198,0.21077287197113037,0.009842552244663239,-0.7695419415831566,Negative
8571,rescued,"gahd just looking at photos and videos of animals who died, are still stuck, or were rescued makes me want to bawl my eyes out 😭😭😭","gahd just looking at photos and videos of animals who died, are still stuck, or were rescued makes me want to bawl my eyes out 😭😭😭",Non-disaster,0.9129626154899597,0.0754416435956955,0.011595791205763817,-0.9013668242841959,Negative
8581,rescued,My tears just came out while watching this. Please help them. Animals have the right to be rescued too. #TaalVolcanoAshfall…,my tears just came out while watching this. please help them. animals have the right to be rescued too. #taalvolcanoashfall…,Non-disaster,0.6247302293777466,0.3104744255542755,0.0647953450679779,-0.5599348843097687,Negative
8585,rescued,"Just as firefighters are combating #bushfires in Australia, rescuing people and animals, 75 years ago our own national f…","just as firefighters are combating #bushfires in australia, rescuing people and animals, 75 years ago our own national f…",Non-disaster,0.33189430832862854,0.5825121402740479,0.08559359610080719,-0.24630071222782135,Neutral
8600,rescuers,Let's pray for the safety of everyone and for the rescuers. 🙏🙏🙏🙏 #TaalVolcano #TaalVolcanoEruption #TaalEruption https:/…,let's pray for the safety of everyone and for the rescuers. 🙏🙏🙏🙏 #taalvolcano #taalvolcanoeruption #taaleruption https:/…,Non-disaster,0.06391264498233795,0.39134129881858826,0.5447460412979126,0.48083339631557465,Positive
8603,rescuers,"Knowing the current situation in the places affected by the eruption of Taal Volcano, many fur babies have been left behin…","knowing the current situation in the places affected by the eruption of taal volcano, many fur babies have been left behin…",Disaster-related,0.679151177406311,0.3103872835636139,0.010461494326591492,-0.6686896830797195,Negative
8618,rescuers,"What about fire ??If people pop out when they feel like it , they have to have some way of monitoring staf… https://t.co/lS57POiUF2","what about fire ??if people pop out when they feel like it , they have to have some way of monitoring staf… url",Non-disaster,0.14009031653404236,0.8442441821098328,0.015665443614125252,-0.1244248729199171,Neutral
8623,rescuers,Dog rescuers are a great bunch of people! https://t.co/5MfgnGq65N https://t.co/HWm5a5Yv9n,dog rescuers are a great bunch of people! url url,Non-disaster,0.0035814435686916113,0.012770822271704674,0.9836477637290955,0.9800663201604038,Positive
8625,rescuers,This is so heartbreaking 😭 Guys there is a group of animal rescuers going to Taal—they are called SPAR. Please share and if…,this is so heartbreaking 😭 guys there is a group of animal rescuers going to taal—they are called spar. please share and if…,Non-disaster,0.6462626457214355,0.3176555931568146,0.036081794649362564,-0.610180851072073,Negative
8653,riot,"I can't be the only one that doesnt find MOST variety clips unimpressive Easy bounces, Almost ANYTHING involving W… https://t.co/QDihuxfXed","i can't be the only one that doesnt find most variety clips unimpressive easy bounces, almost anything involving w… url",Non-disaster,0.817233681678772,0.16927625238895416,0.01348995603621006,-0.8037437256425619,Negative
8655,riot,When Riot costs team game with unfortunate ult. #twitch #TwitchAffilate #SupportAllStreamers #SmallStreamersConnect #Suppo…,when riot costs team game with unfortunate ult. #twitch #twitchaffilate #supportallstreamers #smallstreamersconnect #suppo…,Non-disaster,0.7052695751190186,0.27106308937072754,0.0236673466861248,-0.6816022284328938,Negative
8661,riot,Looks like are going to be making more Tabletop Games - which we are excited about because we loved Mech… https://t.co/JswksGpGxM,looks like are going to be making more tabletop games - which we are excited about because we loved mech… url,Non-disaster,0.0012103578774258494,0.012835358269512653,0.9859543442726135,0.9847439863951877,Positive
8686,riot,And the people of London and all over the country gathered in peace to show that all we want and ST… https://t.co/J41sRyqGFG,and the people of london and all over the country gathered in peace to show that all we want and st… url,Non-disaster,0.008955205790698528,0.4321897625923157,0.5588550567626953,0.5498998509719968,Positive
8689,riot,Whether you're conservative or liberal best of luck in November. Peace! It's just my opinion. If you're conservativ… https://t.co/8deVRzPo6L,whether you're conservative or liberal best of luck in november. peace! it's just my opinion. if you're conservativ… url,Non-disaster,0.013976192101836205,0.15080957114696503,0.8352142572402954,0.8212380651384592,Positive
8690,riot,"📢 Today, any player that needs to update to a Riot Account will see a pop-up in-client preventing them from playing until…","📢 today, any player that needs to update to a riot account will see a pop-up in-client preventing them from playing until…",Non-disaster,0.48330479860305786,0.5051969885826111,0.01149823609739542,-0.47180656250566244,Neutral
8691,riot,"Fuck you you listen to those WITH MOST reports, fuck the contexts of the game. What's that I say curse w… https://t.co/8aiu6Zd8Yr","fuck you you listen to those with most reports, fuck the contexts of the game. what's that i say curse w… url",Non-disaster,0.9426102042198181,0.052833426743745804,0.0045563396997749805,-0.9380538645200431,Negative
8697,riot,Draven need so much buffs but i kinda expect the legendary +2 ad meme buff from riot,draven need so much buffs but i kinda expect the legendary +2 ad meme buff from riot,Non-disaster,0.33742058277130127,0.5285903215408325,0.1339891403913498,-0.20343144237995148,Neutral
8700,riot,Cant we the people who elected these useless idiots riot ir something,cant we the people who elected these useless idiots riot ir something,Non-disaster,0.9147794246673584,0.07767557352781296,0.0075449333526194096,-0.907234491314739,Negative
8705,rioting,"Don't be upset We have Jhutler who we can call Modern day Hitler.. 1) Hitler was dictator,…","don't be upset we have jhutler who we can call modern day hitler.. 1) hitler was dictator,…",Non-disaster,0.5632637143135071,0.3829418122768402,0.05379444360733032,-0.5094692707061768,Negative
8708,rioting,"What is that, like 6 times in as many months that massive rioting halted a major repressive or austerity measure? (Leb…","what is that, like 6 times in as many months that massive rioting halted a major repressive or austerity measure? (leb…",Disaster-related,0.5577436089515686,0.4262838065624237,0.01597258634865284,-0.5417710226029158,Negative
8735,rioting,How come so called educated people interpret things in such a foolish way? He didn't say CAA is bad for… https://t.co/GiM9yGvOfA,how come so called educated people interpret things in such a foolish way? he didn't say caa is bad for… url,Non-disaster,0.7667641043663025,0.22536244988441467,0.0078734727576375,-0.758890631608665,Negative
8744,rioting,If U get gangs of young Muslim men rioting in the streets U should use video recorder to prove they are violent ove… https://t.co/vLM1uGH05n,if u get gangs of young muslim men rioting in the streets u should use video recorder to prove they are violent ove… url,Non-disaster,0.5627273321151733,0.4249122142791748,0.012360451743006706,-0.5503668803721666,Negative
8747,rioting,Ummah before everything. 'Eminent intellectuals' ready to make the most ridiculous of claims to provide cover to th… https://t.co/Pl4WWAsdAb,ummah before everything. 'eminent intellectuals' ready to make the most ridiculous of claims to provide cover to th… url,Non-disaster,0.666693925857544,0.3081182837486267,0.02518778294324875,-0.6415061429142952,Negative
8750,rioting,He has been facing trial for molestation and rioting and other criminal charges in connection with a controversial… https://t.co/wKnzRZgm7O,he has been facing trial for molestation and rioting and other criminal charges in connection with a controversial… url,Non-disaster,0.7370100617408752,0.2551265060901642,0.007863437756896019,-0.7291466239839792,Negative
8754,rubble,At least 56 people dead in #Pakistani administered #Kashmir #NeelumValley after avalanches hit scores of houses. Au… https://t.co/LB4Gc6eT9f,at least 56 people dead in #pakistani administered #kashmir #neelumvalley after avalanches hit scores of houses. au… url,Disaster-related,0.7390949726104736,0.25217482447624207,0.008730161935091019,-0.7303648106753826,Negative
8765,rubble,US troops clear rubble from Iraq base days after Iran strike Journalists touring the Ain al-Asad base saw large cra… https://t.co/LWg6lFZz7r,us troops clear rubble from iraq base days after iran strike journalists touring the ain al-asad base saw large cra… url,Disaster-related,0.23484134674072266,0.745359480381012,0.019799236208200455,-0.2150421105325222,Neutral
8784,rubble,Your way or no way huh! Get lost you pile of rubble,your way or no way huh! get lost you pile of rubble,Non-disaster,0.9006879925727844,0.08557981252670288,0.013732260093092918,-0.8869557324796915,Negative
8786,rubble,Now our Earth is ruined; a wasteland of dirt and rubble. I can't help but take some of the blame for all of this.,now our earth is ruined; a wasteland of dirt and rubble. i can't help but take some of the blame for all of this.,Non-disaster,0.9469947218894958,0.04776808246970177,0.0052372002974152565,-0.9417575215920806,Negative
8802,ruin,"ah i miss for timeless so much ;; all that i have now.. make gifs from my bonus cards i even don't put logo, can't ruin such…","ah i miss for timeless so much ;; all that i have now.. make gifs from my bonus cards i even don't put logo, can't ruin such…",Non-disaster,0.2738198935985565,0.2560173273086548,0.4701628088951111,0.19634291529655457,Positive
8806,ruin,What better way to deliberately ruin a country for the benefit their multinational corporate masters than to promote their…,what better way to deliberately ruin a country for the benefit their multinational corporate masters than to promote their…,Non-disaster,0.870617687702179,0.11720863729715347,0.012173693627119064,-0.8584439940750599,Negative
8809,ruin,You can really ruin your day by giving a fuck. I cannot give any more.,you can really ruin your day by giving a fuck. i cannot give any more.,Non-disaster,0.9481463432312012,0.0448908805847168,0.006962773855775595,-0.9411835693754256,Negative
8837,sandstorm,what song is this DUDUDUDUDU Sandstorm,what song is this dududududu sandstorm,Non-disaster,0.5172402858734131,0.43153810501098633,0.05122154578566551,-0.4660187400877476,Negative
8839,sandstorm,The most underrated queen of them all #sandstorm #warriorcats https://t.co/gKt1sopfNd,the most underrated queen of them all #sandstorm #warriorcats url,Non-disaster,0.017538169398903847,0.07277533411979675,0.9096865653991699,0.8921483960002661,Positive
8841,sandstorm,Iran Hit By Sandstorm &amp; Earthquake As They Plan To Attack Israel! https://t.co/msGAn4FBJG,iran hit by sandstorm &amp; earthquake as they plan to attack israel! url,Disaster-related,0.662548303604126,0.3235325217247009,0.01391925010830164,-0.6486290534958243,Negative
8849,sandstorm,Tyranitar's sandstorm gonna destroy the whole team before they even get to the destination floor lol,tyranitar's sandstorm gonna destroy the whole team before they even get to the destination floor lol,Non-disaster,0.6988468170166016,0.24008457362651825,0.06106863543391228,-0.6377781815826893,Negative
8852,sandstorm,Firestar and Sandstorm art I did with 's designs 'cause I'm weak for this relationship https://t.co/u56kp6fIUQ,firestar and sandstorm art i did with 's designs 'cause i'm weak for this relationship url,Non-disaster,0.6111082434654236,0.35131141543388367,0.037580348551273346,-0.5735278949141502,Negative
8864,sandstorm,The confetti at a #NationalChampionship game is nothing short of breath taking. Feels like an overwhelming sandstorm to…,the confetti at a #nationalchampionship game is nothing short of breath taking. feels like an overwhelming sandstorm to…,Non-disaster,0.2900107204914093,0.3163762390613556,0.3936130106449127,0.10360229015350342,Positive
8865,sandstorm,so interesting to learn that Little Women directed itself and Parasite didn't have any actors in it,so interesting to learn that little women directed itself and parasite didn't have any actors in it,Non-disaster,0.013932567089796066,0.358601450920105,0.6274660229682922,0.6135334558784962,Positive
8867,sandstorm,Mamamoo world tour PLSS!,mamamoo world tour plss!,Non-disaster,0.005365499760955572,0.14355340600013733,0.8510810732841492,0.8457155735231936,Positive
8873,sandstorm,lol hold up -- they just aired a preview for the preview black widow is STILL dropping damn vormir is tall,lol hold up -- they just aired a preview for the preview black widow is still dropping damn vormir is tall,Non-disaster,0.2352072149515152,0.6234623193740845,0.14133045077323914,-0.09387676417827606,Neutral
8887,sandstorm,"And I still chant the words ""L-S-U"" during Sandstorm. #CLEMvsLSU","and i still chant the words ""l-s-u"" during sandstorm. #clemvslsu",Non-disaster,0.12019672989845276,0.5491913557052612,0.3306118845939636,0.21041515469551086,Neutral
8904,screamed,remember when i screamed stray kids everywhere all around the world and eliz qian and shin where supposed to do it with me…,remember when i screamed stray kids everywhere all around the world and eliz qian and shin where supposed to do it with me…,Non-disaster,0.21849000453948975,0.6109846830368042,0.17052531242370605,-0.04796469211578369,Neutral
8918,screamed,"Everytime i see or hear somebody is called Christina i think about the time i bought a Nintendo card at a Spar, it didn't…","everytime i see or hear somebody is called christina i think about the time i bought a nintendo card at a spar, it didn't…",Non-disaster,0.4458140730857849,0.5249120593070984,0.029273871332406998,-0.4165402017533779,Neutral
8922,screamed,NO WAIT SHUT THE FUCK UP I LITERALLY SCREAMED https://t.co/P0apJo2AHM,no wait shut the fuck up i literally screamed url,Non-disaster,0.6686763763427734,0.26101961731910706,0.07030396908521652,-0.5983724072575569,Negative
8923,screamed,My mum came out and she screamed so loud from shock then she was like it’s ok its ok bc she saw me historicallly cr… https://t.co/BMQQUdUgvc,my mum came out and she screamed so loud from shock then she was like it’s ok its ok bc she saw me historicallly cr… url,Non-disaster,0.2581394612789154,0.48386120796203613,0.2579992711544037,-0.00014019012451171875,Neutral
8925,screamed,You forgot to forget You forgot to lament You forgot to not to get pissed off when n*ggas moved in Why'd you forget? How…,you forgot to forget you forgot to lament you forgot to not to get pissed off when n*ggas moved in why'd you forget? how…,Non-disaster,0.8933067917823792,0.10012862831354141,0.006564609240740538,-0.8867421825416386,Negative
8928,screamed,i screamed https://t.co/ShY69gf1jB,i screamed url,Non-disaster,0.306960791349411,0.491628497838974,0.2014106810092926,-0.10555011034011841,Neutral
8929,screamed,Those people who screamed justice for the non debuted finalists are now being very silent. Proofing that they don’t really…,those people who screamed justice for the non debuted finalists are now being very silent. proofing that they don’t really…,Non-disaster,0.7876320481300354,0.20405901968479156,0.00830897781997919,-0.7793230703100562,Negative
8936,screamed,He screamed his head off and cry for bit after but bin fine!! Bless him. George was bit poorly with hi… https://t.co/6x27dB6P9L,he screamed his head off and cry for bit after but bin fine!! bless him. george was bit poorly with hi… url,Non-disaster,0.15648186206817627,0.2789289355278015,0.5645892024040222,0.40810734033584595,Positive
8947,screamed,i literally screamed when i saw it,i literally screamed when i saw it,Non-disaster,0.43107685446739197,0.32366177439689636,0.2452613264322281,-0.18581552803516388,Negative
8952,screamed,so that's why you screamed at her like that jisoo HAHAHAHAHAHA https://t.co/CqbQpmBbVj,so that's why you screamed at her like that jisoo hahahahahaha url,Non-disaster,0.19834654033184052,0.6676093935966492,0.13404405117034912,-0.0643024891614914,Neutral
8955,screamed,"Everything I've ever screamed about in one beautiful thread. Thank You, Bravo! https://t.co/ODmw1LmZh3","everything i've ever screamed about in one beautiful thread. thank you, bravo! url",Non-disaster,0.003418770618736744,0.009053969755768776,0.9875273108482361,0.9841085402294993,Positive
8961,screaming,I'M SCREAMING HOW HAD I NOT SEEN THIS BEFORE https://t.co/cDp8is5xdy,i'm screaming how had i not seen this before url,Non-disaster,0.33290937542915344,0.3284693658351898,0.33862125873565674,0.005711883306503296,Positive
8965,screaming,I’m screaming. He just wanted to know where baby girl was from. She turned into Kunta https://t.co/GK6G1nq5Oc,i’m screaming. he just wanted to know where baby girl was from. she turned into kunta url,Non-disaster,0.5146372318267822,0.4451097846031189,0.040252964943647385,-0.47438426688313484,Negative
8979,screaming,where is those by9ers who plead for justice and kept on screaming justice for months? justice??? really???,where is those by9ers who plead for justice and kept on screaming justice for months? justice??? really???,Non-disaster,0.8140998482704163,0.1719120442867279,0.01398804597556591,-0.8001118022948503,Negative
8981,screaming,I’M SCREAMING WATCH THIS https://t.co/QBV6ANmwmI,i’m screaming watch this url,Non-disaster,0.09592118114233017,0.40347108244895935,0.5006077289581299,0.4046865478157997,Positive
8987,screaming,everyone always talks about sylvain being a youtuber but what about felix having a popular gaming channel and as he'…,everyone always talks about sylvain being a youtuber but what about felix having a popular gaming channel and as he'…,Non-disaster,0.028500063344836235,0.8941565155982971,0.07734345644712448,0.048843393102288246,Neutral
8992,screaming,i’m so scared somebody was screaming for help in our dorms,i’m so scared somebody was screaming for help in our dorms,Disaster-related,0.8539565205574036,0.13380931317806244,0.012234204448759556,-0.841722316108644,Negative
8993,screaming,Get these mfs in the White House I’m screaming https://t.co/tU5YHiaQxI,get these mfs in the white house i’m screaming url,Non-disaster,0.8958790302276611,0.08800304681062698,0.016117936000227928,-0.8797610942274332,Negative
8996,screaming,"Thank you, For coming to my dream, For hugging my tired soul, I wouldn't cry now but my soul is screaming, I miss… https://t.co/kD43gMMCct","thank you, for coming to my dream, for hugging my tired soul, i wouldn't cry now but my soul is screaming, i miss… url",Non-disaster,0.051936838775873184,0.11755126714706421,0.8305119276046753,0.7785750888288021,Positive
9002,screaming,"90% of teenagers would cry if Justin Bieber was standing on top of a tower ready to jump, Retweet this If you are the 10%…","90% of teenagers would cry if justin bieber was standing on top of a tower ready to jump, retweet this if you are the 10%…",Non-disaster,0.41235148906707764,0.50801682472229,0.07963168621063232,-0.3327198028564453,Neutral
9003,screaming,I’m screaming 🤣 because that fasho sounds like you,i’m screaming 🤣 because that fasho sounds like you,Non-disaster,0.3361983001232147,0.24791429936885834,0.4158874452114105,0.0796891450881958,Positive
9013,screaming,love is when you crying on the inside screaming fuck love,love is when you crying on the inside screaming fuck love,Non-disaster,0.8828309178352356,0.10061143338680267,0.01655769720673561,-0.8662732206285,Negative
9020,screaming,Pov her screaming into her babies ears https://t.co/x1NE6oFiL7,pov her screaming into her babies ears url,Non-disaster,0.3009117841720581,0.6490122675895691,0.05007600039243698,-0.2508357837796211,Neutral
9025,screams,"general grievous really wasn’t joking when he said to count dooku, “you expect victory over jedi, but all you give… https://t.co/oDhEcXo5n0","general grievous really wasn’t joking when he said to count dooku, “you expect victory over jedi, but all you give… url",Non-disaster,0.39128944277763367,0.5320731997489929,0.0766373872756958,-0.31465205550193787,Neutral
9048,screams,SCREAMS,screams,Non-disaster,0.1527925282716751,0.5319957137107849,0.31521180272102356,0.16241927444934845,Neutral
9055,screams,screams.,screams.,Non-disaster,0.12286191433668137,0.7189503908157349,0.15818774700164795,0.03532583266496658,Neutral
9059,screams,there’s this filipino word “umay” which is basically getting sick of something because something taste… https://t.co/yjHU27a7CJ,there’s this filipino word “umay” which is basically getting sick of something because something taste… url,Non-disaster,0.7977733016014099,0.19292396306991577,0.009302680380642414,-0.7884706212207675,Negative
9062,screams,Who the hell screams “get away for me” while chasing someone? https://t.co/qmZfqR1Z1e,who the hell screams “get away for me” while chasing someone? url,Non-disaster,0.8381914496421814,0.1488206833600998,0.012987963855266571,-0.8252034857869148,Negative
9067,screams,"Favorite line from Joker? I personally liked the one where Joker screams ""stop speaking that commie gobbledygook nonse…","favorite line from joker? i personally liked the one where joker screams ""stop speaking that commie gobbledygook nonse…",Non-disaster,0.039599061012268066,0.2410411387681961,0.7193597555160522,0.6797606945037842,Positive
9071,screams,SCREAMS!!!!!! NO WONDER THE ART STYLE IS SO FAMILIAR. GUAZI IS THE ARTIST!!! :O https://t.co/dBj8rnDfur,screams!!!!!! no wonder the art style is so familiar. guazi is the artist!!! :o url,Non-disaster,0.0036010141484439373,0.008587989956140518,0.9878110289573669,0.984210014808923,Positive
9074,seismic,#UOG🇯🇲RNS: CPR upgrades Jamaica Colibri prospect to 229million bbls 🔹High impact licence upgraded by CPR based on new 3D se…,#uog🇯🇲rns: cpr upgrades jamaica colibri prospect to 229million bbls 🔹high impact licence upgraded by cpr based on new 3d se…,Non-disaster,0.008487703278660774,0.7242373824119568,0.2672748863697052,0.2587871830910444,Neutral
9075,seismic,""" Watch therefore ,"" Mat24:42 ""For thus says the Lord of hosts: 'Once more (it is a little while) I will shake heaven and e…",""" watch therefore ,"" mat24:42 ""for thus says the lord of hosts: 'once more (it is a little while) i will shake heaven and e…",Non-disaster,0.008746827952563763,0.6316708326339722,0.3595822751522064,0.35083544719964266,Neutral
9106,seismic,All 6 stations are now installed in Puerto Rico! I'm so proud of the work done by this field crew. Way to go 💪,all 6 stations are now installed in puerto rico! i'm so proud of the work done by this field crew. way to go 💪,Non-disaster,0.0021368307061493397,0.01147556584328413,0.9863876104354858,0.9842507797293365,Positive
9121,seismic,that's one thing you will only probably get once the seismic crisis is over and scienti… https://t.co/VzM2amVRCb,that's one thing you will only probably get once the seismic crisis is over and scienti… url,Non-disaster,0.3357469439506531,0.610964298248291,0.05328873172402382,-0.28245821222662926,Neutral
9128,seismic,"UPDATE, 14 JANUARY 2020 01:00 PM https://t.co/HPpU6nqqn4 “The intense seismic activity coupled with fissuring on the…","update, 14 january 2020 01:00 pm url “the intense seismic activity coupled with fissuring on the…",Disaster-related,0.08135779201984406,0.8930667638778687,0.025575408712029457,-0.0557823833078146,Neutral
9129,seismic,"the first architect that came up w it: ""okay so we can't use brick because it's completely unsafe in a seismic regi… https://t.co/UfwjVjwPeo","the first architect that came up w it: ""okay so we can't use brick because it's completely unsafe in a seismic regi… url",Non-disaster,0.6730400919914246,0.311920702457428,0.015039184130728245,-0.6580009078606963,Negative
9130,seismic,"$DMAN $0.019 Fastest Growing Disruptive Technology Detecting #Oil up to 40,000ft New Oil Leases/… https://t.co/D3mhfdsUHl","$dman $0.019 fastest growing disruptive technology detecting #oil up to 40,000ft new oil leases/… url",Non-disaster,0.0033366321586072445,0.22990478575229645,0.7667585611343384,0.7634219289757311,Positive
9135,seismic,Strong seismic movement detected at home. As much as 1.34 was detected 2020-01-14T05:57:59Z. https://t.co/fG4do8sGMP,strong seismic movement detected at home. as much as 1.34 was detected 2020-01-14t05:57:59z. url,Disaster-related,0.031237566843628883,0.885449230670929,0.08331313729286194,0.052075570449233055,Neutral
9136,seismic,The Philippine Seismic Network recorded a total of forty-nine (49) volcanic earthquakes in the Taal region from 2:0… https://t.co/uAYizhtJ1I,the philippine seismic network recorded a total of forty-nine (49) volcanic earthquakes in the taal region from 2:0… url,Disaster-related,0.028948577120900154,0.9367151260375977,0.03433625027537346,0.005387673154473305,Neutral
9144,sinkhole,"Sinkhole swallows bus and passengers, killing at least 6 https://t.co/nZf9xQUFVI -Yale Fishman https://t.co/By8BcYDd8s","sinkhole swallows bus and passengers, killing at least 6 url -yale fishman url",Disaster-related,0.744413435459137,0.24641695618629456,0.009169618599116802,-0.7352438168600202,Negative
9150,sinkhole,Another sinkhole horror in #China. At least 6 dead after huge sinkhole swallows bus and pedestrians. Incidents like t…,another sinkhole horror in #china. at least 6 dead after huge sinkhole swallows bus and pedestrians. incidents like t…,Disaster-related,0.9234949350357056,0.07110115140676498,0.005403963848948479,-0.9180909711867571,Negative
9158,sinkhole,Video from the scene in Xining showed several people disappearing into the sinkhole https://t.co/6Mq1H4HEoq,video from the scene in xining showed several people disappearing into the sinkhole url,Disaster-related,0.2374115288257599,0.7485799193382263,0.014008586294949055,-0.22340294253081083,Neutral
9165,sinkhole,6 people found dead after sinkhole swallows public bus in Xining https://t.co/dQvLSbeGYR,6 people found dead after sinkhole swallows public bus in xining url,Disaster-related,0.722440242767334,0.2684154808521271,0.009144204668700695,-0.7132960380986333,Negative
9170,sinkhole,"BREAKING: Huge sinkhole swallows bus in northwest #China; at least 6 dead, 16 injured, and 4 missing https://t.co/jHp…","breaking: huge sinkhole swallows bus in northwest #china; at least 6 dead, 16 injured, and 4 missing url",Disaster-related,0.7774752974510193,0.21485383808612823,0.007670811843127012,-0.7698044856078923,Negative
9171,sinkhole,At least six people were killed after a vast sinkhole opened under a bus in northwestern China. The moment the ground gave…,at least six people were killed after a vast sinkhole opened under a bus in northwestern china. the moment the ground gave…,Disaster-related,0.9129796028137207,0.08197449892759323,0.0050459508784115314,-0.9079336519353092,Negative
9173,sinkhole,"Enormous sinkhole swallows passers-by and a bus in northwest China. 15 injured, 10 still missing https://t.co/eFaA9mm0ko 📸 A bu…","enormous sinkhole swallows passers-by and a bus in northwest china. 15 injured, 10 still missing url 📸 a bu…",Disaster-related,0.8886408805847168,0.10659915208816528,0.004759891424328089,-0.8838809891603887,Negative
9174,sinkhole,China sinkhole: Six killed as ground swallows bus https://t.co/3TCoFIJqor,china sinkhole: six killed as ground swallows bus url,Disaster-related,0.8506588339805603,0.14374059438705444,0.005600532051175833,-0.8450583019293845,Negative
9191,sinkhole,"Enormous sinkhole swallows bus and passengers in China, killing at least 6 people https://t.co/YarTc87r0v","enormous sinkhole swallows bus and passengers in china, killing at least 6 people url",Disaster-related,0.8778907060623169,0.11578109860420227,0.0063282400369644165,-0.8715624660253525,Negative
9195,sinking,You ain't gotta move a finger or pinky when we linking... Whatever keeps your boat afloat or ship sinking... https://t.co/XB7KzVRMHr,you ain't gotta move a finger or pinky when we linking... whatever keeps your boat afloat or ship sinking... url,Non-disaster,0.10348944365978241,0.678903341293335,0.21760717034339905,0.11411772668361664,Neutral
9211,sinking,I almost feel bad. Almost. Live picture of Warren’s Campaign sinking beyond repair. #RefundWarren https://t.co/LHUn2UCJhT,i almost feel bad. almost. live picture of warren’s campaign sinking beyond repair. #refundwarren url,Non-disaster,0.9495468139648438,0.04562722519040108,0.004825950134545565,-0.9447208638302982,Negative
9212,sinking,"“Ok so that was an iceberg and, yep we did hit it and um, we are sinking, but how good are these lifeboats for half of you?”","“ok so that was an iceberg and, yep we did hit it and um, we are sinking, but how good are these lifeboats for half of you?”",Non-disaster,0.7271920442581177,0.2237553894519806,0.0490526407957077,-0.67813940346241,Negative
9217,sinking,God’s morning! On Christ the solid rock I stand all other ground is sinking sand! Standing on the promises of Chris… https://t.co/BGzw28KKNZ,god’s morning! on christ the solid rock i stand all other ground is sinking sand! standing on the promises of chris… url,Non-disaster,0.005571326240897179,0.08290916681289673,0.911519467830658,0.9059481415897608,Positive
9233,siren,Looking forward to some #quickwins and excellent #networking https://t.co/fqwkWdhYf0,looking forward to some #quickwins and excellent #networking url,Non-disaster,0.002195964800193906,0.018980836495757103,0.9788232445716858,0.9766272797714919,Positive
9238,siren,Beware clout. The sweet siren call has led many a twitter sailor onto the rocks and their doom. *what's w… https://t.co/JKf4eeN1V8,beware clout. the sweet siren call has led many a twitter sailor onto the rocks and their doom. *what's w… url,Non-disaster,0.8231339454650879,0.16356265544891357,0.013303406536579132,-0.8098305389285088,Negative
9240,siren,"“At least sucide bombers are activists, what have you done?” Being an activist does… https://t.co/9ImT8WYY0y","“at least sucide bombers are activists, what have you done?” being an activist does… url",Non-disaster,0.20314128696918488,0.7175443172454834,0.07931440323591232,-0.12382688373327255,Neutral
9241,siren,A FOCUS CAM OF SONG JIYANG SINGING “LOVE SIREN” SO CUTEE 😭❤️ #TheUntamedBoys #TheUntamedBoysinBKK https://t.co/b7CbPkrQAL,a focus cam of song jiyang singing “love siren” so cutee 😭❤️ #theuntamedboys #theuntamedboysinbkk url,Non-disaster,0.004303313326090574,0.03580470755696297,0.9598919153213501,0.9555886019952595,Positive
9244,sirens,It took me 5 fucking years to hear the intro to Go Go Go by Sleeping With Sirens correctly,it took me 5 fucking years to hear the intro to go go go by sleeping with sirens correctly,Non-disaster,0.8674008846282959,0.11814439296722412,0.01445472426712513,-0.8529461603611708,Negative
9270,sirens,if you cant hang - sleeping with sirens,if you cant hang - sleeping with sirens,Non-disaster,0.4551876485347748,0.5176823139190674,0.027130039408802986,-0.4280576091259718,Neutral
9273,sirens,"Ulysses and the Sirens. #Mosaic from Dougga in the Bardo Museum, Tunis, Tunisia. https://t.co/7mcTnejvbB","ulysses and the sirens. #mosaic from dougga in the bardo museum, tunis, tunisia. url",Non-disaster,0.011668709106743336,0.9264499545097351,0.061881307512521744,0.05021259840577841,Neutral
9274,sirens,Is it time for Charter 2020? https://t.co/pKzcQ1O3ZK,is it time for charter 2020? url,Non-disaster,0.00879491213709116,0.9400822520256042,0.051122888922691345,0.042327976785600185,Neutral
9277,sirens,"HOLD ON my nigga said “I’m afraid of love don’t think it will find me, talk to god above ask him what these si…","hold on my nigga said “i’m afraid of love don’t think it will find me, talk to god above ask him what these si…",Non-disaster,0.7545201182365417,0.22536490857601166,0.020114989951252937,-0.7344051282852888,Negative
9289,sirens,SIRENS x AMITY x STRAY x UNITYTX Tickets/VIP On-Sale FRIDAY 🙌🏽 https://t.co/acUP55HQnG,sirens x amity x stray x unitytx tickets/vip on-sale friday 🙌🏽 url,Non-disaster,0.0022267349995672703,0.26584088802337646,0.7319323420524597,0.7297056070528924,Positive
9290,sirens,Woken up to hear that Johnson [Cummings] has agreed to hold an exclusive first interview as PM live on (8 am…,woken up to hear that johnson [cummings] has agreed to hold an exclusive first interview as pm live on (8 am…,Non-disaster,0.003938436508178711,0.8553355932235718,0.14072589576244354,0.13678745925426483,Neutral
9294,sirens,This outstanding comment piece by the equally outstanding is all you need to read. Repeatedly. You’re welcome. h…,this outstanding comment piece by the equally outstanding is all you need to read. repeatedly. you’re welcome. h…,Non-disaster,0.004386190325021744,0.018308762460947037,0.9773050546646118,0.9729188643395901,Positive
9296,sirens,I still hear the trucks but the sirens have stopped. Hope I can get back to sleep.,i still hear the trucks but the sirens have stopped. hope i can get back to sleep.,Non-disaster,0.2554830014705658,0.6037572026252747,0.14075981080532074,-0.11472319066524506,Neutral
9297,sirens,with ears to see and eyes to hear by sleeping with sirens :)),with ears to see and eyes to hear by sleeping with sirens :)),Non-disaster,0.014605454169213772,0.6106768846511841,0.37471771240234375,0.36011225823313,Neutral
9300,sirens,Boris Johnson is so effing embarrassing now . Can we turn him off ? https://t.co/jQDmXPZKR4,boris johnson is so effing embarrassing now . can we turn him off ? url,Non-disaster,0.9409313201904297,0.05280062183737755,0.006268004421144724,-0.934663315769285,Negative
9312,sirens,TOUR: book co-headline tour with : https://t.co/6dZvtm49V3,tour: book co-headline tour with : url,Non-disaster,0.006922558415681124,0.944139301776886,0.04893820360302925,0.04201564518734813,Neutral
9313,sirens,There's a wonderful 360 photo view of the inside of the building for anyone who needs encouragement that…,there's a wonderful 360 photo view of the inside of the building for anyone who needs encouragement that…,Non-disaster,0.003906670026481152,0.055080413818359375,0.9410129189491272,0.937106248922646,Positive
9314,sirens,ah shit. state capture commission blue lights and sirens are back 😣,ah shit. state capture commission blue lights and sirens are back 😣,Non-disaster,0.8516796231269836,0.13173715770244598,0.01658318191766739,-0.8350964412093163,Negative
9327,smoke,Awful scenes in Melbourne. Dalila Jakupovic has abandoned her #AusOpen qualifying match after suffering a coughing fit whil…,awful scenes in melbourne. dalila jakupovic has abandoned her #ausopen qualifying match after suffering a coughing fit whil…,Disaster-related,0.929621696472168,0.06524311751127243,0.00513517064973712,-0.9244865258224308,Negative
9328,smoke,real men doesn’t smoke. that’s it. that’s the tweet,real men doesn’t smoke. that’s it. that’s the tweet,Non-disaster,0.4034171998500824,0.5418576002120972,0.05472518876194954,-0.34869201108813286,Neutral
9339,smoke,The PM expects Australians to adapt to climate change by growing fireproof skin &amp; lungs with smoke filters.… https://t.co/XYygarbotu,the pm expects australians to adapt to climate change by growing fireproof skin &amp; lungs with smoke filters.… url,Non-disaster,0.015148898586630821,0.8268535733222961,0.1579974740743637,0.1428485754877329,Neutral
9341,smoke,Tell yourself you are a smoker but now wish not to smoke. I am still a 50… https://t.co/m8V1asIjYU,tell yourself you are a smoker but now wish not to smoke. i am still a 50… url,Non-disaster,0.21912291646003723,0.714956521987915,0.06592056900262833,-0.1532023474574089,Neutral
9353,smoke,can u deport smoke,can u deport smoke,Non-disaster,0.4910864531993866,0.4838871955871582,0.025026382878422737,-0.46606007032096386,Negative
9368,smoke,McCormack's smoke theory didn't take into a account it doing a lap of the Earth and blowing back on us from the west. #Australi…,mccormack's smoke theory didn't take into a account it doing a lap of the earth and blowing back on us from the west. #australi…,Non-disaster,0.4619159996509552,0.5257012844085693,0.012382754124701023,-0.4495332455262542,Neutral
9377,smoke,The air rating in Melbourne today is +500 ppm in carcinogens from the smoke. The government is telling people…,the air rating in melbourne today is +500 ppm in carcinogens from the smoke. the government is telling people…,Disaster-related,0.6970570683479309,0.2892603278160095,0.013682529330253601,-0.6833745390176773,Negative
9400,snowstorm,They have one more chance to get it right… She’s here to stay. He plans to leave. Can a snowstorm bring them back tog…,they have one more chance to get it right… she’s here to stay. he plans to leave. can a snowstorm bring them back tog…,Non-disaster,0.06453970819711685,0.7609750032424927,0.17448535561561584,0.10994564741849899,Neutral
9403,snowstorm,The great snowstorm of 2020 didn’t materialize overnight in the Olympia area as it did in other parts of Puget Soun… https://t.co/SG3DzWEviG,the great snowstorm of 2020 didn’t materialize overnight in the olympia area as it did in other parts of puget soun… url,Non-disaster,0.15895046293735504,0.7665741443634033,0.07447539269924164,-0.0844750702381134,Neutral
9427,snowstorm,Oh so you lost your shit then? Cuz you a whole snowstorm bud,oh so you lost your shit then? cuz you a whole snowstorm bud,Non-disaster,0.8743392825126648,0.11317279189825058,0.012487974017858505,-0.8618513084948063,Negative
9432,snowstorm,(4 HOURS) Snowstorm &amp; Icy Cold River https://t.co/h8jVUyZ0Z4 via #background #winter #nature #snow #river,(4 hours) snowstorm &amp; icy cold river url via #background #winter #nature #snow #river,Non-disaster,0.04809106886386871,0.9193020462989807,0.03260686993598938,-0.015484198927879333,Neutral
9444,snowstorm,not when the swing states are whiter then a grain of rice on a paper plate in the middle of a snowstorm,not when the swing states are whiter then a grain of rice on a paper plate in the middle of a snowstorm,Non-disaster,0.570970892906189,0.3965022563934326,0.032526902854442596,-0.5384439900517464,Negative
9452,storm,Other people. Deemed it sensible to stay away from the shore today due to Storm Brendan. Here’s one I made earlier. #S…,other people. deemed it sensible to stay away from the shore today due to storm brendan. here’s one i made earlier. #s…,Non-disaster,0.07287102192640305,0.8010441660881042,0.12608478963375092,0.05321376770734787,Neutral
9457,storm,i will never not share this https://t.co/uyT02Mnjsx,i will never not share this url,Non-disaster,0.03276800736784935,0.1576298475265503,0.8096022009849548,0.7768341936171055,Positive
9459,storm,I went from like 0-100 on the scale of being able to be in touch with my hidden emotions lately... now I feel like I’m just an…,i went from like 0-100 on the scale of being able to be in touch with my hidden emotions lately... now i feel like i’m just an…,Non-disaster,0.8181267976760864,0.17048068344593048,0.011392558924853802,-0.8067342387512326,Negative
9463,storm,My ritual morning coffee before I gather myself up for another day stuck inside behind a desk. Would rather be out… https://t.co/X7SrwNMOhi,my ritual morning coffee before i gather myself up for another day stuck inside behind a desk. would rather be out… url,Non-disaster,0.7414040565490723,0.23476392030715942,0.023831967264413834,-0.7175720892846584,Negative
9467,storm,"AMR, urban displacements and ‘the perfect storm in DRC’ 3 of 10 hum crises &amp; trends to watch 2020. Interesting and eye openi…","amr, urban displacements and ‘the perfect storm in drc’ 3 of 10 hum crises &amp; trends to watch 2020. interesting and eye openi…",Non-disaster,0.06528661400079727,0.7075456976890564,0.22716766595840454,0.16188105195760727,Neutral
9480,storm,"As I’m not really doing much with music right now, I will be changing my twitter page name here shortly. Especially since…","as i’m not really doing much with music right now, i will be changing my twitter page name here shortly. especially since…",Non-disaster,0.17085841298103333,0.7268245816230774,0.10231693834066391,-0.06854147464036942,Neutral
9481,storm,Another day. Another Twitter storm regarding all things #THFC Transfers (or lack of) Pro Levy. Anti Levy. Oh and th… https://t.co/aHKfjvlF6h,another day. another twitter storm regarding all things #thfc transfers (or lack of) pro levy. anti levy. oh and th… url,Non-disaster,0.6242076754570007,0.35181155800819397,0.023980842903256416,-0.6002268325537443,Negative
9485,storm,FLOTUS is wearing a rain coat in a closed stadium! Code for “Storm is upon us?” https://t.co/j2ATKJamER,flotus is wearing a rain coat in a closed stadium! code for “storm is upon us?” url,Non-disaster,0.4254612922668457,0.5350188612937927,0.03951984643936157,-0.38594144582748413,Neutral
9496,storm,News: Yellow weather warning for wind in Essex as Storm Brendan sweeps in https://t.co/HkYx5W0ech,news: yellow weather warning for wind in essex as storm brendan sweeps in url,Disaster-related,0.28845661878585815,0.6894509196281433,0.022092439234256744,-0.2663641795516014,Neutral
9500,storm,Entire Country: Storm and difficult driving conditions in Westfjord and in North and lots of roads are closed or im… https://t.co/8dIqhEwXuS,entire country: storm and difficult driving conditions in westfjord and in north and lots of roads are closed or im… url,Disaster-related,0.7043073773384094,0.2833878695964813,0.012304728850722313,-0.6920026484876871,Negative
9510,stretcher,i played football too. saw a player go head to… https://t.co/Z3ZHqaxD6L,i played football too. saw a player go head to… url,Non-disaster,0.044298186898231506,0.9048099517822266,0.05089182406663895,0.00659363716840744,Neutral
9517,stretcher,A MAN HAS FALLEN INTO THE RIVER IN LEGO CITY START THE RESCUE HELICOPTER HEY! BUILD… https://t.co/eWB7fp7hoT,a man has fallen into the river in lego city start the rescue helicopter hey! build… url,Non-disaster,0.27551883459091187,0.6804907917976379,0.043990358710289,-0.23152847588062286,Neutral
9522,stretcher,"Walk in on horse, walk out on stretcher!","walk in on horse, walk out on stretcher!",Non-disaster,0.11231079697608948,0.7838037610054016,0.10388541221618652,-0.008425384759902954,Neutral
9525,stretcher,The film's final scenes feature numerous stretcher-bearers in the trenches. These non-combatants are seen deftly negotiatin…,the film's final scenes feature numerous stretcher-bearers in the trenches. these non-combatants are seen deftly negotiatin…,Non-disaster,0.03188806027173996,0.8481631875038147,0.11994873732328415,0.08806067705154419,Neutral
9532,stretcher,They totally coulda at least tried to swim w him on the stretcher it was barely far at all. They really just let hi… https://t.co/Cgqa2ZNB9j,they totally coulda at least tried to swim w him on the stretcher it was barely far at all. they really just let hi… url,Non-disaster,0.6269176602363586,0.34360194206237793,0.029480427503585815,-0.5974372327327728,Negative
9545,stretcher,Any stipulations or a standard match? Stretcher match? Last Woman Standing? No DQ? Streetfight?,any stipulations or a standard match? stretcher match? last woman standing? no dq? streetfight?,Non-disaster,0.02017662301659584,0.9587474465370178,0.02107595093548298,0.0008993279188871384,Neutral
9547,stretcher,statement as to what she saw and what she had done. She watched helplessly as the woman was loaded… https://t.co/U0FfkdMqm8,statement as to what she saw and what she had done. she watched helplessly as the woman was loaded… url,Non-disaster,0.4727798104286194,0.5127043724060059,0.014515850692987442,-0.45826395973563194,Neutral
9549,stretcher,"Seriously though... If that defender was taken off on a stretcher after that play would everyone's response be ""Tha… https://t.co/nqOucKNz7G","seriously though... if that defender was taken off on a stretcher after that play would everyone's response be ""tha… url",Disaster-related,0.4150657653808594,0.5659332871437073,0.01900089718401432,-0.39606486819684505,Neutral
9552,stretcher,If it was the Bounty Hunting Aints he’d been laid out on a stretcher regardless,if it was the bounty hunting aints he’d been laid out on a stretcher regardless,Non-disaster,0.3379027545452118,0.6317903995513916,0.030306795611977577,-0.3075959589332342,Neutral
9568,stretcher,Fuck a stretcher they’d need a coffin for my ass. https://t.co/tRNVvSFbaA,fuck a stretcher they’d need a coffin for my ass. url,Non-disaster,0.9017212986946106,0.08455316722393036,0.013725480996072292,-0.8879958176985383,Negative
9576,stretcher,Pull up on me wit these and you leaving on a stretcher https://t.co/hjsMdCHCAK,pull up on me wit these and you leaving on a stretcher url,Non-disaster,0.28722450137138367,0.648351788520813,0.06442370265722275,-0.22280079871416092,Neutral
9586,stretcher,he flung himself out of the stretcher so he could continue to play 😩😖😭 https://t.co/PXyvT18HUZ,he flung himself out of the stretcher so he could continue to play 😩😖😭 url,Disaster-related,0.546920657157898,0.4123643636703491,0.04071497917175293,-0.506205677986145,Negative
9599,structural failure,"In some Air Crash Investigation eps. they explain how investigators can tell* if a bomb went off on a plane,…","in some air crash investigation eps. they explain how investigators can tell* if a bomb went off on a plane,…",Non-disaster,0.0487733893096447,0.9110428094863892,0.04018376022577286,-0.008589629083871841,Neutral
9607,structural failure,"Been there, failed all that. Early intervention is also a clear failure. Admissions are key… https://t.co/nrMm9cLkqP","been there, failed all that. early intervention is also a clear failure. admissions are key… url",Non-disaster,0.8398033380508423,0.14891064167022705,0.0112861143425107,-0.8285172237083316,Negative
9617,structural failure,Finance minister Tito Mboweni has warned that the government’s failure to ramp up structural reforms will result in… https://t.co/DVr6shQQys,finance minister tito mboweni has warned that the government’s failure to ramp up structural reforms will result in… url,Non-disaster,0.6147322654724121,0.37607598304748535,0.00919173751026392,-0.6055405279621482,Negative
9625,suicide bomb,And we can compare life spans in western countries which are much higher. Despite y… https://t.co/lJYmiFVNwo,and we can compare life spans in western countries which are much higher. despite y… url,Non-disaster,0.031527433544397354,0.8611841797828674,0.10728838294744492,0.07576094940304756,Neutral
9629,suicide bomb,what if her plan is to suicide bomb bernie for a VP or cabinet spot in a biden administration,what if her plan is to suicide bomb bernie for a vp or cabinet spot in a biden administration,Non-disaster,0.6233059763908386,0.3646352291107178,0.012058783322572708,-0.6112471930682659,Negative
9631,suicide bomb,The data comparison showed that 5 times more people die in highway accidents… https://t.co/xLFt4EPWTz,the data comparison showed that 5 times more people die in highway accidents… url,Non-disaster,0.7203444838523865,0.26701971888542175,0.01263580285012722,-0.7077086810022593,Negative
9632,suicide bomb,Dear ma'am kindly visits Balochistan. According to available data of the la… https://t.co/tLzC4G8Rgc,dear ma'am kindly visits balochistan. according to available data of the la… url,Non-disaster,0.021795978769659996,0.8395488858222961,0.13865511119365692,0.11685913242399693,Neutral
9638,suicide bomb,"glad warren is trying to suicide bomb bern lol. to me it seems a zealous staffer(s) leaked this, warren went song w… https://t.co/pkgoYvYxzz","glad warren is trying to suicide bomb bern lol. to me it seems a zealous staffer(s) leaked this, warren went song w… url",Non-disaster,0.9107968807220459,0.08432126045227051,0.0048818462528288364,-0.9059150344692171,Negative
9643,suicide bomb,ISIS strap suicide vests to PUPPIES in horror footage of sick front line bomb tactic https://t.co/g2L0EiD6Jp,isis strap suicide vests to puppies in horror footage of sick front line bomb tactic url,Non-disaster,0.8234710097312927,0.1690521538257599,0.00747675308957696,-0.8159942566417158,Negative
9646,suicide bomb,"Very cool that Elizabeth Warren decided to suicide bomb leftist politics, this should go very well !","very cool that elizabeth warren decided to suicide bomb leftist politics, this should go very well !",Non-disaster,0.03600067272782326,0.12112776190042496,0.8428715467453003,0.806870874017477,Positive
9649,suicide bomb,"“What I am good at is exposing the current situation that we find ourselves in. It’s almost like a suicide bomb"": https://t.co/9…","“what i am good at is exposing the current situation that we find ourselves in. it’s almost like a suicide bomb"": url",Non-disaster,0.28298816084861755,0.483756959438324,0.23325492441654205,-0.0497332364320755,Neutral
9653,suicide bomb,Please give me your succulence I promise I’ll suicide bomb Twitter for these crimes,please give me your succulence i promise i’ll suicide bomb twitter for these crimes,Non-disaster,0.779691755771637,0.159253790974617,0.06105443090200424,-0.7186373248696327,Negative
9661,suicide bomb,Schumer Renews Call For Suicide Bomb Detectors At Penn Station https://t.co/QvOjo6doHg https://t.co/sPacMVDhwh,schumer renews call for suicide bomb detectors at penn station url url,Disaster-related,0.2635088562965393,0.7154018878936768,0.021089233458042145,-0.24241962283849716,Neutral
9666,suicide bomb,ISIS strap suicide vests to PUPPIES in horror footage of sick front line bomb tactic https://t.co/g3KMjottB7,isis strap suicide vests to puppies in horror footage of sick front line bomb tactic url,Non-disaster,0.8234711289405823,0.1690521538257599,0.0074767498299479485,-0.8159943791106343,Negative
9670,suicide bomb,"If there is one place deserving of a suicide bomb, it’s PETA headquarters https://t.co/sQZyfr3hTu","if there is one place deserving of a suicide bomb, it’s peta headquarters url",Non-disaster,0.9091333746910095,0.08155186474323273,0.00931483879685402,-0.8998185358941555,Negative
9673,suicide bomb,"so today i heard the most misinformed thing ever ""Allah u Akbar (in extreme accent) means: ""a suicide bomb attack is about t…","so today i heard the most misinformed thing ever ""allah u akbar (in extreme accent) means: ""a suicide bomb attack is about t…",Non-disaster,0.8960537314414978,0.09839827567338943,0.0055478657595813274,-0.8905058656819165,Negative
9681,suicide bomber,I'll never forget #Rashideen. 126 dead and at least 80 children deliberately targeted by a rebel suicide bomber offering them…,i'll never forget #rashideen. 126 dead and at least 80 children deliberately targeted by a rebel suicide bomber offering them…,Disaster-related,0.9274618625640869,0.06730255484580994,0.005235609132796526,-0.9222262534312904,Negative
9691,suicide bomber,⚠️Exclusive⚠️Border Patrol Circulates Intel Alert Titled 'Suspected Suicide Bomber en Route to the U.S.' 🚨Four Middle Easter…,⚠️exclusive⚠️border patrol circulates intel alert titled 'suspected suicide bomber en route to the u.s.' 🚨four middle easter…,Non-disaster,0.2612668573856354,0.728272557258606,0.010460673831403255,-0.2508061835542321,Neutral
9695,suicide bomber,That’s Scary 😳😳 Exclusive: Border Patrol Circulates Intel Alert Titled 'Suspected Suicide Bomber en Route to the U.S.…,that’s scary 😳😳 exclusive: border patrol circulates intel alert titled 'suspected suicide bomber en route to the u.s.…,Non-disaster,0.7850446105003357,0.20196709036827087,0.012988310307264328,-0.7720563001930714,Negative
9696,suicide bomber,Mexican Border City on High Alert Over ‘Suicide Bomber’ Threat – Confirms Breitbart Report https://t.co/0gmgePdeVn via,mexican border city on high alert over ‘suicide bomber’ threat – confirms breitbart report url via,Disaster-related,0.24826045334339142,0.7412926554679871,0.010446875356137753,-0.23781357798725367,Neutral
9698,suicide bomber,Mexican Border City on High Alert Over ‘Suicide Bomber’ Threat – Confirms Breitbart Report ⚠️ 4 men and 1 woman expected…,mexican border city on high alert over ‘suicide bomber’ threat – confirms breitbart report ⚠️ 4 men and 1 woman expected…,Disaster-related,0.4547877311706543,0.5354649424552917,0.009747357107698917,-0.4450403740629554,Neutral
9704,suicide bomber,In 2016 he had his goons smear an Army captain who died stopping a suicide bomber as a sleeper agent raised by terrorists.,in 2016 he had his goons smear an army captain who died stopping a suicide bomber as a sleeper agent raised by terrorists.,Disaster-related,0.8153999447822571,0.17849601805210114,0.006104064639657736,-0.8092958801425993,Negative
9732,suicide bombing,Long ago I heard it was some Iran mulla first who justified suicide bombing which started that madness.,long ago i heard it was some iran mulla first who justified suicide bombing which started that madness.,Non-disaster,0.8090562224388123,0.1830340176820755,0.007909703999757767,-0.8011465184390545,Negative
9749,suicide bombing,"Opening Bell: January 13th, 2020 - Iran has a fleet of dolphins trained by Russia to carry out suicide bombing miss… https://t.co/nKlJLsttSV","opening bell: january 13th, 2020 - iran has a fleet of dolphins trained by russia to carry out suicide bombing miss… url",Disaster-related,0.3521196246147156,0.6345347166061401,0.013345673680305481,-0.3387739509344101,Neutral
9758,sunk,THIS IS HOW LOW THE IMAGE OF THE US PRESIDENCY HAS SUNK......Trump use of doctored Pelosi-Schumer photo draws Musli… https://t.co/vqtQ6AhU0Q,this is how low the image of the us presidency has sunk......trump use of doctored pelosi-schumer photo draws musli… url,Non-disaster,0.8208321332931519,0.1707737147808075,0.008394124917685986,-0.8124380083754659,Negative
9766,sunk,Jesus. #r4today has sunk to new lows. Robinson asking Fox whether the civil service just can't see or actively seek to…,jesus. #r4today has sunk to new lows. robinson asking fox whether the civil service just can't see or actively seek to…,Non-disaster,0.8669171929359436,0.12501654028892517,0.008066215552389622,-0.858850977383554,Negative
9769,sunk,"Since TOTY has started, I’ve crafted Silva, Suarez, and TAA, and a base icon. Also sunk 1.3m into upgrade packs sav… https://t.co/yPeyqMVXPs","since toty has started, i’ve crafted silva, suarez, and taa, and a base icon. also sunk 1.3m into upgrade packs sav… url",Non-disaster,0.010445616208016872,0.597376823425293,0.392177551984787,0.3817319357767701,Neutral
9771,sunk,"10 #Roman bronze rostra (rams) have been recovered off the coast of the Egadi Islands (near Sicily), from ships sunk in a bat…","10 #roman bronze rostra (rams) have been recovered off the coast of the egadi islands (near sicily), from ships sunk in a bat…",Disaster-related,0.14381377398967743,0.8284536600112915,0.027732552960515022,-0.1160812210291624,Neutral
9775,sunk,Finch. Richardson. RCB. It’s not sunk in yet.,finch. richardson. rcb. it’s not sunk in yet.,Non-disaster,0.14132237434387207,0.818361759185791,0.040315914899110794,-0.10100645944476128,Neutral
9805,sunk,"3. Gen 2 remakes, specifically SoulSilver. This is the mainline Pokemon game I have sunk many many hours into. Prob… https://t.co/a05L0bItnj","3. gen 2 remakes, specifically soulsilver. this is the mainline pokemon game i have sunk many many hours into. prob… url",Non-disaster,0.004008725751191378,0.2532988488674164,0.7426924109458923,0.738683685194701,Positive
9809,sunk,Nsukka ppl have finally sunk lower... This pit seems to have no end.. Chukwu nna 😂😂😂😂😂😂 help them,nsukka ppl have finally sunk lower... this pit seems to have no end.. chukwu nna 😂😂😂😂😂😂 help them,Non-disaster,0.9144607186317444,0.07794740051031113,0.0075918021611869335,-0.9068689164705575,Negative
9823,sunk,"The brexit ship has sunk, we're now just waiting to celebrate apparently, the finding of the wreck on the 31st","the brexit ship has sunk, we're now just waiting to celebrate apparently, the finding of the wreck on the 31st",Non-disaster,0.8018458485603333,0.18021513521671295,0.01793898455798626,-0.783906864002347,Negative
9826,sunk,Damn I just watched a video and my heart sunk into my stomach...I don’t think I’ve ever felt this type of pain before,damn i just watched a video and my heart sunk into my stomach...i don’t think i’ve ever felt this type of pain before,Non-disaster,0.9192379713058472,0.06900543719530106,0.011756614781916142,-0.907481356523931,Negative
9829,sunk,That sunk that theory into the water 🙄,that sunk that theory into the water 🙄,Non-disaster,0.9093748927116394,0.08341256529092789,0.0072126248851418495,-0.9021622678264976,Negative
9838,survive,"These living, self-healing robots created from frog stem cells are small enough to travel inside human bodies. They can walk and…","these living, self-healing robots created from frog stem cells are small enough to travel inside human bodies. they can walk and…",Non-disaster,0.01439051702618599,0.7356758117675781,0.24993374943733215,0.23554323241114616,Neutral
9845,survive,Batangas can survive☝️🙏,batangas can survive☝️🙏,Non-disaster,0.018371786922216415,0.19237791001796722,0.7892502546310425,0.7708784677088261,Positive
9851,survive,"We’ll survive in hell, yabo?","we’ll survive in hell, yabo?",Non-disaster,0.5902370810508728,0.3833892345428467,0.02637368254363537,-0.5638633985072374,Negative
9854,survive,"First episode, andami ng realisation. How to survive in the middle of nowhere. #MakeItHappenWithYou https://t.co/DOrrb…","first episode, andami ng realisation. how to survive in the middle of nowhere. #makeithappenwithyou url",Non-disaster,0.016625959426164627,0.6133689284324646,0.37000516057014465,0.35337920114398,Neutral
9859,survive,Never be ashamed of things you had to do to survive in Nairobi.,never be ashamed of things you had to do to survive in nairobi.,Non-disaster,0.14389511942863464,0.6489033699035645,0.20720155537128448,0.06330643594264984,Neutral
9865,survive,WOOOOOH!!! JESUS CHRIST LORD HELP US SOOBDERS!! I CANT I WONT SURVIVE THIS KWNDKWJSKW https://t.co/So5edxuHjv,woooooh!!! jesus christ lord help us soobders!! i cant i wont survive this kwndkwjskw url,Non-disaster,0.041404906660318375,0.07124791294336319,0.8873472213745117,0.8459423147141933,Positive
9872,survive,PLS IF Y’ALL DO SOMETHING TOGETHER I’M NOT GONNA SURVIVE,pls if y’all do something together i’m not gonna survive,Non-disaster,0.8678774833679199,0.11684706062078476,0.0152753796428442,-0.8526021037250757,Negative
9873,survive,Chan: every time I'm confronted with a problem and I feel desperate and helpless I look at a picture of us together St…,chan: every time i'm confronted with a problem and i feel desperate and helpless i look at a picture of us together st…,Non-disaster,0.3914174735546112,0.5495023727416992,0.059080109000205994,-0.3323373645544052,Neutral
9875,survive,read big fat books amd write big fat books. that is the only way to survive in this hellhole.,read big fat books amd write big fat books. that is the only way to survive in this hellhole.,Non-disaster,0.6833426356315613,0.2321157157421112,0.08454173803329468,-0.5988008975982666,Negative
9879,survive,Cancelling plans is ok. Staying home is ok. Posing as a substitute teacher with no qualifications is ok. Refusing to teach t…,cancelling plans is ok. staying home is ok. posing as a substitute teacher with no qualifications is ok. refusing to teach t…,Non-disaster,0.25879964232444763,0.6548091769218445,0.0863911360502243,-0.17240850627422333,Neutral
9889,survive,『 Who's the killer? 』 »do you want to play a game? its just simple just play your role and survive. »a st hosts horror au »…,『 who's the killer? 』 »do you want to play a game? its just simple just play your role and survive. »a st hosts horror au »…,Non-disaster,0.1935884803533554,0.7247900366783142,0.08162148296833038,-0.11196699738502502,Neutral
9891,survived,There have been a number of trade deals which have been started but haven’t survived. We don’t want UK-EU or UK-US to be…,there have been a number of trade deals which have been started but haven’t survived. we don’t want uk-eu or uk-us to be…,Non-disaster,0.7708198428153992,0.21892055869102478,0.010259538888931274,-0.7605603039264679,Negative
9900,survived,Australia is airdropping vegetables from helicopters to feed the animals that survived the bushfires https://t.co/JGmYGNrU…,australia is airdropping vegetables from helicopters to feed the animals that survived the bushfires url,Disaster-related,0.017947321757674217,0.695417582988739,0.28663507103919983,0.2686877492815256,Neutral
9903,survived,"I wholeheartedly and unironically support this, it's the only way I survived my PhD. https://t.co/AQY4Zo4itu","i wholeheartedly and unironically support this, it's the only way i survived my phd. url",Non-disaster,0.006850511766970158,0.024800976738333702,0.9683485627174377,0.9614980509504676,Positive
9906,survived,One of the greats. Rob Hall would have survived on Everest in 1996 but he stayed near the top rather than abandon a stri…,one of the greats. rob hall would have survived on everest in 1996 but he stayed near the top rather than abandon a stri…,Non-disaster,0.029316602274775505,0.2146395593881607,0.7560438513755798,0.7267272491008043,Positive
9907,survived,"These comments, nobody cares about the dead driver, they only care for those who have titles, Anyway get well soon for tho…","these comments, nobody cares about the dead driver, they only care for those who have titles, anyway get well soon for tho…",Disaster-related,0.7249614000320435,0.24492818117141724,0.0301104374229908,-0.6948509626090527,Negative
9922,survivors,"Today in 1842 a shattered army surgeon, William Brydon, made it to Jalalabad bringing news that a British army had been…","today in 1842 a shattered army surgeon, william brydon, made it to jalalabad bringing news that a british army had been…",Non-disaster,0.11591862887144089,0.8440909385681152,0.0399903804063797,-0.07592824846506119,Neutral
9931,survivors,Just out - Pushing the limits of recovery in chronic stroke survivors: User perceptions of the Queen Square Upper Limb Neu…,just out - pushing the limits of recovery in chronic stroke survivors: user perceptions of the queen square upper limb neu…,Non-disaster,0.09988101571798325,0.871839702129364,0.028279289603233337,-0.07160172611474991,Neutral
9938,survivors,"Come support tomorrow. This is an incredible violation of survivors rights,on top of the pain of having to experienc…","come support tomorrow. this is an incredible violation of survivors rights,on top of the pain of having to experienc…",Non-disaster,0.9268675446510315,0.06627160310745239,0.006860798690468073,-0.9200067459605634,Negative
9943,survivors,Everyone in a position of leadership in the Church needs to watch ‘The Church’s Dark Secret’ on BBC2. A terrifying study int…,everyone in a position of leadership in the church needs to watch ‘the church’s dark secret’ on bbc2. a terrifying study int…,Non-disaster,0.6886798143386841,0.2896162271499634,0.021703939884901047,-0.666975874453783,Negative
9947,survivors,Let’s hope the Catholic Church response is a major improvement on how they treated thousands of survivors sexually abuse…,let’s hope the catholic church response is a major improvement on how they treated thousands of survivors sexually abuse…,Non-disaster,0.3896186649799347,0.48124027252197266,0.12914103269577026,-0.26047763228416443,Neutral
9948,survivors,"LATEST A new BBC documentary detailing the case of the serial abuser Peter Ball, a former Bishop of Lewes and Gloucester,…","latest a new bbc documentary detailing the case of the serial abuser peter ball, a former bishop of lewes and gloucester,…",Non-disaster,0.3301401138305664,0.6564605832099915,0.01339932531118393,-0.3167407885193825,Neutral
9949,survivors,"This is a brilliant and long overdue series of short, v watchable videos featuring Gulag survivors telling their stories…","this is a brilliant and long overdue series of short, v watchable videos featuring gulag survivors telling their stories…",Non-disaster,0.006597257684916258,0.03811829164624214,0.9552844762802124,0.9486872185952961,Positive
9970,survivors,"Honestly, I didn’t watch ‘Chhapak’ because it implies that “Only women are acid attack survivors” ignoring the fact tha…","honestly, i didn’t watch ‘chhapak’ because it implies that “only women are acid attack survivors” ignoring the fact tha…",Non-disaster,0.8146541118621826,0.17869049310684204,0.00665548350661993,-0.8079986283555627,Negative
9972,survivors,Like this isn't a case of narcassism it's a case of safety. You'll never get this of co… https://t.co/yINrxyrSC4,like this isn't a case of narcassism it's a case of safety. you'll never get this of co… url,Non-disaster,0.6883597373962402,0.2861393988132477,0.025500895455479622,-0.6628588419407606,Negative
9979,terrorism,"The White House Press Secretary just equated Muslim garb with terrorism, and it's barely a blip in the news cycle. It's been…","the white house press secretary just equated muslim garb with terrorism, and it's barely a blip in the news cycle. it's been…",Non-disaster,0.7223002910614014,0.26301974058151245,0.014679963700473309,-0.7076203273609281,Negative
9981,terrorism,"Breaking News: U.S. Attorney General William Barr, declaring last month’s shooting at a naval air station in Pensacola, Florid…","breaking news: u.s. attorney general william barr, declaring last month’s shooting at a naval air station in pensacola, florid…",Disaster-related,0.19053266942501068,0.7888964414596558,0.020570849999785423,-0.16996181942522526,Neutral
9991,terrorism,"Jihadi attack in NYC. Guess who is involved? A Paki. Has to be, after all the home to terrorism","jihadi attack in nyc. guess who is involved? a paki. has to be, after all the home to terrorism",Disaster-related,0.7410973906517029,0.24289391934871674,0.01600867137312889,-0.725088719278574,Negative
9996,terrorism,France agrees to send more troops to West Africa to fight terrorism https://t.co/FoGctmyS2j,france agrees to send more troops to west africa to fight terrorism url,Disaster-related,0.10848306119441986,0.8398429155349731,0.05167403072118759,-0.05680903047323227,Neutral
9999,terrorism,Donald Trump posted a doctored islamophobia photo with Democratic leaders dressed as Muslims. Trump’s press secretary said he…,donald trump posted a doctored islamophobia photo with democratic leaders dressed as muslims. trump’s press secretary said he…,Non-disaster,0.6452755928039551,0.34550026059150696,0.009224103763699532,-0.6360514890402555,Negative
10007,terrorism,What did you want him to say? Pass his condolences? Matters of defense and terrorism can't be thrown ar… https://t.co/64cJazqOfs,what did you want him to say? pass his condolences? matters of defense and terrorism can't be thrown ar… url,Non-disaster,0.5431394577026367,0.44490382075309753,0.011956705711781979,-0.5311827519908547,Negative
10008,terrorism,Lol at justifying American terrorism by claiming that Solimani was t… https://t.co/55d1xV7chB,lol at justifying american terrorism by claiming that solimani was t… url,Non-disaster,0.8434842824935913,0.14691434800624847,0.009601443074643612,-0.8338828394189477,Negative
10038,terrorist,"Pompeo: ""I was one of I think eight members of Congress who sponsored legislation asking the previous administration to des…","pompeo: ""i was one of i think eight members of congress who sponsored legislation asking the previous administration to des…",Non-disaster,0.0268587414175272,0.8638678789138794,0.10927337408065796,0.08241463266313076,Neutral
10044,terrorist,"Loomer says Frankel voted to ""protect the terrorist regime in Iran"" https://t.co/tfZzMvlm3W","loomer says frankel voted to ""protect the terrorist regime in iran"" url",Non-disaster,0.4078432619571686,0.5807695984840393,0.011387129314243793,-0.3964561326429248,Neutral
10050,terrorist,"But we can see we are not like LWs who always defended Mohammad Afzal Guru who was a Kashmiri terrorist, who was co… https://t.co/lUwcqTOPJd","but we can see we are not like lws who always defended mohammad afzal guru who was a kashmiri terrorist, who was co… url",Non-disaster,0.44721150398254395,0.5322694182395935,0.020519046112895012,-0.42669245786964893,Neutral
10053,terrorist,Americans pray for their families and remember them. It was so brave of them not to walk on America's flag. It's up… https://t.co/BSldEcW0U6,americans pray for their families and remember them. it was so brave of them not to walk on america's flag. it's up… url,Non-disaster,0.16357778012752533,0.5226683616638184,0.3137538433074951,0.1501760631799698,Neutral
10054,terrorist,ILLINOIS: WAKE UP! ALERT! DO NOT LET HER INFILTRATE CONGRESS The daughter of convicted Muslim terrorist Jeff Fort aka Abd…,illinois: wake up! alert! do not let her infiltrate congress the daughter of convicted muslim terrorist jeff fort aka abd…,Non-disaster,0.8955384492874146,0.09683958441019058,0.0076219914481043816,-0.8879164578393102,Negative
10084,threat,Did you all hear the Bernie-Warren story about how trump lied about protecting pre-existing conditions and the imminen…,did you all hear the bernie-warren story about how trump lied about protecting pre-existing conditions and the imminen…,Non-disaster,0.3892606198787689,0.5907280445098877,0.02001132071018219,-0.36924929916858673,Neutral
10095,threat,"#SonicWall The SonicWall Security Center is packed full of information, including a history of our useful #SonicAlerts and a l…","#sonicwall the sonicwall security center is packed full of information, including a history of our useful #sonicalerts and a l…",Non-disaster,0.0022908442188054323,0.22888541221618652,0.7688237428665161,0.7665328986477107,Positive
10097,threat,Here is a copy of the Whatsapp message of Fr Cedric Prakash being circulated to Christians. A copy my mother forwarded to…,here is a copy of the whatsapp message of fr cedric prakash being circulated to christians. a copy my mother forwarded to…,Non-disaster,0.009477837011218071,0.9359023571014404,0.05461982637643814,0.04514198936522007,Neutral
10109,threat,"A Sydney becomes more modern, so do the terror-prevention strategies. These concrete barriers have been placed at t… https://t.co/OlLU0uZSCM","a sydney becomes more modern, so do the terror-prevention strategies. these concrete barriers have been placed at t… url",Non-disaster,0.20118758082389832,0.7510900497436523,0.04772239550948143,-0.15346518531441689,Neutral
10118,threat,"Occasionally the elaborate pageantry of Big Reconciliation slips, and the Canadian state is obligated to remind everyone t…","occasionally the elaborate pageantry of big reconciliation slips, and the canadian state is obligated to remind everyone t…",Non-disaster,0.3311886787414551,0.641772449016571,0.027038831263780594,-0.3041498474776745,Neutral
10129,threat,"""This is a safe fort. No threat will work in Kerala. We will not implement the NRC, or the NPR which is part of the CAA-NR…","""this is a safe fort. no threat will work in kerala. we will not implement the nrc, or the npr which is part of the caa-nr…",Non-disaster,0.16012245416641235,0.7488818168640137,0.09099577367305756,-0.0691266804933548,Neutral
10132,threat,Manchester United's place at top of the Premier League rich list under threat from Man City and Liverpool https://t.co/os…,manchester united's place at top of the premier league rich list under threat from man city and liverpool url,Non-disaster,0.05398555099964142,0.8687093257904053,0.07730520516633987,0.023319654166698456,Neutral
10144,thunder,"I’d pick your thunder, i’d pick your rain over anyone’s sunshine any day.","i’d pick your thunder, i’d pick your rain over anyone’s sunshine any day.",Non-disaster,0.07748787850141525,0.5095275640487671,0.4129845201969147,0.3354966416954994,Neutral
10153,thunder,"I love this ,you nailed it!! https://t.co/m7pnZD9JIU","i love this ,you nailed it!! url",Non-disaster,0.005537019111216068,0.008672187104821205,0.9857907295227051,0.980253710411489,Positive
10162,thunder,"Literally just heard the loudest thunder, it shook the house and woke up the whole family. 😳","literally just heard the loudest thunder, it shook the house and woke up the whole family. 😳",Disaster-related,0.261948823928833,0.3484109938144684,0.3896401524543762,0.1276913285255432,Positive
10170,thunderstorm,"And also like, no stormy weather conditions? And also a thunderstorm in the middle of January? Of course this happe… https://t.co/Gd1nwozYCe","and also like, no stormy weather conditions? and also a thunderstorm in the middle of january? of course this happe… url",Non-disaster,0.2522478997707367,0.6744897961616516,0.0732622966170311,-0.1789856031537056,Neutral
10182,thunderstorm,"DEV - Severe Thunderstorm Warning until 1/11 11:00AM EST for Floyd, Clark, Harrison, Washington https://t.co/vFy9YK1XlV","dev - severe thunderstorm warning until 1/11 11:00am est for floyd, clark, harrison, washington url",Disaster-related,0.08500127494335175,0.886081337928772,0.028917483985424042,-0.056083790957927704,Neutral
10183,thunderstorm,"current weather in Bergen: thunderstorm, 6°C 93% humidity, wind 11kmh, pressure 980mb","current weather in bergen: thunderstorm, 6°c 93% humidity, wind 11kmh, pressure 980mb",Non-disaster,0.09224846959114075,0.8478888869285583,0.0598626546561718,-0.03238581493496895,Neutral
10194,thunderstorm,Breathe in a supernova. Become an anomaly. Thunderstorm electricity in an emotional desert,breathe in a supernova. become an anomaly. thunderstorm electricity in an emotional desert,Non-disaster,0.14214026927947998,0.7650722861289978,0.09278751164674759,-0.04935275763273239,Neutral
10205,thunderstorm,"DEV - Severe Thunderstorm Warning until 1/11 9:30AM CST for Simpson, Allen, Warren https://t.co/K2Q57YygNd","dev - severe thunderstorm warning until 1/11 9:30am cst for simpson, allen, warren url",Disaster-related,0.1045941635966301,0.8682623505592346,0.027143551036715508,-0.07745061255991459,Neutral
10223,thunderstorm,"WEATHER ALERT: Severe Thunderstorm Warning including Hohenwald TN, Waynesboro TN until 8:15 PM CST https://t.co/ZhpTSiYInB","weather alert: severe thunderstorm warning including hohenwald tn, waynesboro tn until 8:15 pm cst url",Disaster-related,0.059846244752407074,0.9080531001091003,0.032100703567266464,-0.02774554118514061,Neutral
10232,thunderstorm,"#iveseensomeshit Some years ago as I was driving on the freeway during a thunderstorm, the car directly in front of… https://t.co/BF0HyO7xfG","#iveseensomeshit some years ago as i was driving on the freeway during a thunderstorm, the car directly in front of… url",Non-disaster,0.13886454701423645,0.8118515610694885,0.04928389564156532,-0.08958065137267113,Neutral
10235,thunderstorm,NWS Alert&gt; Strong Thunderstorm Near Glen Allan or 11 Miles S of Avon Moving E At 50 MPH. Dime Size Hail Possible. L… https://t.co/TlWFYBFvUm,nws alert&gt; strong thunderstorm near glen allan or 11 miles s of avon moving e at 50 mph. dime size hail possible. l… url,Disaster-related,0.04870721697807312,0.9137483239173889,0.037544384598731995,-0.011162832379341125,Neutral
10246,thunderstorm,"NWSSevereTstorm Severe Thunderstorm Warning continues for Mount Olive NC, Elroy NC, Walnut Creek NC until 3:00 AM E… https://t.co/QFo9sFzZ7S","nwsseveretstorm severe thunderstorm warning continues for mount olive nc, elroy nc, walnut creek nc until 3:00 am e… url",Disaster-related,0.13055859506130219,0.8365925550460815,0.032848846167325974,-0.09770974889397621,Neutral
10259,tornado,Incredible video of the weekend storms in Arab + drone footage of the Brindlee Mountain Primary School aftermath. Here's what's…,incredible video of the weekend storms in arab + drone footage of the brindlee mountain primary school aftermath. here's what's…,Disaster-related,0.006754960864782333,0.2773449718952179,0.7159000039100647,0.7091450430452824,Positive
10261,tornado,Much love for the #Tonka fridge in the last 24 hours following ’s tweet. Lots more #Tornado pieces planned th…,much love for the #tonka fridge in the last 24 hours following ’s tweet. lots more #tornado pieces planned th…,Non-disaster,0.0021975571289658546,0.016857966780662537,0.9809445142745972,0.9787469571456313,Positive
10266,tornado,It was nice to read our days are so similar to yours 😂 our ne… https://t.co/ocJ8d6Smbs,it was nice to read our days are so similar to yours 😂 our ne… url,Non-disaster,0.003095028456300497,0.02192886918783188,0.974976122379303,0.9718810939230025,Positive
10270,tornado,"MyRadarWX: RT aaronjayjack: Severe storm with #tornado warning overtaking I-35 corridor near Gainesville, TX NOW… https://t.co/8IVWmdKv1Q","myradarwx: rt aaronjayjack: severe storm with #tornado warning overtaking i-35 corridor near gainesville, tx now… url",Disaster-related,0.12562528252601624,0.8538366556167603,0.020538007840514183,-0.10508727468550205,Neutral
10273,tornado,i cant post it my enemies will see and counter (im jk). Want to test jar and tornado to try and rec… https://t.co/VXejyFFD2D,i cant post it my enemies will see and counter (im jk). want to test jar and tornado to try and rec… url,Non-disaster,0.4921318590641022,0.48926448822021484,0.018603697419166565,-0.4735281616449356,Negative
10289,tragedy,Tragedy of the state is that law minister and attorney general of Pakistan are former lawyers of Pervez Musharraf they sup…,tragedy of the state is that law minister and attorney general of pakistan are former lawyers of pervez musharraf they sup…,Non-disaster,0.6515066623687744,0.3356417119503021,0.012851610779762268,-0.6386550515890121,Negative
10296,tragedy,A tragedy doesn't discrminate between beliefs and religion....,a tragedy doesn't discrminate between beliefs and religion....,Non-disaster,0.6055849194526672,0.3778519034385681,0.016563130542635918,-0.5890217889100313,Negative
10298,tragedy,What a tragedy Rip English Your killers will not go unpunished #5DaysToTitansCollections,what a tragedy rip english your killers will not go unpunished #5daystotitanscollections,Non-disaster,0.9363664984703064,0.05791754648089409,0.005715951323509216,-0.9306505471467972,Negative
10305,tragedy,The strange lack of any follow up on Pulwama by the authorities and/or the press confirms my fears that someone was put u…,the strange lack of any follow up on pulwama by the authorities and/or the press confirms my fears that someone was put u…,Non-disaster,0.8591679334640503,0.13637247681617737,0.004459655378013849,-0.8547082780860364,Negative
10313,tragedy,"Batangueños did the same. Agoncillo, Laurel, Talisay lakeshore communities. Many residents there are fishermen and vendors…","batangueños did the same. agoncillo, laurel, talisay lakeshore communities. many residents there are fishermen and vendors…",Non-disaster,0.03214146941900253,0.9032927751541138,0.0645657330751419,0.032424263656139374,Neutral
10315,tragedy,"It's not /payback/, it's methaphorical atonement of the tragedy when he killed his father… https://t.co/LMiSYvqydI","it's not /payback/, it's methaphorical atonement of the tragedy when he killed his father… url",Non-disaster,0.7867763638496399,0.2071649432182312,0.006058742757886648,-0.7807176210917532,Negative
10316,tragedy,You know what else is natural AND a tragedy? You.,you know what else is natural and a tragedy? you.,Non-disaster,0.881746768951416,0.10606132447719574,0.01219188142567873,-0.8695548875257373,Negative
10324,tragedy,"Drag Queen Protest Ends In Tragedy, Ricky Gervais Cancelled and WW3 https://t.co/CSbqHbuZZv","drag queen protest ends in tragedy, ricky gervais cancelled and ww3 url",Disaster-related,0.8194214701652527,0.17281021177768707,0.007768336683511734,-0.811653133481741,Negative
10326,tragedy,"Imagine being that asshole who thinks that the Taal eruption isn't a tragedy because ""no one died"" despite the economic, oc…","imagine being that asshole who thinks that the taal eruption isn't a tragedy because ""no one died"" despite the economic, oc…",Disaster-related,0.8220489025115967,0.16713789105415344,0.010813149623572826,-0.8112357528880239,Negative
10328,tragedy,The conclusion of my idol life is: i'm a trainer 15 in jyp as a sub vocal. But before i'm debutting.… https://t.co/e7wPQJJ6VD,the conclusion of my idol life is: i'm a trainer 15 in jyp as a sub vocal. but before i'm debutting.… url,Non-disaster,0.026183538138866425,0.9009690880775452,0.07284735143184662,0.046663813292980194,Neutral
10339,trapped,"When a person feels trapped in a nervous or self-conscious thought loop, they can break free with this simple strategy http…","when a person feels trapped in a nervous or self-conscious thought loop, they can break free with this simple strategy http…",Non-disaster,0.06042594835162163,0.8317162990570068,0.10785775631666183,0.04743180796504021,Neutral
10348,trapped,"""I feel like I'm the witch in this story"" ""And...I'm the innocent man, lost in the woods. Trying to go home and live a s…","""i feel like i'm the witch in this story"" ""and...i'm the innocent man, lost in the woods. trying to go home and live a s…",Non-disaster,0.7486680150032043,0.2384498119354248,0.012882170267403126,-0.7357858447358012,Negative
10354,trapped,She's trying to trap him with her drama like she trapped you by voting to save you during eviction.… https://t.co/qYBFAVVMU9,she's trying to trap him with her drama like she trapped you by voting to save you during eviction.… url,Non-disaster,0.5734754204750061,0.41263067722320557,0.013893960043787956,-0.5595814604312181,Negative
10384,trapped,Europe's n°1 regional benefited from an exceptional shareholder-management harmony 2002-2012. But the 2 next gener… https://t.co/OGHYDvirg7,europe's n°1 regional benefited from an exceptional shareholder-management harmony 2002-2012. but the 2 next gener… url,Non-disaster,0.008017116226255894,0.30376410484313965,0.6882187724113464,0.6802016561850905,Positive
10387,trapped,"Out of five soldiers trapped under the avalanche, one was rescued after the Army launched rescue operations. https://t.co/hPbtKewxmV","out of five soldiers trapped under the avalanche, one was rescued after the army launched rescue operations. url",Disaster-related,0.0340600349009037,0.8899990916252136,0.0759408250451088,0.04188079014420509,Neutral
10396,trauma,Airbag Deployment https://t.co/5arGjLqgpu At MCP First Aid Training we have the actual experience in the medical an… https://t.co/E8FE5mNd1o,airbag deployment url at mcp first aid training we have the actual experience in the medical an… url,Non-disaster,0.009880810044705868,0.9142118096351624,0.07590740919113159,0.06602659914642572,Neutral
10417,trauma,Brahmin man asks Bahujan woman to prove her oppression. The fact that you think you’re owed an answer and that my oppressio…,brahmin man asks bahujan woman to prove her oppression. the fact that you think you’re owed an answer and that my oppressio…,Non-disaster,0.7904002666473389,0.20187456905841827,0.007725185249000788,-0.7826750813983381,Negative
10419,trauma,Anyone who experienced abuse has the right to be heard at any age .Abuse can be buried for years coming to the cons… https://t.co/ZaT1SZQZYE,anyone who experienced abuse has the right to be heard at any age .abuse can be buried for years coming to the cons… url,Non-disaster,0.6532747149467468,0.331529438495636,0.015195842832326889,-0.6380788721144199,Negative
10420,trauma,when you upload your trauma to your 50 different social media platforms for money rather than coping/recovering in private &gt;…,when you upload your trauma to your 50 different social media platforms for money rather than coping/recovering in private &gt;…,Non-disaster,0.726133406162262,0.26456892490386963,0.009297688491642475,-0.7168357176706195,Negative
10421,trauma,Trauma In my ass https://t.co/mQWvU5yYx7,trauma in my ass url,Non-disaster,0.8762749433517456,0.11190702021121979,0.011817984282970428,-0.8644569590687752,Negative
10423,trauma,I wouldn’t be hurt because their bodies might have been diff… https://t.co/cK5VALB6mK,i wouldn’t be hurt because their bodies might have been diff… url,Non-disaster,0.26961055397987366,0.681693971157074,0.04869547486305237,-0.2209150791168213,Neutral
10432,trauma,So it was ok for feral activists to enter a private Christian sponsored function &amp; scream at those attending causing trau…,so it was ok for feral activists to enter a private christian sponsored function &amp; scream at those attending causing trau…,Non-disaster,0.7374732494354248,0.2523270845413208,0.010199613869190216,-0.7272736355662346,Negative
10437,trauma,Give them lingard please am on my knees end all man united fans trauma andreas still got some assist,give them lingard please am on my knees end all man united fans trauma andreas still got some assist,Non-disaster,0.45460599660873413,0.4017573595046997,0.14363659918308258,-0.31096939742565155,Negative
10444,traumatised,"I'm off to the Library to return my overdue books, (ooh err!), before Storm Brendan drops by for most of the day. I… https://t.co/OKAPbQgFbW","i'm off to the library to return my overdue books, (ooh err!), before storm brendan drops by for most of the day. i… url",Non-disaster,0.014274976216256618,0.8611947894096375,0.12453024089336395,0.11025526467710733,Neutral
10449,traumatised,"The ""traumatised"" woman as the epitome of neoliberal subjectivity, and of psychopolitical manipulation. https://t.co/KmDWK…","the ""traumatised"" woman as the epitome of neoliberal subjectivity, and of psychopolitical manipulation. url",Non-disaster,0.8644834756851196,0.12964144349098206,0.005875059403479099,-0.8586084162816405,Negative
10452,traumatised,hes probably extremely traumatised too and will never get over it and think himself to be disgusting and… https://t.co/hVyqfMHHXE,hes probably extremely traumatised too and will never get over it and think himself to be disgusting and… url,Non-disaster,0.9419822096824646,0.05355870723724365,0.004459072835743427,-0.9375231368467212,Negative
10459,traumatised,You are traumatised I see 😀,you are traumatised i see 😀,Non-disaster,0.8334729075431824,0.1530148684978485,0.01351223699748516,-0.8199606705456972,Negative
10473,traumatised,"Brave because?? There are 3 aspects of this sad story, the tragic suicide; social media's frenzied r… https://t.co/JeZ0oGfKX6","brave because?? there are 3 aspects of this sad story, the tragic suicide; social media's frenzied r… url",Disaster-related,0.7910641431808472,0.19098536670207977,0.017950553447008133,-0.773113589733839,Negative
10485,traumatised,He &amp; his crew invaded an event set up specifically for LGBTQI families… https://t.co/j4wo0YvY31,he &amp; his crew invaded an event set up specifically for lgbtqi families… url,Non-disaster,0.70255446434021,0.28727269172668457,0.01017278153449297,-0.692381682805717,Negative
10487,traumatised,"make one fairly innocuous gif-tweet to support someone about a tweet on trans rights, wake up to being accused of n… https://t.co/QbtqQBTd2A","make one fairly innocuous gif-tweet to support someone about a tweet on trans rights, wake up to being accused of n… url",Non-disaster,0.5091116428375244,0.46185117959976196,0.029037099331617355,-0.48007454350590706,Negative
10491,traumatised,"Yeah no this video made my morning 😭😭😂😂😅😅😅😅 yey wow!!😂😅😅 I defs need to watch it again.... ,… https://t.co/9UylwmEBd0","yeah no this video made my morning 😭😭😂😂😅😅😅😅 yey wow!!😂😅😅 i defs need to watch it again.... ,… url",Non-disaster,0.005253606475889683,0.016940325498580933,0.9778060913085938,0.9725524848327041,Positive
10495,traumatised,"Colleague showed me the stationary list for her son and I'm traumatised, she still has to buy him unifo… https://t.co/vel3lbdrKD","colleague showed me the stationary list for her son and i'm traumatised, she still has to buy him unifo… url",Non-disaster,0.8229467272758484,0.16674508154392242,0.01030819397419691,-0.8126385333016515,Negative
10499,traumatised,"As pointed out by his Aunt, he was troubled well before this even occurred. You can't put blame on soc… https://t.co/ISuqOxL4Fq","as pointed out by his aunt, he was troubled well before this even occurred. you can't put blame on soc… url",Non-disaster,0.6465583443641663,0.3430772125720978,0.01036446075886488,-0.6361938836053014,Negative
10509,traumatised,That's so sad. He's so traumatised. 💔,that's so sad. he's so traumatised. 💔,Non-disaster,0.9006335139274597,0.09025450795888901,0.00911196880042553,-0.8915215451270342,Negative
10518,trouble,"Do not get lost in a sea of despair. Be hopeful, be optimistic. Our struggle is not the struggle of a day, a week, a mont…","do not get lost in a sea of despair. be hopeful, be optimistic. our struggle is not the struggle of a day, a week, a mont…",Non-disaster,0.25768622756004333,0.4614724814891815,0.2808413505554199,0.023155122995376587,Neutral
10523,trouble,It's Parliament as a whole has an onus for this&amp; the deterioration's down to all. The…,it's parliament as a whole has an onus for this&amp; the deterioration's down to all. the…,Non-disaster,0.5454949140548706,0.43551453948020935,0.01899060048162937,-0.5265043135732412,Negative
10528,trouble,xiao zhan had trouble removing his robes in the xuanwu cave scene BSJDKKD https://t.co/ZspjoiweYI,xiao zhan had trouble removing his robes in the xuanwu cave scene bsjdkkd url,Non-disaster,0.26756542921066284,0.7100756168365479,0.02235899306833744,-0.2452064361423254,Neutral
10540,trouble,"""stay out of trouble, stay in touch"" my part of art trade with / #pathologic #pathologic2 #морутопия https:…","""stay out of trouble, stay in touch"" my part of art trade with / #pathologic #pathologic2 #морутопия https:…",Non-disaster,0.02810979261994362,0.8374776840209961,0.1344125121831894,0.10630271956324577,Neutral
10541,trouble,is on trouble,is on trouble,Non-disaster,0.5218505263328552,0.43494126200675964,0.043208230286836624,-0.4786422960460186,Negative
10566,trouble,How rude! I don't cause anyone trouble!,how rude! i don't cause anyone trouble!,Non-disaster,0.8392834663391113,0.1457696259021759,0.014946961775422096,-0.8243365045636892,Negative
10568,trouble,it’s not even 9am yet nd ur already tryna cause trouble,it’s not even 9am yet nd ur already tryna cause trouble,Non-disaster,0.7787268161773682,0.20998026430606842,0.01129296887665987,-0.7674338473007083,Negative
10569,trouble,You like trouble 😂😂😂,you like trouble 😂😂😂,Non-disaster,0.7017423510551453,0.2718663215637207,0.026391321793198586,-0.6753510292619467,Negative
10570,trouble,/ MV Elizabeth is sipping mulled wine and watching Nyarlathotep have his way with the verse. I could n… https://t.co/HEaxgq1SHm,/ mv elizabeth is sipping mulled wine and watching nyarlathotep have his way with the verse. i could n… url,Non-disaster,0.02783401496708393,0.6862109899520874,0.28595495223999023,0.2581209372729063,Neutral
10573,trouble,Ma’am. You starting to sound like a toxic trouble maker over there looool https://t.co/46PNcFdI1F,ma’am. you starting to sound like a toxic trouble maker over there looool url,Non-disaster,0.8354696035385132,0.15326887369155884,0.011261443607509136,-0.824208159931004,Negative
10595,twister,Dear Singapore McDonald’s please make twister fries permanent 😌 https://t.co/166vXprutK,dear singapore mcdonald’s please make twister fries permanent 😌 url,Non-disaster,0.016167964786291122,0.28810590505599976,0.6957261562347412,0.6795581914484501,Positive
10597,twister,bruh. studs be having multiple families. they be having “bms” who they only still talk to for the “k… https://t.co/kkTsu3buud,bruh. studs be having multiple families. they be having “bms” who they only still talk to for the “k… url,Non-disaster,0.3765934705734253,0.5975974202156067,0.025809096172451973,-0.3507843744009733,Neutral
10620,typhoon,Remember when Naga City was hit by Typhoon Nina in 2017 and we all asked where she was even if LGUs are already doing their…,remember when naga city was hit by typhoon nina in 2017 and we all asked where she was even if lgus are already doing their…,Disaster-related,0.25073492527008057,0.721472442150116,0.027792595326900482,-0.22294232994318008,Neutral
10622,typhoon,. #Finland #HXChallenge #Typhoon:: Finnish Air Force Commences Eurofig… https://t.co/GTO2myiDM2,. #finland #hxchallenge #typhoon:: finnish air force commences eurofig… url,Non-disaster,0.020236363634467125,0.9472267627716064,0.03253678232431412,0.012300418689846992,Neutral
10628,upheaval,Schools should brace for five years of upheaval from a triumphant party with Gove at its heart | Melissa Benn https://t.co/DT1jh9C5b6,schools should brace for five years of upheaval from a triumphant party with gove at its heart | melissa benn url,Non-disaster,0.08337315171957016,0.8163022994995117,0.10032453387975693,0.016951382160186768,Neutral
10630,upheaval,Schools should brace for five years of upheaval from a triumphant party with Gove at its heart | Melissa Benn https://t.co/trM1M6UC4Q,schools should brace for five years of upheaval from a triumphant party with gove at its heart | melissa benn url,Non-disaster,0.08337315171957016,0.8163022994995117,0.10032453387975693,0.016951382160186768,Neutral
10635,upheaval,"""Rumours of a trial of no notice inspections"". Have they completely lost the plot? https://t.co/EvCqSi8zI0","""rumours of a trial of no notice inspections"". have they completely lost the plot? url",Non-disaster,0.763351559638977,0.22807292640209198,0.008575542829930782,-0.7547760168090463,Negative
10641,upheaval,Schools should brace for five years of upheaval from a triumphant party with Gove at its heart 'This government is… https://t.co/tiWW3pL9aU,schools should brace for five years of upheaval from a triumphant party with gove at its heart 'this government is… url,Non-disaster,0.3997806906700134,0.5608951449394226,0.03932418301701546,-0.36045650765299797,Neutral
10642,upheaval,Schools should brace for five years of upheaval from a triumphant party with Gove at its heart | Melissa Benn https://t.co/ow…,schools should brace for five years of upheaval from a triumphant party with gove at its heart | melissa benn url,Non-disaster,0.08337315171957016,0.8163022994995117,0.10032453387975693,0.016951382160186768,Neutral
10650,upheaval,Schools should brace for five years of upheaval from a triumphant party with Gove at its heart | Teaching | The Gua… https://t.co/qonp7HoWEh,schools should brace for five years of upheaval from a triumphant party with gove at its heart | teaching | the gua… url,Non-disaster,0.07388274371623993,0.8528537154197693,0.0732635036110878,-0.0006192401051521301,Neutral
10666,upheaval,Schools should brace for five years of upheaval from a triumphant party with Gove at its heart | Melissa Benn… https://t.co/iByK11do2j,schools should brace for five years of upheaval from a triumphant party with gove at its heart | melissa benn… url,Non-disaster,0.05655452609062195,0.8384588360786438,0.10498669743537903,0.04843217134475708,Neutral
10674,upheaval,Schools should brace for five years of upheaval from a triumphant party with Gove at its heart https://t.co/lMriU4nIle,schools should brace for five years of upheaval from a triumphant party with gove at its heart url,Non-disaster,0.2829964756965637,0.662184476852417,0.05481899529695511,-0.2281774803996086,Neutral
10676,upheaval,Schools should brace for five years of upheaval from a triumphant party with Gove at its heart | Melissa Benn… https://t.co/wQ1JyBMuLs,schools should brace for five years of upheaval from a triumphant party with gove at its heart | melissa benn… url,Non-disaster,0.05655452609062195,0.8384588360786438,0.10498669743537903,0.04843217134475708,Neutral
10686,upheaval,Schools should brace for five years of upheaval from a triumphant party with Gove at its heart | Melissa Benn https://t.co/T0sj0HyaMs,schools should brace for five years of upheaval from a triumphant party with gove at its heart | melissa benn url,Non-disaster,0.08337315171957016,0.8163022994995117,0.10032453387975693,0.016951382160186768,Neutral
10690,violent storm,“A butterfly flapping its wings in the Amazon rain forest can generate a violent storm on the other side of…,“a butterfly flapping its wings in the amazon rain forest can generate a violent storm on the other side of…,Non-disaster,0.289977103471756,0.6865371465682983,0.02348577417433262,-0.26649132929742336,Neutral
10698,violent storm,Yes it wld seem these little kids were being held against thier will &amp; forced 2 have stories read 2 by drag queens… https://t.co/u9K2GEb0tT,yes it wld seem these little kids were being held against thier will &amp; forced 2 have stories read 2 by drag queens… url,Non-disaster,0.5411915183067322,0.4451024532318115,0.013706021942198277,-0.5274854963645339,Negative
10699,violent storm,Yes it wld seem these little kids were being held against thier will &amp; forced 2 have stories read 2 by… https://t.co/guLpx0PR0T,yes it wld seem these little kids were being held against thier will &amp; forced 2 have stories read 2 by… url,Non-disaster,0.4741555452346802,0.5135971307754517,0.012247342616319656,-0.4619082026183605,Neutral
10706,violent storm,"“The more violent the storm, the quicker it passes.” – Paulo Coelho 🙏🏼","“the more violent the storm, the quicker it passes.” – paulo coelho 🙏🏼",Non-disaster,0.04413873329758644,0.4593031406402588,0.49655815958976746,0.452419426292181,Positive
10707,violent storm,this storm is violent af. bathong.,this storm is violent af. bathong.,Disaster-related,0.9201416969299316,0.07062481343746185,0.009233448654413223,-0.9109082482755184,Negative
10712,violent storm,19.00 obs from #Kirkwall Airport showed sustained wind speeds in the preceding hour of 74.1 km/h (46.0 mph) or Forc… https://t.co/uvekPOQJr9,19.00 obs from #kirkwall airport showed sustained wind speeds in the preceding hour of 74.1 km/h (46.0 mph) or forc… url,Disaster-related,0.025701437145471573,0.9390818476676941,0.035216666758060455,0.009515229612588882,Neutral
10713,violent storm,0.5 mile from me. Any idea what time this hit? Around 445 storm was very violent at my area 😳,0.5 mile from me. any idea what time this hit? around 445 storm was very violent at my area 😳,Disaster-related,0.5105836987495422,0.46583524346351624,0.023581000044941902,-0.48700269870460033,Negative
10725,violent storm,"The storm surge....wild, extreme, violent torrential rain, tempered by a gentle light and somewhere behind that cur… https://t.co/pQhlzdrNSs","the storm surge....wild, extreme, violent torrential rain, tempered by a gentle light and somewhere behind that cur… url",Non-disaster,0.3646339178085327,0.5962027311325073,0.03916336968541145,-0.32547054812312126,Neutral
10735,violent storm,Love a good storm in Ireland everyone panics meanwhile I stay indoors and appropriate the violent weather - and dr… https://t.co/GW3kMdBZ1K,love a good storm in ireland everyone panics meanwhile i stay indoors and appropriate the violent weather - and dr… url,Non-disaster,0.22892960906028748,0.2527734935283661,0.5182968974113464,0.28936728835105896,Positive
10737,violent storm,"Five years ago Kisilu, a Kenyan farmer, started to use his camera to capture the life of his family, his village and the damage…","five years ago kisilu, a kenyan farmer, started to use his camera to capture the life of his family, his village and the damage…",Non-disaster,0.04316715523600578,0.9099566340446472,0.046876221895217896,0.0037090666592121124,Neutral
10740,violent storm,"With arrival of #StormBrendan to East coast bringing S/SW winds up to violent Storm Force 11, together with high Sp… https://t.co/8llRV8PECV","with arrival of #stormbrendan to east coast bringing s/sw winds up to violent storm force 11, together with high sp… url",Non-disaster,0.06701920926570892,0.8901672959327698,0.042813580483198166,-0.024205628782510757,Neutral
10741,violent storm,"HEBRIDES and MALIN, An occasionally violent storm, 11. Not very much moving, https://t.co/96WLwciRet… https://t.co/GmGNaRPGoc","hebrides and malin, an occasionally violent storm, 11. not very much moving, url url",Disaster-related,0.6766099333763123,0.30657732486724854,0.016812721267342567,-0.6597972121089697,Negative
10747,violent storm,"#StormBrendan has now started to pivot northnortheast. The storm will not make a direct hit on #Ireland thankfully,… https://t.co/Ea0Kow9mUY","#stormbrendan has now started to pivot northnortheast. the storm will not make a direct hit on #ireland thankfully,… url",Disaster-related,0.03618235886096954,0.7841187119483948,0.17969892919063568,0.14351657032966614,Neutral
10760,volcano,Taal Volcano in the #Philippines. Volcanic ash is very dry &amp; very bad electricity conductor. When it is dispersed to a…,taal volcano in the #philippines. volcanic ash is very dry &amp; very bad electricity conductor. when it is dispersed to a…,Disaster-related,0.8490433096885681,0.14301933348178864,0.007937361486256123,-0.841105948202312,Negative
10773,volcano,The Makati Science High School SSG will be accepting cash and in-kind donations for the evacuees of the Taal Volcano eruptio…,the makati science high school ssg will be accepting cash and in-kind donations for the evacuees of the taal volcano eruptio…,Non-disaster,0.009246653877198696,0.9198894500732422,0.07086385786533356,0.06161720398813486,Neutral
10786,volcano,"The world is something else lately. The fire, volcano, influenza, war. Stay safe everyone.","the world is something else lately. the fire, volcano, influenza, war. stay safe everyone.",Non-disaster,0.7802838087081909,0.18416988849639893,0.03554632514715195,-0.744737483561039,Negative
10788,volcano,Blue hour and night timelapse of Taal Volcano eruption. https://t.co/DSJqHOaAS5,blue hour and night timelapse of taal volcano eruption. url,Disaster-related,0.015941251069307327,0.9396991729736328,0.04435959458351135,0.028418343514204025,Neutral
10804,war zone,Madrid twitter vs Barca twitter war zone like it's 2015 all over again ffsssss so good,madrid twitter vs barca twitter war zone like it's 2015 all over again ffsssss so good,Non-disaster,0.025155112147331238,0.12140065431594849,0.8534442186355591,0.8282891064882278,Positive
10809,war zone,Flexing line he didn’t leave a whole kid in a war zone,flexing line he didn’t leave a whole kid in a war zone,Non-disaster,0.5489967465400696,0.43344295024871826,0.01756024733185768,-0.5314364992082119,Negative
10814,war zone,take into consideration that this war zone was created 1500 years ago by a religious sect…,take into consideration that this war zone was created 1500 years ago by a religious sect…,Non-disaster,0.4447307586669922,0.541037380695343,0.014231854118406773,-0.4304989045485854,Neutral
10815,war zone,So when are you lot sorting out the war zone that is Piccadilly Gardens?,so when are you lot sorting out the war zone that is piccadilly gardens?,Non-disaster,0.8629531860351562,0.1279541701078415,0.009092654101550579,-0.8538605319336057,Negative
10816,war zone,The Air Force's B-52H Bomber Force Has Said Goodbye To Its Nuclear Bombs https://t.co/GszmdWmsoK https://t.co/oQEVIea31v,the air force's b-52h bomber force has said goodbye to its nuclear bombs url url,Non-disaster,0.033730398863554,0.884739100933075,0.08153048902750015,0.04780009016394615,Neutral
10819,war zone,"These are elected manufactured crisis actors, they are Anti American 💯 Defeat these MF…","these are elected manufactured crisis actors, they are anti american 💯 defeat these mf…",Non-disaster,0.9475098848342896,0.04641246423125267,0.0060777259059250355,-0.9414321589283645,Negative
10838,war zone,Agree completely. You want citizens to vote but the point is are you matching the expectations? Half of Gachibawli is d…,agree completely. you want citizens to vote but the point is are you matching the expectations? half of gachibawli is d…,Non-disaster,0.29948094487190247,0.6561810374259949,0.04433798789978027,-0.2551429569721222,Neutral
10846,war zone,Disrupted? Nothing moving more like. Cambridge is like a war zone with refugees.,disrupted? nothing moving more like. cambridge is like a war zone with refugees.,Non-disaster,0.8378544449806213,0.15341541171073914,0.008730155415832996,-0.8291242895647883,Negative
10867,weapon,I was actually thinking he may also be carrying his own protection weapon..,i was actually thinking he may also be carrying his own protection weapon..,Non-disaster,0.038462210446596146,0.8922350406646729,0.06930270791053772,0.030840497463941574,Neutral
10880,weapon,jeno's secret weapon (ू˃̣̣̣̣̣̣︿˂̣̣̣̣̣̣ ू) https://t.co/IlCFR2iXuR,jeno's secret weapon (ू˃̣̣̣̣̣̣︿˂̣̣̣̣̣̣ ू) url,Non-disaster,0.055298976600170135,0.8472206592559814,0.09748037159442902,0.04218139499425888,Neutral
10899,weapon,miss me with that ‘weapon accuracy’ shit. im shooting everything. im laying down cover fire. im shooting the walls. im sho…,miss me with that ‘weapon accuracy’ shit. im shooting everything. im laying down cover fire. im shooting the walls. im sho…,Non-disaster,0.7714953422546387,0.20897462964057922,0.019529951736330986,-0.7519653905183077,Negative
10914,weapon,"For the Putin regime, history is both a weakness and a weapon. considers how the West can push back against the Krem…","for the putin regime, history is both a weakness and a weapon. considers how the west can push back against the krem…",Non-disaster,0.7780389785766602,0.21219508349895477,0.009765930473804474,-0.7682730481028557,Negative
10920,weapon,"""Jutsu is not the only weapon, I tell you that!"" (Shikamaru Nara)","""jutsu is not the only weapon, i tell you that!"" (shikamaru nara)",Non-disaster,0.03852946311235428,0.6155349612236023,0.34593555331230164,0.30740609019994736,Neutral
10929,weapons,https://t.co/7xrl54HPXO 2:42 Onision lied over the phone saying he doesn't own any weapons when he is in…,url 2:42 onision lied over the phone saying he doesn't own any weapons when he is in…,Disaster-related,0.6141999959945679,0.3734877109527588,0.012312288396060467,-0.6018877075985074,Negative
10935,weapons,"For those who read #SerialBrain2 &amp; are following all the 93s, was on Watters last night. She demonstrated sh…","for those who read #serialbrain2 &amp; are following all the 93s, was on watters last night. she demonstrated sh…",Non-disaster,0.056756410747766495,0.8017149567604065,0.14152860641479492,0.08477219566702843,Neutral
10937,weapons,"Pragya Thakur planted bombs all over the place, but is scared of a letter written in Urdu and some powder. These bhagwa…","pragya thakur planted bombs all over the place, but is scared of a letter written in urdu and some powder. these bhagwa…",Non-disaster,0.7883453369140625,0.20220915973186493,0.00944544468075037,-0.7788998922333121,Negative
10947,weapons,"Yeah the Star Wars collab might be over in Fortnite, but I don't… https://t.co/YPPRQTr0Fd","yeah the star wars collab might be over in fortnite, but i don't… url",Non-disaster,0.22325383126735687,0.6760749816894531,0.10067118704319,-0.12258264422416687,Neutral
10950,weapons,ACCORDING THE OFFICIAL DOCUMENT: #B52 #BOMBERS ARE NO LONGER AUTHORIZED TO CARRY #NUCLEAR #BOMBS. NEW AIR FORCE INS… https://t.co/XAIZ3TbOAX,according the official document: #b52 #bombers are no longer authorized to carry #nuclear #bombs. new air force ins… url,Disaster-related,0.27218762040138245,0.7025161385536194,0.02529630810022354,-0.2468913123011589,Neutral
10955,weapons,He had more weapons than brady,he had more weapons than brady,Non-disaster,0.03717788681387901,0.435251921415329,0.5275701880455017,0.4903923012316227,Positive
10968,weapons,"JCPOA preamble: “Iran reaffirms that under no circumstances will Iran ever seek, develop or acquire any nuclear weapons.”…","jcpoa preamble: “iran reaffirms that under no circumstances will iran ever seek, develop or acquire any nuclear weapons.”…",Disaster-related,0.14187230169773102,0.8197296261787415,0.03839800879359245,-0.10347429290413857,Neutral
10983,weapons,Blanket secrecy' surrounds Australian weapons sales to countries accused of war crimes https://t.co/ko6nqZs61d,blanket secrecy' surrounds australian weapons sales to countries accused of war crimes url,Disaster-related,0.5040481090545654,0.48529675602912903,0.010655129328370094,-0.49339297972619534,Negative
10996,whirlwind,"Oh darling, hitting six geese isn't charming – before hitting his mixtape isn't a whirlwind.","oh darling, hitting six geese isn't charming – before hitting his mixtape isn't a whirlwind.",Non-disaster,0.6231696605682373,0.31760042905807495,0.05922989919781685,-0.5639397613704205,Negative
11008,whirlwind,"Oh darling, being a husky is fattening – but hitting him is a whirlwind.","oh darling, being a husky is fattening – but hitting him is a whirlwind.",Non-disaster,0.17811398208141327,0.4167787730693817,0.4051072895526886,0.22699330747127533,Neutral
11024,wild fires,I would say physically ignited is more the problem than natural wild fires and… https://t.co/sseg3o9osI,i would say physically ignited is more the problem than natural wild fires and… url,Non-disaster,0.4875606596469879,0.49759650230407715,0.014842793345451355,-0.47271786630153656,Neutral
11037,wild fires,👀👀👀 donate the funds to the Australia wild fires,👀👀👀 donate the funds to the australia wild fires,Non-disaster,0.06392016261816025,0.8770766258239746,0.05900328606367111,-0.004916876554489136,Neutral
11038,wild fires,Summer fun needs to be redefined. Two years ago there were wide wild fires in Scandinavia and around… https://t.co/lO1lgLUW9e,summer fun needs to be redefined. two years ago there were wide wild fires in scandinavia and around… url,Disaster-related,0.5590096712112427,0.4025089144706726,0.03848136216402054,-0.5205283090472221,Negative
11045,wild fires,What could he have done differently?! I'm not saying he was right or wrong BUT in order to do better next…,what could he have done differently?! i'm not saying he was right or wrong but in order to do better next…,Disaster-related,0.37080761790275574,0.5644637942314148,0.06472857296466827,-0.30607904493808746,Neutral
11062,wildfire,"""You don't bring Wildfire into your home and expect it to stay in the fireplace."" - #Loki, The Gospel of Loki, Joanne M. H…","""you don't bring wildfire into your home and expect it to stay in the fireplace."" - #loki, the gospel of loki, joanne m. h…",Non-disaster,0.1277882307767868,0.827872097492218,0.04433964192867279,-0.08344858884811401,Neutral
11065,wildfire,Be relentless in your pursuit of that which steals your heart even as the body lays at night. Be ruthless in your… https://t.co/UuLp24mXor,be relentless in your pursuit of that which steals your heart even as the body lays at night. be ruthless in your… url,Non-disaster,0.39046332240104675,0.5290249586105347,0.08051171153783798,-0.30995161086320877,Neutral
11066,wildfire,"Climate change increases the risk of wildfires, confirms new review: Physorg https://t.co/RWCFKWYCBe MORE w/ EcoSe… https://t.co/bsXeIRBjqm","climate change increases the risk of wildfires, confirms new review: physorg url more w/ ecose… url",Non-disaster,0.19153615832328796,0.7855538129806519,0.02291002683341503,-0.16862613148987293,Neutral
11073,wildfire,Future #wildfire risks grow with each added degree. To minimise growth in fire risk we must in fire risk we must stabilise…,future #wildfire risks grow with each added degree. to minimise growth in fire risk we must in fire risk we must stabilise…,Non-disaster,0.32491111755371094,0.6273016333580017,0.04778727889060974,-0.2771238386631012,Neutral
11090,wildfire,"CUHK professor Fang Kecheng revisits the real lessons of the disastrous 1987 Daxing’anling Wildfire, after a shameless…","cuhk professor fang kecheng revisits the real lessons of the disastrous 1987 daxing’anling wildfire, after a shameless…",Non-disaster,0.29766276478767395,0.6839938163757324,0.018343467265367508,-0.27931929752230644,Neutral
11097,wildfire,"Critics Drag Jeff Bezos After Amazon Donates $690,000 to Australian Wildfire Recovery: ‘Lol. Metallica ...… https://t.co/jFOajafpOn","critics drag jeff bezos after amazon donates $690,000 to australian wildfire recovery: ‘lol. metallica ...… url",Non-disaster,0.15883299708366394,0.7730482220649719,0.06811880320310593,-0.09071419388055801,Neutral
11100,wildfire,"You can go after ""actual pedophiles"" and… https://t.co/OTwm2bpvfN","you can go after ""actual pedophiles"" and… url",Non-disaster,0.5777812600135803,0.40842851996421814,0.013790166936814785,-0.5639910930767655,Negative
11103,wildfire,"New post: ""Parkway Drive Donated $34,000 to Australian Wildfire Relief"" https://t.co/xM0k86dpoc","new post: ""parkway drive donated $34,000 to australian wildfire relief"" url",Non-disaster,0.006362194195389748,0.8048122525215149,0.18882553279399872,0.18246333859860897,Neutral
11116,windstorm,Stanley Park storm is where the bar is at for windstorm (10). So using that as point of reference w… https://t.co/CHVCboBamv,stanley park storm is where the bar is at for windstorm (10). so using that as point of reference w… url,Disaster-related,0.01010838057845831,0.9347913265228271,0.055100325495004654,0.044991944916546345,Neutral
11118,windstorm,"Rain and high-elevation snow showers can continue across northern Scotland on Wednesday; otherwise, a brief break i… https://t.co/TUOn6fdI7Q","rain and high-elevation snow showers can continue across northern scotland on wednesday; otherwise, a brief break i… url",Disaster-related,0.12568438053131104,0.8427928686141968,0.03152279928326607,-0.09416158124804497,Neutral
11126,windstorm,"From what I've seen with other RW boycotts, this too will be nothing more than a sneeze in a windstorm.","from what i've seen with other rw boycotts, this too will be nothing more than a sneeze in a windstorm.",Non-disaster,0.7535834908485413,0.23397815227508545,0.01243836060166359,-0.7411451302468777,Negative
11138,windstorm,There won't be much of a break across the southern U.K. as another storm system will race into the region on Tuesda… https://t.co/Mbr5gVIV59,there won't be much of a break across the southern u.k. as another storm system will race into the region on tuesda… url,Disaster-related,0.19395025074481964,0.7851167917251587,0.020932933315634727,-0.1730173174291849,Neutral
11139,windstorm,"Our poor BBQ. Not only did the windstorm blow away the cover, it is now covered in snow that has crusted over due t… https://t.co/DmgHfuBtCL","our poor bbq. not only did the windstorm blow away the cover, it is now covered in snow that has crusted over due t… url",Disaster-related,0.9089740514755249,0.08397284895181656,0.0070531656965613365,-0.9019208857789636,Negative
11150,wounded,"Twenty-one Saudi military cadets are being expelled after one of the cadets carried out a mass shooting in Pensacola, Flor…","twenty-one saudi military cadets are being expelled after one of the cadets carried out a mass shooting in pensacola, flor…",Disaster-related,0.8493013381958008,0.14646676182746887,0.00423193397000432,-0.8450694042257965,Negative
11153,wounded,Police in Iran have denied using live ammunition to disperse protesters as outrage over the accidental downing of a Ukrainian p…,police in iran have denied using live ammunition to disperse protesters as outrage over the accidental downing of a ukrainian p…,Disaster-related,0.6445613503456116,0.3483269512653351,0.007111716084182262,-0.6374496342614293,Negative
11154,wounded,Snow and Avalunch Update (SDMA) 18 people including Women's and children's were killed and 21 other wounded in snow a…,snow and avalunch update (sdma) 18 people including women's and children's were killed and 21 other wounded in snow a…,Disaster-related,0.8646266460418701,0.12937888503074646,0.005994402337819338,-0.8586322437040508,Negative
11158,wounded,"Vitriol many indy supporters have for Labour partly stems from how some senior politicians spoke in 2014 campaign: ""viru…","vitriol many indy supporters have for labour partly stems from how some senior politicians spoke in 2014 campaign: ""viru…",Non-disaster,0.02076631784439087,0.8382048010826111,0.14102879166603088,0.12026247382164001,Neutral
11160,wounded,It’s been **320 days** since the House passed a bipartisan background checks bill. No single law can prevent every sh…,it’s been **320 days** since the house passed a bipartisan background checks bill. no single law can prevent every sh…,Non-disaster,0.47070378065109253,0.47187936305999756,0.05741678550839424,-0.4132869951426983,Neutral
11163,wounded,//WOTV NEWS//: 2 teen hunters charged with animal cruelty after attack on wounded deer... https://t.co/OOrvsBycl0,//wotv news//: 2 teen hunters charged with animal cruelty after attack on wounded deer... url,Disaster-related,0.7903924584388733,0.2040318250656128,0.005575750954449177,-0.7848167074844241,Negative
11164,wounded,"I 4get my sons 36 bday 2day Been struggling this year w MS Had 38+2, Sitting Bull &amp; Wounded Knee Ride Race home 4 M… https://t.co/xBpcMvjFtc","i 4get my sons 36 bday 2day been struggling this year w ms had 38+2, sitting bull &amp; wounded knee ride race home 4 m… url",Non-disaster,0.5687351822853088,0.39208224415779114,0.03918259218335152,-0.5295525901019573,Negative
11182,wounded,Make art. Make bad art. Make better art. Make great art. Make brand new art that's ahead of its time. Make more art. Seek oppo…,make art. make bad art. make better art. make great art. make brand new art that's ahead of its time. make more art. seek oppo…,Non-disaster,0.03535345569252968,0.3353312909603119,0.6293152570724487,0.593961801379919,Positive
11187,wounds,HA YOONBIN 하윤빈 (BEN) - Wounds (Official M/V) - YouTube https://t.co/qgJcSQEJBf,ha yoonbin 하윤빈 (ben) - wounds (official m/v) - youtube url,Non-disaster,0.007967216894030571,0.921897292137146,0.07013548165559769,0.062168264761567116,Neutral
11197,wounds,ketombe siapa takut #Ben_Wounds #HaYoonbin https://t.co/nokmmsEZBX,ketombe siapa takut #ben_wounds #hayoonbin url,Non-disaster,0.020678769797086716,0.9213812947273254,0.057940006256103516,0.0372612364590168,Neutral
11202,wounds,NOT GONNA SAID THAT TURTLENECK SPECS AND DENIM JACKET ISSA GOOD COMBO CUZ THAT'S EXACTLY WHAT I MEAN #Ben_Wounds https://t…,not gonna said that turtleneck specs and denim jacket issa good combo cuz that's exactly what i mean #ben_wounds url,Non-disaster,0.09741532057523727,0.5742800831794739,0.32830458879470825,0.23088926821947098,Neutral
11204,wounds,"“kiss my wounds back, Kiss my wounds, it doesn’t gonna hurt you” whyyy these part sound so.. idk how to explain 😭 #Be…","“kiss my wounds back, kiss my wounds, it doesn’t gonna hurt you” whyyy these part sound so.. idk how to explain 😭 #be…",Non-disaster,0.5361896753311157,0.3671903908252716,0.09661991894245148,-0.43956975638866425,Negative
11205,wounds,"24 cuts from different mistakes, 24 stitches made to conceal the pain, 24 wounds to heal overtime, but i'm still he… https://t.co/N6hPawUygK","24 cuts from different mistakes, 24 stitches made to conceal the pain, 24 wounds to heal overtime, but i'm still he… url",Non-disaster,0.45238009095191956,0.520727813243866,0.026892170310020447,-0.4254879206418991,Neutral
11211,wounds,"Yoonbin is set to release a new song entitled wounds today, 12 PM. Filmed by: btrvl studio Stay tuned. #HaYoonbin h…","yoonbin is set to release a new song entitled wounds today, 12 pm. filmed by: btrvl studio stay tuned. #hayoonbin h…",Non-disaster,0.0022112128790467978,0.7694976925849915,0.2282911241054535,0.2260799112264067,Neutral
11229,wounds,“One of the penalties of an ecological education is that one lives alone in a world of wounds.” How scientists are now…,“one of the penalties of an ecological education is that one lives alone in a world of wounds.” how scientists are now…,Non-disaster,0.7112411856651306,0.27764570713043213,0.011113137938082218,-0.7001280477270484,Negative
11234,wreck,Me: #TheCircleNetflix looks so dumb!! I’m gonna watch ONE episode to see what a train wreck it is Me (five episodes la…,me: #thecirclenetflix looks so dumb!! i’m gonna watch one episode to see what a train wreck it is me (five episodes la…,Non-disaster,0.8998270630836487,0.08108782023191452,0.019085180014371872,-0.8807418830692768,Negative
11236,wreck,😂We learned a long time ago why all major banks are… https://t.co/HYXUvYN73p,😂we learned a long time ago why all major banks are… url,Non-disaster,0.2155316174030304,0.7146076560020447,0.06986070424318314,-0.14567091315984726,Neutral
11242,wreck,they were even more popular than Lope and Steam. So Bell just had to wreck it for the rest of us beca… https://t.co/pkQNL10ypq,they were even more popular than lope and steam. so bell just had to wreck it for the rest of us beca… url,Non-disaster,0.21912121772766113,0.5361855030059814,0.24469323456287384,0.025572016835212708,Neutral
11246,wreck,The houses are one in front of the other same land th… https://t.co/fqTJPbL09x,the houses are one in front of the other same land th… url,Non-disaster,0.016497964039444923,0.9472981095314026,0.036204010248184204,0.01970604620873928,Neutral
11265,wreck,This animated short about lion hunting will absolutely wreck you 😭 Sign the petition: https://t.co/PZKJNJfdWI https://t.co…,this animated short about lion hunting will absolutely wreck you 😭 sign the petition: url url,Non-disaster,0.8177040219306946,0.1466643065214157,0.035631660372018814,-0.7820723615586758,Negative
11268,wreck,Dem wan just wreck person for this country 🤕,dem wan just wreck person for this country 🤕,Non-disaster,0.881117045879364,0.10774742811918259,0.011135504581034184,-0.8699815412983298,Negative
11269,wreck,Something about sucking a poly cock when theyre just finished with work. Wreck my throat,something about sucking a poly cock when theyre just finished with work. wreck my throat,Non-disaster,0.6362826228141785,0.26493775844573975,0.09877964109182358,-0.5375029817223549,Negative
11275,wreck,And yea didn't go to the appt because I'm a dumb wreck of a human waste,and yea didn't go to the appt because i'm a dumb wreck of a human waste,Non-disaster,0.9167725443840027,0.07298675179481506,0.010240672156214714,-0.906531872227788,Negative
11281,wreck,The Left can’t stand anyone who freed themselves of the support of the state. They resent thi… https://t.co/JEXvV7KY8s,the left can’t stand anyone who freed themselves of the support of the state. they resent thi… url,Non-disaster,0.8716938495635986,0.12222316116094589,0.0060829948633909225,-0.8656108547002077,Negative
11290,wreck,"The Rugrats are all figments of Angelica’s imagination. Chuckie died w/ his mom, = y Chaz is a nervous wreck. Tommy was a…","the rugrats are all figments of angelica’s imagination. chuckie died w/ his mom, = y chaz is a nervous wreck. tommy was a…",Non-disaster,0.7486763596534729,0.24026186764240265,0.011061848141252995,-0.7376145115122199,Negative
11303,wreckage,My piece tonight on why Christopher Wray isn’t the right man for the big—and necessary—job of reforming the FBI. “Rather…,my piece tonight on why christopher wray isn’t the right man for the big—and necessary—job of reforming the fbi. “rather…,Non-disaster,0.6577556729316711,0.3300218880176544,0.012222498655319214,-0.6455331742763519,Negative
11304,wreckage,"Ukraine deliberately issued statement after Iran plane crash suggesting engine failure, despite suspecting attack ""If…","ukraine deliberately issued statement after iran plane crash suggesting engine failure, despite suspecting attack ""if…",Disaster-related,0.48178577423095703,0.5092947483062744,0.00891946628689766,-0.47286630794405937,Neutral
11306,wreckage,"A sunken yacht has finally been pulled out of the Mooloolah River, almost a year after it was abandoned. The wrecka… https://t.co/H00suo4N0z","a sunken yacht has finally been pulled out of the mooloolah river, almost a year after it was abandoned. the wrecka… url",Disaster-related,0.35658127069473267,0.6162065267562866,0.02721220813691616,-0.3293690625578165,Neutral
11310,wreckage,"TSB: Iran has allowed us to the download of the recorders, and visit the wreckage: this above and beyond what they are req…","tsb: iran has allowed us to the download of the recorders, and visit the wreckage: this above and beyond what they are req…",Disaster-related,0.04168383404612541,0.9013606309890747,0.05695551633834839,0.015271682292222977,Neutral
11318,wreckage,"""We won..."" —Beachcomber's bitter statement as he surveys the wreckage of the lagoon. In episode The Golden Lagoon. https:…","""we won..."" —beachcomber's bitter statement as he surveys the wreckage of the lagoon. in episode the golden lagoon. https:…",Non-disaster,0.5947400331497192,0.3699440658092499,0.035315919667482376,-0.5594241134822369,Negative
11323,wreckage,It is a strange feeling to see someone come around after leaving you alone in the wreckage they cau… https://t.co/jwSoqQZ318,it is a strange feeling to see someone come around after leaving you alone in the wreckage they cau… url,Non-disaster,0.5688362121582031,0.41707083582878113,0.014092954806983471,-0.5547432573512197,Negative
11325,wreckage,"VIRGO - The new model eggbeater or washing machine, the latest year’s car all demand some study and learning before… https://t.co/QQPrXkdnrU","virgo - the new model eggbeater or washing machine, the latest year’s car all demand some study and learning before… url",Non-disaster,0.021236687898635864,0.8531074523925781,0.1256559193134308,0.10441923141479492,Neutral
11327,wreckage,From Identities' Special Issue 'Whiteness and Nationalism': 'The wreckage of white #supremacy' by :… https://t.co/fJMazxcIaT,from identities' special issue 'whiteness and nationalism': 'the wreckage of white #supremacy' by :… url,Non-disaster,0.08352477103471756,0.9010038375854492,0.015471359714865685,-0.06805341131985188,Neutral
11337,wrecked,"Hi. So I’ve started to stan the girl group, ANS. Because Say My Name is a bop, I wanna know the name of the member… https://t.co/lsjALdwsRP","hi. so i’ve started to stan the girl group, ans. because say my name is a bop, i wanna know the name of the member… url",Non-disaster,0.0034066797234117985,0.15118221938610077,0.8454110622406006,0.8420043825171888,Positive
11365,wrecked,Media should have warned us well in advance. This wrecked my whole night. I refuse to watch…,media should have warned us well in advance. this wrecked my whole night. i refuse to watch…,Non-disaster,0.9343186616897583,0.060183085501194,0.005498298443853855,-0.9288203632459044,Negative
11367,wrecked,i feel directly attacked 💀 i consider moonbin &amp; jinjin as my bias and im currently wrecked by rocky i hate this https://t.co/psLBecS7hI,i feel directly attacked 💀 i consider moonbin &amp; jinjin as my bias and im currently wrecked by rocky i hate this url,Non-disaster,0.8955678939819336,0.09637415409088135,0.008057882077991962,-0.8875100119039416,Negative
