id,keyword,text,target
4,ablaze,"""Lord Jesus, your love brings freedom and pardon. Fill me with your Holy Spirit and set my heart ablaze with your l… https://t.co/VlTznnPNi8",0
6,ablaze,"Several houses have been set ablaze in Ngemsibaa village, Oku sub division in the North West Region of Cameroon by… https://t.co/99uHGAzxy2",1
20,ablaze,Cameroon's #BIR soldiers on the 05/01/2020 invaded the #SouthernCameroons Village of Kimar - So setting ablaze a total of…,1
55,accident,I actually posted this by accident to twitter but have decided this can stay,0
60,accident,"The speeding car rammed into a group of people, who were returning after attending a temple festival of Ayyappan Ka… https://t.co/e3bBlaVDDA",1
72,aftershock,TICKETS ON SALE!!!!!!!!!! - Aftershock https://t.co/kQHMzbgmvk #nowplaying #k4hdradio,0
78,aftershock,Puerto Rico hit by another 5.9 magnitude aftershock - KYMA https://t.co/rrTNTMA8NR,1
87,aftershock,И снова о кризисе демографии (Yakov_Z) https://t.co/BlgYuNumDG,0
106,aftershock,Puerto Rico hit by another 5.9 magnitude aftershock - KYMA https://t.co/P9Th3vpTak,1
111,aftershock,We continue to update our 30-day aftershock forecast scenarios for #PuertoRico. Forecasts are posted in both English https://t.co…,0
119,airplane%20accident,"That’s a load of rubbish, there was never an imminent threat, Jesus Christ!!!Iran sho… https://t.co/C815DfZF7C",0
129,airplane%20accident,How is it that Iran fired between 12 and 20 surface to surface missiles...…..then FIRED A SURFACE TO AIR MISSILE AT… https://t.co/mpkttFCAFB,0
130,airplane%20accident,"Basically, you killed the general, put the whole country into a confusing status, they shoot a civ… https://t.co/P1lKrqhP1Y",0
138,airplane%20accident,"Just dial 112 toll-free from your phone in the event that you wish to report fire, flood, theft, armed robbery, kidnap,…",0
140,airplane%20accident,So Iran can shoot down a commercial airplane and claim it was an accident. Does ANYONE really believe that?!!! 😡😡😡😡,1
147,airplane%20accident,"Hey, got some swamp land for sale. You are either naive or just plain stupid! Which is it? Iran downing t… https://t.co/fu3cjJf1q8",0
155,airplane%20accident,"It is unimaginable to have 174 people gone in one ""accident."" How could anyone point a surface to air missile at a… https://t.co/7Abwo7HXuz",0
160,airplane%20accident,Good lord...... Yeah. It was an accident. The airplane didn't give the missile the right away.... 😒,0
173,airplane%20accident,"Yeah, yer well prepared ...hit a few buildings &amp; knocked down yer own airplane by accident ...better keep d… https://t.co/ww1W8LOYVl",0
177,airplane%20accident,# Trump in Accident # Crash - Airplane # Ukraine is the main factor as the most powerful person in the world whose count…,0
184,airplane%20accident,She is still silent about the killing of 176 innocent people in Iran. Iranian military admitted it shot down Ukrainian a…,1
190,ambulance,Fire Engulfs Ambulance Conveying Corpse of Catholic Priest’s Mother; #streetjournal https://t.co/gK6dAGKRrL,1
191,ambulance,"Is it racist to be concerned that this is correct … 50,000 residents in Birmingham can't speak English? Birmingham is England…",0
193,ambulance,"#USDJPY despite Richter Scale overbought, Fxstreet Line Up Swissquote bullish long, Jason Sen Mr. Ambulance Chaser B…",0
206,ambulance,And drumroll its beach girl. Henry tried to keep pressure on the wound and calls for an… https://t.co/gvo4M76B1O,0
209,ambulance,"ooh, guys, do you know where in gauteng people go to study nursing and the ambulance nurses who keep you alive in transit…",0
216,ambulance,“ambulance nurses” ♥️♥️♥️,0
218,ambulance,For all your ambulance 🚑 needs call us today on our Toll-Free number 👉0819696 https://t.co/aWzJw2wxkx,0
220,ambulance,Timely action during accidents can save someone's life. If you find someone with injury then call for an ambulance… https://t.co/9PPTiJUJpN,1
223,ambulance,Another race baiting ambulance chaser exposed ..this is racism in action but you and peop… https://t.co/2UhePawVK9,0
224,ambulance,"ooh, guys, do you know where in gauteng people go to study nursing and the ambulance nurses who keep you alive in t… https://t.co/M6YK1fibLu",0
230,annihilated,Which Quranic Verse Did the Leader Choose for Qasem Soleimani? | Unique Moment A soldier of Islam who tirelessly foug…,0
234,annihilated,Zero chance of any of those candidates winning the next election. The deluded hard left will… https://t.co/Xnurp3Teng,0
240,annihilated,"Titans, raise your tridents and drink to Victory We annihilated our enemies yesterday and sent them to hades where they…",1
245,annihilated,"Polls mean shit all Hugh, they were wrong, massively, we have effectively now had 3 votes, leave won… https://t.co/EpTuVM6j5q",0
250,annihilated,"WE WIN! The Federal Judge lifted the TRO. We can Build in the Floodplain, this will change the game. The judge absolutely…",0
251,annihilated,"Oppenheimer annihilated him, I was done when he referenced Mistress Death's dislike of Thanos. https://t.co/165Ot51Jxs",0
258,annihilated,Nicki minaj single handedly annihilated the male species the day this dropped !! https://t.co/v7KK4pWdtK,0
286,annihilation,"You are just deflecting the issue, which is discouraging statistics(of Bengali hindus) f… https://t.co/rGjkNxYzL8",0
288,annihilation,"I loved and hated #UncutGems, like several movies recently. It evoked Clockwork Orange - grotesque but compelling -… https://t.co/KPHUCeRWCi",0
320,annihilation,annihilation on hulu,0
326,apocalypse,I will never understand why the smell of girls perfume lasts for a 8 secs meanwhile boys can go through an apocalypse and st…,0
338,apocalypse,"Yea, but let's be honest. Kids value pretty much any game they see on Roblox the same. They'll play whatever they f… https://t.co/k0YcbKnN9U",0
346,apocalypse,chodzi ci o Apocalypse?,0
348,apocalypse,Apocalypse chic,0
351,apocalypse,Texsch literally caused the apocalypse and that's invalid :o),0
357,apocalypse,"I just survived the London rush hour tube ride (which is basically like surviving the zombie apocalypse), but what… https://t.co/OC1WtHjXiw",1
358,apocalypse,👍 on : GTA 5 Zombie Apocalypse Mod #2 - SURVIVAL!! (GTA 5 Mods) https://t.co/jwRJlHMW6R,0
364,apocalypse,"GRETA THUNBERG: please no phjotos. I dont want to be fjamous, i just want my save my small windmill town frjom climjate apo…",0
365,armageddon,It’s Armageddon for wheelie bins.,0
368,armageddon,"New Music: DJ Joenel feat. Ajebo Hustlers, Dr Barz &amp; Dan Dizzy – Armageddon https://t.co/S8bAUOPZDZ https://t.co/jiel4VWU1F",0
369,armageddon,"New Music: DJ Joenel feat. Ajebo Hustlers, Dr Barz &amp; Dan Dizzy – Armageddon https://t.co/rlOcieXQPt https://t.co/2DCzBRS1nJ",0
375,armageddon,That can’t be true. Jesus usually rides a Harley to Armageddon picknicks. https://t.co/luYrj6NY7z,0
376,armageddon,Getter Robo: Armageddon (1998) https://t.co/fqD7EoBjq8,0
378,armageddon,65RT↑270♡↑ Thanks!,0
385,armageddon,White: I Saw Trump Riding Golden Horse Alongside Jesus During Armageddon https://t.co/oG3RkpyvH8,0
386,armageddon,When the few hold the most wealth power and privilege due to the defective money system that humani… https://t.co/EPmdxaRAus,0
388,armageddon,The ONLY reason that Jesus would be riding along side of tRump would be to show him the gates of hell w… https://t.co/0qLG3G8yko,0
395,army,Today Pak Army soldiers will b thanking to Indian Army.If the Indian Army did not carry out deadly strikes in Neelum Valle…,1
402,army,People in the army kill people everyday and then get sent home no jail time,0
410,army,Remember when an army used google translate to ask “are you excited to go to korea?” But it messed up and said “Are you horn…,0
411,army,J-Hope's 'Chicken Noodle Soup (feat. Becky G)' MV has passed 130 million views. #iHeartsAwards #BestFanArmy…,0
417,army,I’m the one who wrote this post on weverse. I’m glad that many ARMYs are able to see so that they have awareness as to wh…,0
421,army,Weverse Official A Special Gift for ARMY from BTS SUGA https://t.co/7VQDvghgfj,0
424,army,remember when yoongi replied to an army in english 🥺🥺 why did i just read it in his tiny english voice too i’m devastate…,0
427,army,INDONESIA ARMY WHERE ARE YOU?! WE ARE HUGE PLEASE VOTE #BoyWithLuv #BestMusicVideo #iHeartAwards @…,0
445,army,Congratulations J-Hope and for 130M views for CNS 🎉 Let's stream as much as we can until Hobi's bir…,0
460,arson,"""Only about 1 per cent of the land burnt in NSW this bushfire season can be officially attribu… https://t.co/prCXHHyt1B",1
470,arson,"Climate change is now the #1 cause of arson. Or perhaps arson is the #1 cause of #ClimateChange Whatever it is, the sol…",0
474,arson,"2009 bushfires in Victoria: - 173 fatalities - Labor Govt &amp; Kevin Rudd - Caused by arson, power lines, lightning - Nobody…",1
479,arson,Rubbish Hillary! I am an Australian living near the fires &amp; the causes of the fires have been: 1. Arson with approx 200…,1
480,arson,"We cannot stop bushfires, we must plan to live with them. This means significant change, including information and… https://t.co/XX4QCfV9h3",0
487,arson,Yeah because arson and poor forest management is not climate change.,0
493,arson,"...the lack of decent land management / strategies for fire prevention,… https://t.co/ieKcFNpZVs",0
497,arson,"As part of our analysis of misinformation propagated about the Australian bushfires, has produced this detai…",0
503,arson,"There's no doubt, , that officials are downplaying arson's role in Australia's fires (because they are global…",0
513,arsonist,Equivalent of an arsonist that lights the fire then rushes in as a hero to put it out! Except this fi… https://t.co/xFebDYfVsa,0
514,arsonist,Have I got this right #Arsonist in Chief of #AustraliaBurning Morrison is even smugger &amp; smirkier than usual bc he clai…,0
519,arsonist,One of the blog confirms that voilence was linked to CAA and nrc protest. In Bhainsa of Nirma…,0
536,attack,"Trump shares horrific photo of bloodied corpse: The tweet that Trump shared said: ""Question: Who in America supports this m…",0
541,attack,"RT #FightExtremism ""The Taliban have claimed responsibility for a roadside bomb attack in Kandahar that killed two… https://t.co/7Ym9WSGKQp",1
555,attack,Moments before taking a bucket full of d6 for the Sneak Attack. #dnd #dungeonsanddragons #dnd5e https://t.co/QotzVHVliW,0
556,attack,i tried to go to school today and everything was fine but now i sit outside of the classroom bc my hands started to… https://t.co/JDbcnqrOJH,0
564,attack,"When Orientalism, Islamophobia, and anti-#Iran sentiment are used to attack people across the political aisle (this was retweet…",0
572,attack,German Hospital Forced to Hire Security Guards After ‘Refugees’ Physically Attack Nurses https://t.co/BkDDlcTDk5,0
602,attack,for his Participation in countering a Fidayeen Attack by Terrorists at District Police Lines Pulwahma on 25/26 Aug 2017 w…,1
605,attacked,God is going to bless you in the same season the devil attacked you.,0
613,attacked,Id love to know how actually its just a different type of homophobia that happened to Wilson. He was a… https://t.co/mpXLgZUniA,0
637,attacked,Son and teenage girl arrested after couple attacked at Centurion home https://t.co/Wd9rbN13YV,0
646,attacked,Terrorists attacked people in Telangana Smaller districts of Bhainsa and Nirmal saw terror mob burned few places and tar…,1
655,attacked,Why have you stopped short with only ABVP and have not questioned the ABVP cadre who initiated the att… https://t.co/aVk3SHS4Uh,0
657,attacked,"So because I've not read, heard or seen Meghan being racially attacked its b/c Im white and all white people are ra… https://t.co/DzccMLENCg",0
671,avalanche,read everything Avalanche here! https://t.co/k1cBbCmrh3 #followtrain,0
674,avalanche,JUST IN: Avalanche strikes Indian Army post in Machil sector along LoC in Jammu &amp; Kashmir. 5 soldiers were believed to b…,1
682,avalanche,"Breaking News: At least 51 people have been killed in a snow avalanche in Neelum valley of Azad Kashmir , officials sa…",1
683,avalanche,⁠Turkey’s first university blockchain center BlockchainIST jumps into Emin Gün Sirer’s Avalanche https://t.co/Gr6NLOdP2I,0
711,battle,"When you have tittle without mantle you end up with battle. You will not remember a man because of his title, but beca…",0
712,battle,"Ireland, 1014 AD. High King Brian Boru survives the Battle of Clontarf and establishes an enduring royal dynasty. The cu…",0
728,battle,"So.. Free battle anyone?🤔 Comment ""#daddyarmy""",0
732,battle,There's always gonna be another mountain I'm always gonna wanna make it move Always gonna be an uphill battle Sometimes I'm…,0
743,battle,"I GOT IT ALL IN CONTROL... RUNNING A LABEL WITH 2 DEALS ""UPHILL BATTLE LLC""",0
750,battle,It's Very Sad that #EgertonHeist has reduced a once Great University to a Battle ground between the Police &amp; students simpl…,0
752,battle,BB9B04C5 :Battle ID I need backup! Lvl 100 Celeste Omega https://t.co/s0FmtxAUFT,0
753,battle,1DB28A63 :Battle ID I need backup! Lvl 100 Baal https://t.co/hHlrnSEJmd,0
760,battle,B9CF7ABC :Battle ID I need backup! Lvl 50 Joya https://t.co/luE1wvM1Xa,0
763,battle,512B214F :Battle ID I need backup! Lvl 100 Yggdrasil Omega https://t.co/BVVSnPgZ3W,0
764,battle,s 1656ABAF :Battle ID I need backup! Lvl 100 Colossus Omega https://t.co/YeOnr59F9Z,0
767,bioterror,"Sir, if I may this tech is quite useful in case of a bioterror attack https://t.co/pAbur3CVum",0
772,bioterror,"Courtesy of “Mixed in with people who nothing more than to come to America for a better life, more i… https://t.co/ZEpp4lzpnA",0
784,bioterror,"US-Mexico Border: Portal For TB, Swine Flu, Bioterror https://t.co/xv4mhvm5iS via",1
811,bioterrorism,hachi-san88: Leon and Claire. They fight bioterrorism and have busy days. That’s why they value the time they spend tog…,0
813,bioterrorism,hachi-san88: Leon and Claire. They fight bioterrorism and have busy days. That’s why they value the time they spend… https://t.co/hcjq3VatR2,0
857,blaze,"“Two fights - to protect rights, and to revive [EU &amp; Enlightenment] values - aren't an alternative to a campaign to rejoin.…",0
865,blaze,"What is the definition of ""major interview?"" Let's start with when will #BrexitJohnson #ReleaseTheRussiaReport ??",0
869,blaze,blaze it,0
892,blazing,Margaret Cavendish was an English philosopher and author born in 1623. She was the first woman to attend a meeting at t…,0
893,blazing,"#KartikGoenka - a flame blazing up, a volcano ready to erupt, a man whose silence has been mistaken for weakness 🙌🏼 #MohsinK…",0
900,blazing,ObsNewRev: Motherwell: A Girlhood by Deborah Orr review – fitting legacy of a blazing talent https://t.co/sa2QOkkdv9,0
903,blazing,“Our work for LGBT-inclusive education in Scotland is about ensuring that no generation of LGBT young people ever again fe…,0
920,blazing,"I shot one of two Colts I had aimed at him, the one in my left hand, before Trent could pull the trigger of his Rem… https://t.co/asYxjXnFd0",0
925,blazing,Was a fair call before WC. Should have done it at the WC. Not now when Iyer has been in blazing form at 4.,0
928,blazing,"Jennie looked at me, and said, “Bass, you need to do this. You need to go before Tecumseh kills again.” Get Bass Re… https://t.co/9dzgBTdopw",0
937,blazing,"When an eagle soars into the blazing sun, it is not just a show of strength but because he truly belongs at the top. You…",0
942,bleeding,"Why can’t you be truthful it’s not down you have put them in concentration camps and cages ,the wall has nothing to… https://t.co/DEtzSrFaZE",0
955,bleeding,GHANAIAN WOMEN WOULD STAB YOU IN THE BACK THEN ASK YOU WHY YOU’RE BLEEDING.,0
959,bleeding,"(((LIVE))) Cervical Cancer: Bleeding after menopause is a sign of disease - Dr Kwaku Ansah -Opoku, Obstetrician &amp; G… https://t.co/cSb6Vh7pFu",0
961,bleeding,Freedom of movement bleeding central and souther Europe dry https://t.co/iDOoN1YLaz,0
965,bleeding,Bleeding Madras be that,0
969,bleeding,ICYMI: “Silence Surrounds Revelations of Mueller’s Collaboration with CIA Torture Program” - my new article on Guantanamo.…,0
980,bleeding,I forgot my lip balm and now I’m holding a sleeping baby and my lips are dry and cracked and bleeding.,1
983,bleeding,It wont taste the same and like I’d...... die......which is fine but like..........I’d rather not die… https://t.co/X0lYw9QQxs,0
994,bleeding,I kinda want to watch it,0
1019,blew%20up,can i just say 😳 i dont understand why this blew up as the cameraman panicking @ tae as it clearly cut to a different camer…,0
1023,blew%20up,#AfricaKwetu Late Commander Fred Nkuranga Rubereza. One of the greatest heroes of the NRA/UPDF passed away in 1981… https://t.co/8zH6SqSJAe,0
1040,blew%20up,I think the document shredder blew up and was mistaken for snow,0
1046,blew%20up,This probably was not a choice Warren was forced into. It was likely her campaign that leaked the st… https://t.co/kvUIHca4Uk,0
1053,blew%20up,I once told someone to check her iron level because there were like obvious symptoms she was having ( same thing I… https://t.co/c45iPQpOTo,0
1060,blight,"SHDC is working with partners across Lincolnshire to launch the #SCRAP fly-tipping campaign today, which aims to fight the…",0
1068,blight,Low traffic neighbourhoods - way ahead to save our local streets from the blight of pollution and noise. #Safer streets ar…,0
1078,blight,you should understand i'm cleaning up html and css is a fucking blight and capitalists are fucking useless,0
1088,blight,Tunisian fishermen driven to perilous depths by mystery sea sponge blight https://t.co/iM6VKIGqsL,1
1102,blight,"Only Leftists would demand exteme birth control, claim that humanity is a blight on the planet, pray for genocide… https://t.co/pNShHgmxOh",0
1118,blizzard,Blizzard fixing OW by buffing random heroes: https://t.co/MDh9vfPFbX,0
1122,blizzard,"Also, with the announcement of Overwatch 2(which don’t get me wrong I will play tons of), Blizzard has already slow… https://t.co/mCrN7yStna",0
1136,blizzard,PUBG: Provide Unmitigated Blizzard Goop,0
1147,blizzard,xeltes played World of Warcraft (Blizzard) in the last 24 hours https://t.co/7Qvvbxc59M #exophase,0
1168,blood,Working on some blood maledict sets! https://t.co/lfHhS9I7sy,0
1205,blood,everyman/woman who doesnt exactly belive in that must b kiled; evrythng that does… https://t.co/MtupW8m9Rt,0
1211,blood,giorno: what’s your blood type? fugo: how would i know? giorno: how would you not? fugo: who do you think i am? karl…,0
1221,bloody,"🇮🇹 Totti is 43 years old and he’s still scoring bangers like that. Class is permanent., what a bloody goal. 🔥 https://t.co/RhZptTltyF",0
1231,bloody,It will just take a random google search to know about the media mavens of the day who helped the political plus bureaucr…,0
1242,bloody,I'm finally reading the Not So Stories anthology* and barely ten sentences into 's introduction I'm cr… https://t.co/hF0CMppbbl,0
1257,bloody,BBC as usual making my blood boil. Patting yourselves on the back. He is doing ok. You didn't tell u… https://t.co/Kz2isDTkLy,0
1258,bloody,"Our teen Junior Judges bloody loved BLOOD MOON. Fresh, positive and empowering on first love, friendships and rejecting…",0
1270,bloody,Let us begin by taking a look at the very concept of the US trying to trick an enemy nation into downing a civilian airliner.…,0
1289,blown%20up,i just wanted to say really quick that i liked season 1 a lot BUT i LOVE season 2. knj really stepped up the game and mad…,0
1291,blown%20up,"FLASHBACK- 2.3 TRILLION MISSING PROVES 9/11 WAS AN INSIDE JOB: On 9/10, $2.3 trillion went missing from the Defense Depar…",0
1314,body%20bag,That situation tends to end with the attacker shot. That would not go over very well in some places.… https://t.co/ElHAEtyaqf,0
1316,body%20bag,"Jackson couldn’t sleep. He grabbed a coat before running out the door, had his messenger bag slung across his body as u…",0
1320,body%20bag,x “Body Bag 2” (Official Video) https://t.co/dPrVs15HGQ 🎥 🎹 … https://t.co/t9e4Nhuywl,0
1323,body%20bag,"""Body parts found in bag in Coolock, north Dublin. The investigation is still at a very early stage, but gardai are tre…",1
1341,body%20bag,Someone was murdered and their body parts left in a bag in Coolock last night When is the gov going to acknowledge… https://t.co/BNSa2r1iXH,1
1344,body%20bag,"Typo. Yes, coroner. Witnesses confirmed body bag leaving the vacant house along with multiple evidence… https://t.co/eQbKXGkfj8",1
1375,body%20bagging,Poor . I think he’s dead after this body bagging.,1
1377,body%20bagging,"I don't mind being your enemy if you're an enemy of mine. Remember, I'm gone match any and all energy and don't min… https://t.co/SdhxpghXOK",0
1383,body%20bagging,Listen to your body &amp; take it as easy as you need to. Consider bagging your socked feet in your shoes… https://t.co/45yiQlx0IU,0
1408,body%20bags,I’m sure the Russian Owned PM will be sending troops to back up his mate in the US. Sadly… https://t.co/FbCvF8Rqsg,1
1420,body%20bags,I have 1 question...how can they identify all of those passengers in 1 day? They had full body bags on the r…,0
1423,body%20bags,No more free plastic bags in Baltimore City after bill signing--I guess they need to raise money to buy more plasti… https://t.co/v4MH7fynO3,0
1434,body%20bags,It's not my fight. If it was up to me we'd give Iran nukes to b… https://t.co/1xJePeKt53,0
1435,body%20bags,Someone get the body bags for Warren's campaign plz,0
1445,body%20bags,29 years of mil service taught me that 4 body bags during “pea… https://t.co/BF2dkuNqTA,0
1453,body%20bags,"This comes to mind when I read all the comments - I remember in 2016 ""Rumors"" of W…",0
1476,bomb,“i have a girlfriend with whom i want to spend the rest of my life.” – kim jongdae. https://t.co/m5s9ocVVYt,0
1479,bomb,Reports are Harry &amp; Meghan do NOT want to live in America until Trump leaves office. I spent years in bomb shelter as a…,0
1480,bomb,Can I just eat all I fucking want and have a bomb body? No? Awe ... okay 🙁,0
1482,bomb,"ARMYs are trending #ThankYouBigHit to show their appreciation towards Bighit, for providing subtitles on the new Bangta…",0
1492,bomb,I did not say you had a base In Iran! I simply put you are in IRAN... You can’t bo… https://t.co/ykNA7KKJPk,0
1511,bomb,You’ve ramped up the brutal sanctions on #Iran that are killing ordinary Iranians. You murder their top military figure #So…,0
1516,bomb,"This is ALOTT jongdae husband And dad, Yoonterlude aka Shadow is a Masterpiece it's legit one of my favourite bts… https://t.co/IroORvj3eQ",0
1517,bomb,"Bomb in Van of NJ Shooting Attack Suspects Could’ve Killed People 5 Football Fields Away, Officials Said https://t.co/IL…",1
1521,bomb,"Lmao if this was real, I’d have to bomb Cartoon Network 😭😂 Theres no way I’m letting them ruin this like they ruined Teen…",0
1524,bombed,This bombed on IG and I have ONE follower on here but hi here’s some graphic liner (I messed up and just kept going ok bye…,0
1526,bombed,"BREAKING: Soleimani's killing marked the culmination of US unlawful activity, Washington went beyond all legal frameworks -…",0
1533,bombed,"Hadaba Military College Cadets Drone Bombed by LNA in Tripoli, Libya https://t.co/ycJD6DNSdt",1
1539,bombed,So I did a thing. I streamed for the first time. Bombed. But hey. Practice makes perfect!,0
1541,bombed,Let’s get this straight. US military bases in Iraq are bombed by Iran. What’s Trump’s response? To illegally divert…,1
1545,bombed,Lakini hapo Omamo has been put in to make sure we don't get bombed and finish those contract negotiations. All in… https://t.co/gksWiMfjse,0
1551,bombed,Bruh it just randomly thundered out of knowwhere and that shit was LOUD AF ! Felt it in my chest and I for real tho… https://t.co/QvYh1l1V4x,0
1563,bombed,The place where these children once called home is no more after being bombed by #Assad and #Putin. We are so lucky they are…,0
1567,bombed,On a battlefield tour a couple of years ago I met a gent who had been badly wounded when his ship was b… https://t.co/yhNZgF1c3T,0
1580,bombing,"retweet 👇 ...to fix a problem, deal with the root of the problem Marine Le Pen: ""Macron tells us that we are fighting terr…",0
1585,bombing,30% of Republican primary voters nationally say they support bombing Agrabah. Agrabah is the country from Aladdin. #NotTheOni…,0
1592,bombing,"#Yemen Article/Video April 1, 2019 The US backed Saudi Coalition have been bombing and starving civilian in Yemen to f…",0
1598,bombing,"#Yemen Article/Video April 1, 2019 The US backed Saudi Coalition have been bombing and starving civilian in Yemen to force t…",1
1610,bombing,so bombing is happening ?????,0
1612,bombing,"On January 14, 2016 at 10:30 WIB, the first bomb blasted the Starbucks outlet at the area’s Cakrawala Building https://…",0
1613,bombing,Do these images disturb you?? They should . The bombing was planned!!! By who or whom?? The pictures on the left an…,0
1614,bombing,The winter in Gaza has a special character .. !!! There are many poor people in Gaza living in homes partially destroyed…,0
1617,bombing,Most brainless report today - US invaders and occupiers in Iraq whining that pple they have been bombing and killin… https://t.co/MgL0FotZYa,1
1621,bombing,My history teacher in England used to ask me to account to the class whenever there was an IRA bombing in t…,0
1631,bombing,"75 buses and 20 ambulances of refugees, mostly children and women, were leaving Fou’ah and Kafriya after a two-year besiegeme…",0
1651,bridge%20collapse,Sorry but our whole system needs a reset. There’s way to much corruption across the board. Trump is a… https://t.co/CFLZMHpb6j,0
1658,bridge%20collapse,"Err, what’s the bridge made of cus’ I didn’t hear any material being mentioned? A bridge without subs… https://t.co/Z18kgEhK6P",0
1661,bridge%20collapse,Still remember BJP disowning for her Comments on Mumbai foot overbridge collapse…,0
1665,bridge%20collapse,Q / [ CEMEX] + [ EPSTEIN] + ADRENOCHROME/ HOW to hide the evidence/ think [ Hemoglobin] / quick search… https://t.co/SoR8yss6rf,0
1706,buildings%20burning,From what I know...these burning buildings are an annual occurrence. I am not ruling out arson but jus… https://t.co/LsEc981h68,0
1714,buildings%20burning,"I mean, there's directness though. Like, the townhall of whatevertown Alabama was built with slave… https://t.co/utqajXNNzn",0
1719,buildings%20burning,But his kids aren’t hungry and he saves strangers from burning buildings 🤷‍♂️😜 https://t.co/sH2dBAvT7T,0
1742,buildings%20burning,#BoundBrookFire Firefighters from several different departments came together to prevent even more buildings from burn…,1
1760,buildings%20on%20fire,"With all the buildings that have been ‘set’ on fire in Glasgow over the last few years, it’s doesn’t sit right. the… https://t.co/6i6ZIfynFV",1
1803,buildings%20on%20fire,"Inferno on Black Friday 1939: 71 deaths, 3,700 buildings, too much fuel and “lit by the hand of man” « JoNova… https://t.co/tHhw0dRMin",1
1807,buildings%20on%20fire,"A massive fire in Somerset County consumed at least five buildings, forced over 100 residents to evacuate and suspe… https://t.co/72cwoB36DA",1
1821,burned,bro i said i wanted a light toast i didnt want it fucking burned damn,0
1826,burned,"I'm sorry he has lost ""his"" bees, but forgive me, the only reason these bees were there is bec… https://t.co/2LK2UbftTk",0
1859,burned,"Just like what happened with #Yezidi girls who refused to be sex slaves! 7000 Yezidis were kidnapped ,enslaved. 19 were…",1
1860,burned,"2020 so far has been an absolute movie ❤️ but like, a bootleg, like someone brought a 2004 camcorder into the theatre and th…",0
1879,burning,What do you need to start a successful business? Three simple things 1)know your product better than anyone 2)know your cus…,0
1886,burning,Come on - the country is burning. Over a billion animals are dead. And you somehow think it’s still appr…,1
1897,burning,"If I had to guess where the #RefundWarren and #ITrustBernie hashtags started, I'd be looking at the same Russian troll farm…",0
1901,burning,We are seeing the other side ...the barbaric cult .which says there is no God but theirs ..Whil…,0
1921,burning,darinde...how i wish i could put these in hot burning oil instead of hanging.,0
1926,bush%20fires,"I imagine Tony will just say that the bush fires are all part of god's plan, very much doubt he will… https://t.co/ubU3i0ql5P",0
1928,bush%20fires,"Ever since it came out that bush fires in Australia are caused by arsonists, not by ""climate crisis"", the BBC appear a lot…",0
1929,bush%20fires,Can the year 9’s from who are part of my cohort “navigate” themselves as an injured &amp;… https://t.co/jrci7YAb7H,0
1945,bush%20fires,"2019 is officially Australia’s hottest year on record, &amp; with that has brought an earlier start to bush fire season… https://t.co/fW2N3fuyzu",0
1946,bush%20fires,"It’s very clear. Like the bush Fires climate change, racism, Brexit and Farage are to blame.",0
1963,bush%20fires,Yup some vegetation require the bush fires to be able to grow.,0
1964,bush%20fires,"Question: Do sports administrators &amp; directors of sports governing bodies, globally and in Australia, in the wake of t…",0
1966,bush%20fires,"I care about root causes, actual facts demonstrated, evidence, not LEA… https://t.co/4Y5nZTKHsx",0
1970,bush%20fires,So Big Ears appointing some dude to talk to people about prevention of bush fires and will take up to 6 months to finish ne…,0
1981,bush%20fires,Heartening photos show how the Aussie bush is already regrowing https://t.co/uxq693KKIB,0
1988,bush%20fires,"The Australian bush fires have been and continue to be devastating. We, like many others, feel we have a responsibility t…",1
1991,bush%20fires,A run has been set up to raise money for the Australian Red Cross to help support those affected by the bush fires. Sun 19…,0
1993,bush%20fires,"Two Men arrested on suspicion of terrorism in Australia for starting bush-fires, laugh.... Nearly half a billion animals h…",1
2003,casualties,Big hugs to HRH Harry thank you for your tremendous support to our Wounded Injured and Sick over the years . Also for the…,0
2006,casualties,"An explosion hit a petrochemical plant in Zhuhai, south China's Guangdong Province, on Tuesday. No casualties were reported…",1
2013,casualties,More then 58 people dead in #NeelumValley in last two days due to heavy snowfall and glaciers More death casualties expe…,1
2023,casualties,Two more civilian casualties succumbed to injuries. Total 5 civilians Shaheed. Indian guns silent as of now to undertake ev…,1
2029,casualties,"There are reports of massive avalanches in Upper Neelum area of PoK. Many casualties reported, area not accessible by road…",1
2043,casualties,"When #explosiveweapons are used in populated areas, over 9 in every 10 casualties are likely to be civilians. This is a consiste…",0
2053,casualty,The only one who can sense in a moment if his Naira is in danger though it was nothing that could cause an extreme casualty b…,0
2059,casualty,Just happened to be passing Bourne Park on the A343 and had to dispatch yet another deer casualty!! … https://t.co/jUiPo9Mb3F,1
2069,casualty,The only one who can sense in a moment if his Naira is in danger though it was nothing that could cause an extreme… https://t.co/lCfLD8Of8l,0
2073,casualty,"Yes let's. Very likely 3,270 days from now our nuclear casualty body count would be the same as Fukushima's today. i.e.…",0
2077,casualty,"3 years since Jacob told Connie, “It’s over” and I’m still holding out for that reunion! 🙏🏼 #Casualty https://t.co/dwy…",0
2079,casualty,We'll see how far a language commissioner gets him the next time he's sat in casualty for 8 hours,0
2081,casualty,Fears department store Beales could be ‘latest casualty’ of Perth’s retail sector https://t.co/W4v1Z0KfiW https://t.co/CVuhYGiVui,0
2086,casualty,SNOW STORM CASUALTY: #FANCYWATEROFTHEDAY https://t.co/qJyi9PheIB,0
2090,casualty,"Hard to believe that today is two years since I set off to film Casualty in Cardiff, and two years since I met… https://t.co/CefYC5NvWF",0
2091,casualty,"3 years since Jacob told Connie, “It’s over” and I’m still holding out for that reunion! 🙏🏼 #Casualty https://t.co/dwy43RhaCv",0
2092,casualty,Don’t look over here (just another casualty of the changing climate) Look over there at the... well... not sure wha… https://t.co/hKy5Myh4cI,0
2099,catastrophe,Interviewer: Where do you see yourself in ten years? Me: Scavenging for food in the climate catastrophe ravaged wastelan…,0
2104,catastrophe,"Here's what you can learn from the conservative response to the bushfire crisis — a masterclass in spin, wilful ignorance…",0
2124,catastrophic,I’ll say it again. Doctors hate it. The public hates it. Experts hate it and predict it will wreak catastrophic consequences…,0
2140,catastrophic,Right-wing Prime Minister Scott Morrison came to power in Australia tapping into a wellspring of resentment and touting his…,0
2156,catastrophic,When California's largest electric utility shut off power to millions of customers to prevent equipment from sparking catas…,0
2161,catastrophic,#ThisIsNotJournalism The Coalition Govt Government buried climate risk action plan produced 18 months ago. It fai… https://t.co/Ovmloubiwe,0
2188,chemical%20emergency,"This man was seen fallen down in our community at Amje Alagbado Lagos this morning, very sick &amp; can not describe anyth…",1
2212,chemical%20emergency,"CFA Chemical Hazard All Clear: 15:20 For: Cobram, https://t.co/iT10DqmBJu #vicAlert",1
2213,chemical%20emergency,The chemical hazard at Cobram is now safe. For more info: https://t.co/6gORG7rAed #vichazmat,1
2245,chemical%20emergency,NEWS; A chemical incident in West Thurrock is no longer a risk to public health. say following extensive air… https://t.co/vwldAxFFHr,1
2285,cliff%20fall,"mmmm tropes where the hero is about to die/fall off a cliff and instead of the enemy killing them/leaving them, the… https://t.co/dW6AyYnk8I",0
2319,collapse,"Remember: FlyBe’s collapse has nothing to do with Brexit. Also nothing to do with Brexit: Thomas Cook, Sony, Flybmi,…",0
2320,collapse,Longer footage of today's road collapse in Xining 👇 https://t.co/49qdjB8NDd,0
2325,collapse,"Eduardo Degrano looks at the damage to his home after a fissure formed underneath his ancestral house. In a nearby house, ow…",0
2339,collapse,"Tennis quotes today, from: “I have never experienced anything like this. I was really scared I would collapse.” “I’m ang…",0
2342,collapse,Spot on!,0
2348,collapse,"Haftar to Egypt ? #Libya crisis / Moscow talks collapse, at least for now: Haftar backs out of Russian negotiated ceasefire…",0
2353,collapse,Haftar likely to Egypt: Moscow talks on #Libya collapse: Haftar‘s Dassault Falcon 900 departed Moscow Sheremetyevo &amp; is now…,0
2361,collapse,#TheReal911Report #TheSleeperHasAwakened This video combines two clips of the South Tower collapse that most of you hav…,0
2366,collapse,"To the Brexitons who sneer, ""What happened to the immediate recession Remain predicted?"": 1) Only one report predicted…",0
2368,collapse,Turns our Jessica Yaniv isn't very ladylike after all. https://t.co/GT0HN8NXpJ,0
2369,collapse,Dunno what to buy ? Tired of staring at #charts with no results ? Marriage on the brink of collapse ? Tired of losing mo…,0
2371,collapse,"Now I no longer have to fly on FlyBe ever again I hope they do collapse the money grabbing fuckers. Shite service,… https://t.co/OwamDVtjG5",0
2372,collapsed,"#Auspol If our pathetic Govt moves vs Coal, they will be collapsed by their Masters, #ArsonistMineralCouncil. Govt only exi…",0
2373,collapsed,The former director of collapsed Australian music streaming service Guvera has been banned from managing companies… https://t.co/nfG0DJMk9v,0
2376,collapsed,today was an adverse event caused by passion and relentlessness. What happened today in New Jersey in re…,0
2378,collapsed,Reading about #TaalVolcano makes it a bit scarier. I was today years old when I learned that it's categorized as a supervol…,0
2389,collapsed,For heaven's sake. An airline which mainly runs routes which can easily be replaced by rail journeys has collapsed. I have…,0
2390,collapsed,"They had already collapsed though, there is no magic bullet to fix decade mess lets be honest. The ''virus''…",0
2401,collapsed,"As I opened my mouth to speak, everything went black and I collapsed on top of Sokka.",0
2412,collapsed,The wedding party all collapsed in the room So send my resignation to the bride and the groom,0
2414,collapsed,"I mean, Chavez is at fault for a lot. Many of those reforms were based on a government funded entirely b… https://t.co/3hLnamxbt4",0
2416,collapsed,"⚠️ TERRIBLE NEWS ⚠️ It is abandoned and very alone in the streets of the city simply collapsed on the sidewalks, the tic…",0
2419,collide,When the worlds collide... (? #StevenUniverse https://t.co/UB8Bkon4d4,0
2420,collide,🔥 FACE OFF 🔥 and face off for the first time since December 2018! On February 22nd at the…,0
2432,collide,[CLOCOLAN] – Two killed when bakkie and car collide. https://t.co/A3zZTtIu2Z …,1
2437,collide,Lmfaooooo worlds collide https://t.co/WAaN0Eanh4,0
2441,collide,be patient while things are unfolding for you.,0
2447,collide,"What happens when my awesome design styles, the power of modern 3D advancements, and the sub-100 polygon, ultra-simple aesthe…",0
2448,collide,It is stomach-churning': Progressives' dread rises as Warren and Sanders collide https://t.co/mTHWe6zR29,0
2459,collide,"""It was one of those great moments where the reality of my mom life and the reality of my job just kind of beautifully collide."" C…",0
2460,collide,"When Natalie sees the Zateelians climbing the walls of the settlement, she puts aside her fears and defends the ali… https://t.co/I9UnicdjtR",0
2467,collide,As some residents of the northwestern US are digging out from heavy snow and facing travel delays due to wintry weathe…,0
2473,collide,Collide – Taylor-Ann https://t.co/L1c0za3yEA,0
2482,collide,💥Let our worlds collide💥,0
2488,collided,Monster Hunter X Resident Evil X Final Fantasy X The Witcher. So many universes collided in one cutscene! 😆 #REBHFun #R…,0
2492,collided,"The imam and his “wife’s “ things just collided like that, this guy is taking us for a ride like two weeks seriously and you…",0
2493,collided,the planet that collided with the earth gave us the moon... at least we got something out of the deal,0
2500,collided,Homer is driving drunk😱 and has collided with a person cartwheeling 🤸,0
2503,collided,Homer is driving drunk😱 and has collided with a funeral urn ⚱,0
2507,collided,Homer is driving drunk😱 and has collided with a woman swimming 🏊🏻‍♀️,0
2508,collided,BRO MY CHILDHOOD JUST COLLIDED https://t.co/03y2h33RSp,0
2512,collided,Three people were taken to hospital after two cars collided in Surfers Paradise. https://t.co/tIEQ9K5sus #7NEWS https://t.co/3wnsxIG6fr,1
2541,collided,rip Hanlon park🥺. that’s where all my niggas from Longwood and all my niggas from Edgewood and dolfield collided lo… https://t.co/GxWRtIZdno,0
2545,collision,"Thanks for letting us know, Desmond - a collision on the N7 added to very heavy delays in the area.",1
2571,collision,#Breaking | Poor visibility leads to an accident in Vellore. Vehicle chain collision leaves 1 dead. TIMES NOW's Shilpa with…,1
2581,collision,Incident closed: Collision on M50 between J09 - RED and J07 - LUCAN (North) https://t.co/kt5EM5opsR,1
2594,collision,#M20 between J5 #Maidstone &amp; J4 #Leybourne - vehicles involved in the traffic collision have now been moved to lane 1. T…,1
2604,collision,Final assembly of one of our ScenePro CI 200 TS collision investigation data acquisition systems before shipping to the Aut…,0
2606,collision,"PSA: If you have an A7 device, use the latest Vieux update to save ApNonce Collision blobs for 10.3.3 OTA in the case that Appl…",0
2610,collision,"8.30am Castlebar - two vehicle collision at the jnctn of Main St &amp; Market St, Parsons Corner. AVOID driving up from… https://t.co/grLsqCarDG",1
2617,collision,Now 1 year since the last fatal collision on #A12 #London. During this time we started a highly visible Road Policing Op.…,1
2628,crash,BREAKING: Iranian Judiciary spokesman says several arrested for their role in Ukraine plane crash - reports https://t.co/uZ…,1
2634,crash,UPDATED: Mashpee ambulance with patient on board involved in multiple vehicle crash… six patients transported to ar… https://t.co/cBW1GjUpoc,1
2639,crash,"Hassan Rouhani added that the ""tragic event"" would be investigated thoroughly, claiming ""one person cannot be solely responsib…",0
2644,crash,"Nancy Pelosi is an EMBARRASSMENT Pelosi said ""whatever!"" when the host mentioned protests in Iran are against Islamic r…",0
2645,crash,https://t.co/Vzt6ZEiZsB All you wanted to know about the #ZeroMDR issue by “It is always good to work towards…,0
2651,crash,Bose QC35 price crash – premium wireless headphones dropped to ‘lowest’ ever price – NEWPAPER24… https://t.co/Jv8xkZgf3J,0
2655,crash,Bose QC35 price crash – premium wireless headphones dropped to ‘lowest’ ever price – NEWPAPER24… https://t.co/IyfbUDGAFU,0
2677,crash,"In an exclusive interview with , Prime Minister Justin Trudeau said that in his opinion, the ""tensions"" in t…",0
2680,crash,Canada’s Trudeau addresses US role in deadly Iran plane crash https://t.co/B9MmKgf5kj,0
2682,crash,"Canada's Trudeau: Iran plane victims would be alive had there been no regional tensions Justin is saying, without… https://t.co/vDPITzpJ0W",0
2693,crashed,"Boeing employees mocked Lion Air staff for seeking 737 Max training, calling them ""idiots."" A year later 189 people died when…",1
2695,crashed,"They hear ur having a bad time, no sympathy. hear u starving, no help. hear ur business has crashed, no aid. hear y… https://t.co/dgZ13ncteH",0
2730,crashed,Should put this pic side-by-side with one that shows him CLEARLY FLYING HIGH. Can’t tell if he “crashed” here or what. H…,0
2732,crashed,fix charls left game crashed gee-princess-beer.,0
2734,crashed,THE WAY IT JUST CUTS OFF WHEN THEY ALMOST CRASHED INTO THE TREE I CANTJFJDJD THIS SENDS https://t.co/TLtII8XWbL,0
2735,crashed,The 'blame Trump' narrative has got to stop. https://t.co/NmOzCqNWxO https://t.co/hkOjPFnA5r,0
2736,crashed,I dont have songs mathata my laptop crashed with everything I ever worked on,0
2737,crashed,CMI’s conflicted agent Seruga throws insults at the Rwandan leadership as he shapes the already crashed “border closure” narr…,0
2746,crashed,Wait they didn't announce anything and the website crashed already 😭😂😂😂 https://t.co/fgwZqzXTQb,0
2748,crush,“hmp” means hug me please. crush hmp,0
2755,crush,IF 👏🏼 YOUR 👏🏼 WOMAN 👏🏼 LIKES 👏🏼 BEING 👏🏼 CHOKED 👏🏼 DURING 👏🏼 SEX 👏🏼 YOU'RE 👏🏼 SUPPOSED 👏🏼 TO 👏🏼 SQUEEZE 👏🏼 THE 👏🏼 SIDES 👏🏼 OF…,0
2758,crush,What were you told about guys with good heart? (Pick your crush wisely 😊) https://t.co/RbDcjJX5Sj,0
2760,crush,My secret crush is . Find your secret crush at https://t.co/tFEui2S107 #AvaTweet #SecretCrush https://t.co/gRNeXLaWwN,0
2770,crush,Me ordering from Starbucks when my Crush is working... https://t.co/BIu9OJ7x98,0
2772,crush,Does anyone have a friend crush on ateez like.... you just want to be their friend and hang out and go for lunch or something,0
2778,crush,"Please enough of sex talks, Kings ask one question from the Bible, any lady that gets it right will be your crush 😆😁😃 .",0
2787,crush,The way i boast about talking to my crush to my friends Vs how i actually talk to her/him,0
2793,crushed,"Prediction: This idol couple has been dating since early 2017, there a well known idol couple between idols. The female…",0
2807,crushed,Tbh I would have crushed it. Fuck those evil shits.,0
2820,crushed,. I crushed it! https://t.co/QSCQscf1eN,0
2822,crushed,"Winston Churchill, a man born to an extremely aristocratic family, who wished to unite with Mussolini against the Soviet…",0
2832,crushed,Just really craving matcha in any form right now I’ll take it crushed and Snort it don’t really mind just wanna ingest it,0
2833,crushed,"In orbit refuelling, to boldly go where no ICE ever gone before. Oh I hope people are happy to rid… https://t.co/V5kKHql8Bq",0
2836,crushed,1st impression: cute and soft nickname: bun closeness rating (1-10): 7 we can be closer do i like u: ofc!… https://t.co/3k6AsuNonS,0
2850,curfew,"If it was Uhuru Kenyatta's or Raila Odinga's daughter or son killed in Garissa, it would be under curfew and crawling wi…",0
2857,curfew,"Curfew has ended, praise be!",0
2876,curfew,"Rabi, You are right, but for #Kashmiris we should do more than pray, raising the voice against oppress… https://t.co/fw4zxsFL8N",0
2877,curfew,"And what will be the outcome of this a slap on the wrist? What a waste of time and resources, th… https://t.co/P9jXT5uiYv",0
2888,curfew,isnt it like past ur curfew alr? go to bed,0
2890,curfew,when i'm 1 minute past my curfew and nowhere near home https://t.co/pvmTH6NTun,0
2893,curfew,9-Put curfew if required.,0
2896,curfew,😁😁😁😁 curfew is relaxed in majority of the places and communicat… https://t.co/XL4m8OtWZA,0
2915,cyclone,"A cyclone is weather, not the climate.",0
2924,damage,"Dumbing down is a trend, as is ordinary people taken in by the cult of celebrity, which is simply to exploit t… https://t.co/qlo5Un7QiB",0
2925,damage,Puerto Rico should not be treated any differently than if this happened anywhere else in America — it's wrong. We should be s…,0
2932,damage,Coup MPs want us 2 Unite? Huh! After the damage Coup MPs caused? Coup MPs made no effort whatsoever 2 unite. Coup MPs playe…,0
2936,damage,"after all shit x1 has to go through, the real criminals out there plead not guilty???? ok damage has done, x1 has disbanded…",0
2946,damage,Let’s try this Realm Royals with my man . Let’s see what damage we can cause! https://t.co/FUreyYRnad …,0
2947,damage,Brain Damage has Entered the Chat... https://t.co/DzP0LKXcny,0
2959,damage,The EU 🇪🇺activates Copernicus 🛰 service for the production of free maps to contribute to damage assessment resulting from 🌋…,0
2960,damage,"“The threats that we now face are from states who behave like terrorists, terrorists who behave like states, and indiv…",0
2967,damage,93-year-old white man shoots a black apartment manager in both legs over water damage in unit.🤬🤬🤬 https://t.co/02HMEBw8Dv…,1
2968,damage,Damage after another 6.0 earthquake hit Puerto Rico this morning. Severe seismic activity has not stopped since December 28.…,1
2970,damage,"Top-Secret UFO Files Could 'Gravely Damage' US National Security if Released, Navy Says https://t.co/mnpDg0vm3m",0
2973,damage,Swimming In Love[EXT 6.95] Sense of the Scamper[MAS 7.15] SIX DIMENSION[ADV 7.30] Excavation Damage[MAS 7.55],0
2976,damage,"Idk if it'll backfire (all the damage that was going to happen has happened *to her*. Donation refunds,… https://t.co/FCAhM25BpM",0
2980,damage,"Its shouldn't have taken you this long to fire . The damage caused may not be reversed soon. Alafu, di… https://t.co/tc8s5QrQue",0
2984,damage,"Dear Sir, If the Nation is so indebted to the Veterans, why has your Govt degraded and damaged them? Please do not reso…",0
2999,danger,"I have tremendous respect for , but we need to be very clear about the danger this poses to our democrac…",0
3022,danger,I think they’re in danger of destroying the whole fut game mode.,0
3025,danger,"Sir these are the very serious problems, We have no Public Transport on there major two routes on Canal road and P… https://t.co/L9kiOZ5MH8",1
3027,danger,"""president"" Trump is: A clear and present danger to these United States of America An… https://t.co/sBc9xU6JXT",0
3041,danger,#MoscowMitch Is Clearly A Present Danger to US Constitution.,0
3053,dead,"Pray this Prayer: Dear God, I believe Jesus is your Son who came to live without sinning yet die from my sins &amp; He rose from t…",0
3057,dead,At least 56 people dead in #Pakistani administered #Kashmir #NeelumValley after avalanches hit scores of houses. Authorit…,1
3062,dead,Why can I hella relate to this Beck and Joe situation like shit dead ass on point 🙃🙃🙃 lmao literally the exact same shit,0
3067,dead,World’s sickest man??? :( https://t.co/syTZSu7IKR,0
3078,dead,.: We took one of the world’s deadliest terrorists off the battlefield for good. The Iranian regime and its proxie…,0
3088,dead,Avalanches in #Pakistan kill 57 people https://t.co/JgrUDpMet3,1
3108,death,The SC hearing on the two convicts' curative petitions took place days after a Delhi court issued 'death warrants' for the…,0
3120,death,"WRONG. Intifada is Arabic. NOT Hebrew. And it IS an Islamic slogan! ""Intifada denotes struggle of Abu Ammar, first martyr o…",0
3149,death,"australia is dropping down food from helicopters for their wildlife. due to the raging bushfires, many of the animals…",1
3151,death,"I’ve been keeping it together relatively well betw exams, the planet dying, family drama but now there’s no hot wat… https://t.co/H8AfCcHSmu",0
3158,death,"even though i walk through the shadow of of death, i shall fear no evil... opuwo https://t.co/AcduVfh5Po",0
3159,death,"I would eat myself to death, it sounds so divine!!!",0
3171,death,"So Mwangi Kiunjuri is the locust that he told us was supposed to be sprayed? Finally, President Uhuru Kenyatta has spra…",0
3186,deaths,Deaths toll Increase 47 killed due to Heavy Snow and #avalunch in #NeelumValley #Pakistan administered #Kashmir,1
3215,deaths,"Marijuana is illegal but has never caused any deaths from usage, Cigarettes kills millions and they are legal and can be purchase…",0
3216,deaths,"University psychiatrist: Trump 'may be responsible for many more million deaths' than Hitler, Stalin, and Mao https://t.co/eKIS6ighb8",0
3222,deaths,When people like the president engage in disinformation - it is an attack against us all. It isn't normal or harmless…,0
3223,deaths,A temperature increase of 1.5 degrees Celsius or 2.7 degrees Fahrenheit — as predicted under the Paris Climate Agreement without…,0
3227,deaths,15% of cancer deaths are from Nigeria ― Osinbajo Read more at: https://t.co/0uyqT7bSFd,0
3233,deaths,"""do you think bruno blamed himself for their deaths?"" https://t.co/JX5C9GaucX",0
3242,deaths,The definition doesn't say there should be deaths in order for it to be a tragedy. But deaths often do occur be…,0
3246,deaths,"At what stage does a private company get stripped of its contract.? Is abuse of patients, unsafe services resulting in de…",0
3255,debris,Pigeon and tree debris in roadway / bike lane. 99W Barbur Blvd northbound next to Barbur Transit Center near Capit… https://t.co/Jf33bUrciy,1
3256,debris,"Hello everyone. Tito Sotto is wrong. Cloud seeding is not instantaneous, any clouds would be blown in the same directio…",0
3264,debris,"😑😐😶 Taal volcano, located 70 km from Manila, Philippines. In addition to the eruption itself, the so-called volcanic tsunami…",1
3275,debris,Watch out for debris on the roads today 🍃🍃 https://t.co/kePfDBWx7w,0
3283,debris,Birds usually confuse shreds of plastic bags for food and end up eating the toxic debris. #ZeroPlasticRun #IamRespons…,0
3284,debris,"#StormBrendon is also bringing high winds, so will be difficult driving conditions. Slow down, be prepared for gusts of…",1
3285,debris,"Particularly bad result here at SW Vesta. Poor parking, bike lane and sidewalk covered with tree debris. We're ma… https://t.co/QgVGPXJYXn",0
3287,debris,Senate President Vicente Sotto III is proposing that cloud seeding operations be conducted in areas affected by the rec…,0
3290,debris,Senate President Tito Sotto: I'm proposing cloud seeding action in the Taal Volcano affected areas and not wait for the rai…,0
3301,deluge,That figure was for the Brexit Festival. More figure manipulation by the r… https://t.co/aZEkXngX3v,0
3303,deluge,"in his opinion states that if NERC has found it necessary to increase the tarrif, this may lead to a… https://t.co/E0TUP5Zepl",0
3304,deluge,"This was before #MurdochDerangementSyndrome hit our shores, a strong -ve IOD led to a cold and wet winter/spring. https://t.co/22zq6hQR8B",0
3316,deluge,You may need your brolly today ☔ #rdguk #weather #slough https://t.co/U1LZZEvAIH,0
3321,deluge,"#Training 💻 Learn about Deluge scripting, third-party app integration, AI, mobile SDKs in Creator, and much more. J… https://t.co/TxGYDMgxH2",0
3332,deluge,Pro #CAA deluge in Kharge's backyard. #SupportCAA https://t.co/eJ8wxa5BS4,0
3350,deluge,He seems to be crumbling more rapidly now. There is a deluge of bad news for him and I don't think he's coping…,0
3358,deluge,Before the #Tuesday #podcast deluge hits be sure to check out our interviews with (27:40) and …,0
3361,deluge,"#MovieMonday #OurHospitality, 1923 is #BusterKeaton’s 1st masterpiece, said #RogerEbert &amp; there was a deluge of positi…",0
3365,deluge,"I haven't noticed much of a difference between that and the former, but more importantly, the latter is… https://t.co/ll4M1pXY4J",0
3409,demolish,"RT PalestineChron ""#Israel to Demolish Homes of #Palestinian #Prisoners in #WestBank #WarCrimes https://t.co/TRPir0qoP…",1
3412,demolish,"#Anna's letter to an ally📰📨: ""Recently I had to demolish my grandfather's work, literally. What #Meghan and #Harry wan…",0
3415,demolish,Israel moves to demolish the house belonging to the parents of a Palestinian prisoner in Jenin — they have just a few d…,1
3424,demolish,Israeli authorities order Jerusalemite to demolish his home Via PIC https://t.co/MJ49qYbHKf,0
3432,demolish,"A primary school mathematics textbook in India has a question: ""If 15 kar sevaks (Hindu volunteers) demolish the Babri mo…",0
3436,demolish,I have always liked Warren but I think Bernie would absolutely demolish Trump in the biggest mutha effen… https://t.co/JAZEaHCCzH,0
3437,demolish,As you tweet this why is your administration in court trying to demolish the pre existing conditio… https://t.co/yfA3IalbLF,0
3446,demolished,Supreme Court judges play dirty games!! One set of judgement for elite one set of judgement for poor.. 5 Maradu fla… https://t.co/ElmkF0HOgq,0
3471,demolished,"Bill Brandt: ‘In the Public Bar, at Charlie Brown's, Limehouse c. 1942’ Aka the Railway Tavern the pub was on the corner of Ga…",0
3472,demolished,Abu Amrah family from #Gaza Strip have been homeless for two months after their house was demolished by an israeli air stri…,1
3484,demolished,Dome Being Removed From A Mosque in #China https://t.co/37pcWYrshC #Islam #Chinazi https://t.co/36lj0buoJq,0
3485,demolished,"Justice Mishra said the court would like to keep an eye on the goings-on in the case, especially while the debris of the dem…",0
3490,demolished,"Totally agree, in Melbourne so many buildings are just being demolished with just leaving the facade… https://t.co/lIWojTdwgH",0
3494,demolished,"Orpington, 02:01hrs: Direct hit by a DIVER (Flying bomb) on 102/104 Court Rd. Five two-storey semi-detached houses… https://t.co/hRCWwZiqWh",0
3505,demolished,Ch Tanveer's (PML-N Senator) house in Islamabad being demolished cos built on encroached land. https://t.co/yiJLixS2iI,0
3506,demolished,© 一encounter during their life. Since the dusk when the uknown feminine silverette had his pride as musician bein… https://t.co/VIf1n3GduN,0
3512,demolished,"Explained: What are CRZ rules which the demolished Maradu flats violated? | Explained News,The Indian Express https://t.co/oC7b9kq7AE",0
3524,demolition,Who is going 2 demolition him if I my ask😊😊,0
3526,demolition,"So, the Russian influence? Or the cost of Brexit so far? Or Jennifer Arcuri? Or Cambridge Ana… https://t.co/fWWijX4pEh",0
3535,demolition,My prayers are with settlers in the Awayaso East Municipal Assembly being affected by the demolition exercise execu… https://t.co/nsm4DLxNqo,0
3550,demolition,No comment! I rather have questions. Q1- Had provision been made for them where they will s… https://t.co/veUqQMBCUx,0
3553,demolition,Demolition well under way at the Riviera Bay Holiday Park - getting ready for summer #teamworking #demolition… https://t.co/osKfG6Gs6w,0
3564,demolition,"21 housing units for Judges after demolition of eight bungalows at Ridge https://t.co/bdpr1IYtdT""",0
3565,demolition,#MorningCrossfire: Demolition Of Buildings For Flyover Construction . In cases where tenants developed the propert… https://t.co/YS2sewbDWN,0
3571,demolition,"""Once the [scrapping] sale contract has been signed and the deal done, you have to ask how much else is expected of… https://t.co/nCJ2pPW5sb",0
3574,derail,"Wait until #IR35 kicks in and they will see how much the economy will shrink! you have no idea! , yo…",0
3583,derail,Of course I understand. What she doesn't understand is that consent to sex is not consen… https://t.co/b1IDK1POxq,0
3592,derail,A subtle design feature of the AR-15 rifle has raised a technical legal question that is derailing cases against people…,0
3597,derail,"Meta meta will as usual derail in his despotic address, no meaningful address.",0
3610,derail,I am sick of reporters saying Trump is once again bending the truth. On healthcare. On Iran. On whatever. No. He is lying.…,0
3620,derail,Heard on the Street: Deteriorating relations with Beijing won’t derail Taiwan’s fundamental strengths https://t.co/1qaeWPDll8,0
3627,derail,Design of AR-15 could derail charges tied to popular rifle https://t.co/EspTkDPLAg https://t.co/ZZIqsrQeVH,0
3637,derailed,"French designer cancels Paris fashion show, derailed by strike chaos https://t.co/FEQyF8iMGu",0
3646,derailed,"Guest lecturing for at at 9 this morning, which is, of course, why a freight train der… https://t.co/Y5nnYXGEnH",1
3661,derailed,"Good morning, there is a derailed freight train at Hitchin, this is being investigated ^D",1
3675,derailed,"Welcome back Marketa Vondrousova. The 20yo Roland Garros finalist wins in her 1st match since Wimbledon, 63 60 over Tatian…",0
3682,derailed,😭😭My studies have derailed my self-esteem &amp; sometimes think I'm dumb...I'm on my 3rd level &amp; was thinking of…,0
3687,derailed,"Me: Trump locking children in cages apart from their families is wrong. Boomer: Yeah, but Obama built the cages. Me: ... so?…",0
3706,derailed,"The headline on CNN ALL DAY today had ""Bernie says a woman can't win the Presidency"" on th… https://t.co/mdBJ5CWpk0",0
3710,derailed,"Oh dear, our conversation has completely derailed, has it not?",0
3718,derailment,"Hi Ally, I'm very sorry about this, we are running a reduced service at the moment due to the freight train derailm…",1
3725,derailment,"Hi Emily, we are having to run a reduced service due to the derailment, some services are having to run thro…",1
3748,derailment,We have been stuck at Baldock for over 20 minutes now due to the derailment at Hitchin and our driver doesn'…,1
3754,derailment,How does what appears to be a fairly recent derailment in Hitchin cause the 6:51 KGX to CBG to be cancelled?,0
3755,derailment,"Hi there, a freight train has experienced a low speed derailment in the Hitchin area which is causing some delays.…",1
3762,derailment,Is it true there's been a derailment at Hitchin?,0
3778,derailment,"Come for the laughs (both yours and ours), but stick around f… https://t.co/fzLpvyjAiV",0
3798,desolate,The current political situation is making us feel hopeless and #FreeNazanin feels desolate. She got taken to the prison c…,0
3801,desolate,The medium is perfect for the atmosphere and… https://t.co/5JL9jf5YpN,0
3802,desolate,This theory would also explain why we suddenly see taehyung on april 11th in the epilogue instead of jin. alternat… https://t.co/GqIGDCDg13,0
3823,desolation,Musician or band contact us https://t.co/NKsqkdxHTE Don't stop the music on #tiorr2 Behind The Eyes by Dying Desola… https://t.co/5Lto4YzJ7E,0
3829,desolation,it already has. it's a desolation.,0
3846,destroy,Chris Hansen isn't a doxer because he TMZ'd over to Onision's house to confront him. This wasn't some kind of crazy op…,0
3847,destroy,I deeply respect you but have to disagree. The staff may have spread her “word” but I put 100% blame on …,0
3850,destroy,i want himejima to destroy me,0
3852,destroy,45 year high unemployment + 6 year high retail inflation + 60% vegetable inflation rate + high fuel prices + rising pr…,0
3854,destroy,One guilty verdict is all that is needed to get him out of Parliament. Then the mass anarchy needs to be promoted by s…,0
3872,destroy,God destroy an entire city because of sexual immorality amongst many other sins. My Bible say all liar… https://t.co/hphtLa5RnZ,0
3885,destroy,"For EXO-L all over the world !? If you stop liking it, friends, please don't throw away the album and destroy the merch…",0
3886,destroy,Macron has his globalists buddies giving instructions to destroy any sence of freedom.,0
3904,destroy,"""Inside Parliament, things which should have been said, were not said and that is why people are out on the streets… https://t.co/yFmj1jlF2r",0
3908,destroy,How can Pelosi or Waters even show their faces? They try to destroy a President who has improved our country but allowed t…,0
3916,destroyed,The true definition of hypocrisy is found in the lack of character of Bill Clinton. He can take million…,0
3919,destroyed,"We have destroyed crops and aquatic resources, damages to properties, and livelihood of people that has been tempora…",0
3921,destroyed,MENTAL HEALTH TRIGGER I have disabled people contact me about wanting to end their lives because of the election resul…,0
3923,destroyed,"Not all #Muslims are alowed to freely recite the #Quran. In #China the government heavily oppresses Muslims,…",0
3936,destroyed,There is a reason why Trump loves the poorly educated. Only they would believe he actually saved pre-existing conditio…,0
3949,destroyed,'A Hindu cannot be a Jinnah. Not a single Hindu king destroyed a mosque or a temple. A Hindu is always secular &amp; does not att…,0
3952,destroyed,The streets of Iran are filled with thankful people who are very glad a madman has been destroyed. They are a…,0
3956,destroyed,"Nowadays, Sid’s game is completely being destroyed by Sana! Just like Diandra messed up Gautam’s game for a week! All we se…",0
3961,destroyed,"If AJY was found out that he’s not guilty, then why X1 need to disband? From the start they didn’t deserve to bear all this shi…",0
3964,destroyed,Government set to revise total number of hectares destroyed during bushfire season to 17 million after millions of hectar…,1
3980,destruction,she has aspergers and has helped more individuals and let many of the youth and adults to take action towards climate chan…,0
3983,destruction,"Hours of searching through nothing but death and destruction, then we found you and it was all worth it #AustralianFir…",0
3993,destruction,"$TSLA More stupid than the other. Capital destruction at its finest. In 2y Tesla is trading below 100, https://t.co/vw9NUQIKcy",0
3994,destruction,"As we grapple w. mass extinction of species, destruction of cities &amp; displacement of millions due to natural disasters, th…",0
3995,destruction,At our weekly meeting tonight we will meet representatives of who will answer our questions about the des…,0
4002,destruction,Everytime I see them it reminds me how worthless and foul are these creatures. And how fool are we that let them ruined the wh…,0
4005,destruction,Antonio Brown’s self-destruction dey pain. Idk why.,0
4012,destruction,There's nothing more frustrating than a polluting fossil-fuel-based company failing to make money out of their work. I mea…,0
4029,detonate,When Harry swaps places with aj to stay behind and detonate the bomb and says look after my little girl in armogedd… https://t.co/4E7nTZEjlZ,0
4033,detonate,"Admiral Cornhole about the unexploded torpedo: ""Looks bad, secondary detonation has started. I'd say about 15 minut… https://t.co/580kkW55Vq",0
4037,detonate,Stuck in between picking impact bomb to detonate the vulcan shield or taking C4 to play vertical / stop smoke-planting,0
4047,detonate,"#The40YearPlaylist #962 THAT PETROL EMOTION (Derry, Northern Ireland and London) 🇬🇧 #ThatPetrolEmotion… https://t.co/pqL0wnJ2ne",0
4055,detonate,If it detects that the wielder is a titanic dumkopf the energy spheres will detonate befo… https://t.co/PyRJXSNnP6,0
4059,detonate,lmao that would just instantly detonate craniums in the neoliberal world. Bernie's too good to do a mass murder tho.,0
4065,detonate,1) evacuate austrailia 2) gather up the combined nuclear stockpile of the world instead of shooting them at each o… https://t.co/UJlMGcdVrz,0
4067,detonate,"the classic bomb inside the creature (?, ""if you use it against me, I'm going to detonate it"", well, maybe not",0
4082,detonate,They will have a nuke soon. Why do you think UK wants to leave the EU... Migrants bring pro… https://t.co/QwUJQgJxyL,0
4086,devastated,Our country has been devastated by bushfires &amp; we need your help! 🔥 So that's why we're proud to announce The Down-Unde…,1
4087,devastated,Yea it was really hard for me because I started stanning 3 months before that happened. I was so d… https://t.co/ckqLZANKrT,0
4089,devastated,"Jae: “Do you play guitar, a little?” Amaya: “No, I just love you” HIS REACTION😭😭😭 I’M DEVASTATED😫♥️ https://t.co/w76RMVm4jV",0
4100,devastated,"As immature as it may sound, I would be devastated, like ur suppose to be my best/friend were u guys talking behind my Bak? Wh…",0
4104,devastated,I’m devastated https://t.co/RsmqbsEGki,0
4126,devastation,It blows my mind every single time I'm reminded that both Ireland and the Scottish Highlands had higher populations in…,0
4142,disaster,Iran’s President Hassan Rouhani said on Tuesday that everyone responsible for the accidental shooting down of a Ukr… https://t.co/PS2nHWJjdL,1
4146,disaster,"My mind is a disaster rn. We get DK and Levanter in English, I get to see Monsta X (which also means I get to see K… https://t.co/eHZJ2eULT7",0
4152,disaster,Makes sense. Better to be proactive and not need it than to be reactive and have a disaster on your hands.🤷‍♂️,0
4153,disaster,"Can someone please explain why “debt &amp; deficit disaster”, “pink batts”, “LNP better economic managers” got currency, &amp; mo…",0
4155,disaster,You can burn yourself out with your Warren/Bernie beef or you can direct your anger at a corporate media ecosystem that exis…,0
4166,disaster,"Pres. Trump's impeachment trial will be overseen by a judge he once called an “absolute disaster,” Chief Justice Roberts. …",0
4174,disaster,"Sputnik is delusional. They just ran a column saying that the U.S. somehow tricked Iranian air defense to shoot down PS752,…",0
4176,disaster,"So Friedman's 'high wall with smart gate' is both a valve and a device to separate energy from entropy, a way to ap… https://t.co/461vAYF4Lq",0
4193,disaster,Market fundamentalism has brought the world to the edge of environmental disaster. Yet Boris Johnson and his govern… https://t.co/xJuoTkJ94p,0
4201,displaced,The Children of #Idlib had no idea they would be displaced again while the world stays silent! #SOSIDLIB #WithId…,0
4202,displaced,"Wombats have been spotted exhibiting 'shepherding' behaviour, herding at risk animals to safety, sharing their burrows…",0
4209,displaced,I’ve seen this in action from NGO staff but also from journalists. After massive 2005 Kashmir earthquake I was work… https://t.co/haP2A09UwQ,0
4210,displaced,Got about 90% of my stuff moved back to my parents' place. Gotta gather the rest together so it can be moved tomor… https://t.co/ET93EVOL9D,0
4211,displaced,My first ever sighting of the little lorikeet (Parvipsitta pusilla). Shame it’s a dead one. Much of the wildlife that was…,0
4212,displaced,"#Sêmalka: Yesterday evening, a new batch of 120 displaced persons, coming from Burdah Rush camp in the region of Başûrê…",1
4220,displaced,"Wildlife officials have dropped more than 2 tons of food, mostly carrots and sweet potatoes, to help animals displaced by fires in…",1
4227,displaced,Who displaced and took over whom? https://t.co/6IE4hciOdn,0
4240,displaced,"Over 46, 377 people displaced (9,463 households) in #ElGeneina, West #Darfur according to the latest estimated figures of DTM…",1
4241,displaced,A look at the family names of the displaced from ELibya Whether the 200.000 in WLibya or the 200.000 in the diaspor… https://t.co/nysTd5KsQR,1
4243,displaced,An Afghan child stands in the cold holding bread at an Internal Displaced Persons camp in Kabul. According to the ministry o…,1
4252,displaced,"These farmers, and pet owners are suffering right now. They are displaced from their homes, seperated from their li… https://t.co/I06RzSFskJ",1
4253,displaced,What if boomers got to know that they can use Twitter to release their displaced anger instead of their children ?,0
4257,displaced,Ash fall from Taal stained my bag. The nightmares from Mt Pinatubo’s eruption are back. Lived through a catastrophe of this…,1
4262,drought,"Eight megadroughts are identified in eastern Australia including one 39 year drought (A.D. 1174–1212), which occurred during a…",1
4270,drought,With Locusts devastating the country at an unprecedented rate and a massive drought looming following the heavy rai… https://t.co/h2RrYpP1zg,0
4274,drought,This will further exacerbate the stress and malnutrition suffered by so many people on Newstart. It is more urgent than eve…,0
4285,drought,"5,000 feral camels culled in drought-hit Australia https://t.co/kt0qPlhAuK https://t.co/2IL9O7di34",1
4304,drought,"""Vegetable prices may soar 50 per cent as growers face perfect storm of bushfires and drought"" …",0
4305,drought,Twice drought is real. Here is how onces try to save themselves. A thread of twice as ✨ https://t.co/cGKn8vlabl,0
4318,drought,A super rugby pre-season match in Gladstone is aiming to help Central Queensland producers battling the drought. https://t.co/…,0
4322,drown,"Who will fix me now? Who will save me from myself? Please, don’t let me drown.",0
4327,drown,Eight migrant children drown off Turkey https://t.co/sCr9JSB9g2,1
4335,drown,Maybe this is all part of a plan so that these headlines can drown out the Margaret Court mess that's still to come? I got…,0
4336,drown,"Fortunately Bella was saved, but they're trying to get the maximum sentence for those who tried to kill her. PETIT… https://t.co/quQFBd2zZ8",1
4339,drown,dont drown,0
4353,drown,Maybe this is all part of a plan so that these headlines can drown out the Margaret Court mess that's still to come… https://t.co/rHXEXskXNu,0
4370,drown,Time to eat more medicines and drown in my bed,0
4391,drown,"Another childish insult I see. First bag of milk, second poutine, w… https://t.co/D605TNYqLc",0
4406,drowned,Guru's protests of innocence were drowned out by the hysteria of the nationalist mob. His was not allowed to see his wife and…,0
4412,drowned,Body of Rod Fontenot located in Bayou Nezpique - KALB News https://t.co/Ca0XPomRO1,1
4414,drowned,You have never been drowned! Your tea will not bother me!----Röbel will the equations and three hours' exercise and clothes,0
4419,drowned,😭😭😭😭This has drowned me in my own guilt .,0
4448,drowned,You told me the sky was ours. I thought we owned the stars، the moon and the sun. I thought we would rule everythin… https://t.co/C1oJZbEsfG,0
4459,drowned,"'They get drowned mostly. They get caught on a longline hook and get drowned,"" https://t.co/cGsC0FzgOY #bycatch",0
4464,drowning,"--over but he tried to hold it in. ""M... Mox...."" He doesn't know what to say. All he can think to… https://t.co/MgH9hSHEcj",0
4467,drowning,"The world is drowning in debt - However, HM &amp; ministr assure us that #Ireland is 'grand'; unle…",0
4471,drowning,Supernatural s15 || Drowning (Jensen Ackles) https://t.co/bIu9ebRfDM via,0
4473,drowning,First image is of the Tekken 7 pool. Heres to not drowning in either without taking some names.,0
4487,drowning,Remember the kid in pursuit of happiness movie when he made a joke abt the guy who was drowning in the oce…,0
4488,drowning,"// They’re drowning Wilson with full bucket loads of hearts, love and affection😔",0
4494,drowning,The world is drowning in debt - CNN https://t.co/s5rrhuzslZ,0
4498,drowning,"when i was drowning, that’s when i can finally breathe #Lover #BestRemix #iHeartAwards",0
4503,drowning,“Sometimes we need to disconnect to reconnect. Taking a break is necessary to save yourself and others from drowning.” — Maine Mend…,0
4506,drowning,"i wade in your water, your waves wash over me, i drift to the deep end, dont save me, its a low tide, i found peace in…",0
4508,drowning,Climate change could lead to more injuries and deaths https://t.co/vHqhSdcqMB Justine Calma,0
4528,drowning,Drowning in my own thoughts,0
4530,drowning,"If you might be wondering, I didn't discover BTS with a music video. it's from an article in kboo in 2014 and my 13 yo as$ c…",0
4539,drowning,I'm just drowning at the moment. Smallest naps for about 45 minutes in the morning and then for 20 m… https://t.co/TdNcpiFbbV,0
4542,drowning,Drowning,0
4556,dust%20storm,Israel will cause a Dust Storm in the Middle East. WW3 will be started between USA &amp; Israel VS Russia. They all will start op…,0
4564,dust%20storm,Monster dust storm blankets several Australian states https://t.co/C2CqGXqja6 #grandsolar,1
4566,dust%20storm,Don't underestimate the power of a dust storm — always be prepared. #911LoneStar https://t.co/2hglSKKzZE,0
4568,dust%20storm,just looks like a huge dust storm. w out the dust that's what the air looks and feels like,0
4573,dust%20storm,"You can't stop the drilling, nobody can stop the drilling. Sonic drilling in the middle of a dust storm near Broken… https://t.co/2mzrWIDU3s",0
4581,dust%20storm,As seen by yesterday's #SNPP #OMPS aerosol index the #AustraliaFires smoke is now south of western Australia (black circl…,1
4582,dust%20storm,-Desert Locusts -Floods -Dust storm -Bats If these aren't signs that we are heading to murky waters am not sure wh… https://t.co/xa7Qc9pZqZ,0
4585,dust%20storm,"thank you! I do have allergy pills that I've been taking, but no antibiotics. Not sure about mold or anythi… https://t.co/jobUBFFEQn",0
4589,dust%20storm,~YOU NEVER KNOW YOU NEVER KNOW LIES AHEAD ARE ON THE ROAD YOU CAN LOSE YOUR PATH BUT STILL FIND THE WAY HOME JUST… https://t.co/baKuZQPXqt,0
4593,dust%20storm,"—&gt; “Hm?” Oh, he forgot about the shot that his wife had sent to him from her end. With a quick ra… https://t.co/k1BcTkAYle",0
4597,dust%20storm,"Another one bites the dust. Bye, Spartacus! https://t.co/VcIlFrDH5j",0
4604,earthquake,"Hey, loves! Tip lang coming from someone who survived a 7.2 magnitude earthquake and volunteered all around the province…",0
4628,earthquake,"42 min.ago #earthquake 3.6 has hit Canas Barrio (Ponce), Puerto Rico, 3.7mi, 4:07 AM AST (RSPR)… https://t.co/DfgMZAmpGX",1
4638,earthquake,3.5 magnitude earthquake recorded in Bulgan aimag #MONTSAME #Mongolia https://t.co/yteSvu24Q8,1
4651,electrocute,ECG pole electrocute young man at Kpando https://t.co/AwmQnqDeR6 https://t.co/5IzMbZfTSV,1
4656,electrocute,"Ahri also landed full R ulti, full W, ignite, and thunderlords/electrocute. No… https://t.co/LlcgzoxGpi",0
4657,electrocute,hey you former russian spy electrocute me,0
4659,electrocute,y’all horny i’m gonna call god and have him come electrocute y’all for real,0
4666,electrocute,why doesnt pokepark 2 let you bully piplup (run into them and electrocute),0
4669,electrocute,If a shorty ever ask me to electrocute her I’m just gonna have to go home https://t.co/WwdhdygBV1,0
4685,electrocute,I would help you I think we should electrocute him,0
4695,electrocute,Veigar with electrocute rn is HILARIOUSLY op...... 17/3 and 20/5 after not playing him for like 4 months,0
4700,electrocute,Twitter keeps getting stupider and stupider today. Somebody electrocute me if I look at it again please and thank you.,0
4701,electrocute,*my mask eyes electrocute* I’ve just joined I know little to nothing..,0
4731,electrocuted,Did the same thing on Sunday...reading book on reclining sofa (electric)...picked up coffee..spilled sai… https://t.co/2ZUH1S3vRP,0
4736,emergency,"""The past five years are the top five warmest years recorded in the ocean and the past 10 years are also the top 10 years o…",0
4740,emergency,Climate &amp; environmental grief is something we all have to face when we realise the scale of the emergency we face. Gove…,0
4749,emergency,"She : sir I heard you are giving Modi's health insurance card, iam in an emergency , can you help me Me : kindly tell m…",0
4756,emergency,"Video call me and show me breast for no reasons, That shit is sexy AF. My weakness point for emergency billing niyen (fast f…",0
4757,emergency,"That weather is reacting how it should in winters...? And""Our"" deeds should prevent the govt from… https://t.co/9jWOfhg4YI",0
4763,emergency,New2Trip: 2019 American Heart Association Focused Update on Neonatal Resuscitation: Update to American Heart Associ… https://t.co/ZelwwJdfnx,0
4764,emergency,A major search and rescue operation is underway in China after a bus and pedestrians dropped into a sinkhole. It happen…,1
4768,emergency,"For the 23rd time in less than three years, the Trump Administration is asking #SCOTUS for emergency relief to allow a n…",0
4771,emergency,Toronto-area residents had a rude awakening Sunday after receiving a false alert about a nuclear power-plant emerge… https://t.co/Shzmi0h1TL,0
4781,emergency,Is this your constituency? What is the status of this emergency in #NeelumValley #AJK - is the #Pakis…,0
4788,emergency,Why is parked like this at Pick n Pay Craighall Park? There is no emergency here. Shopping? https://t.co/u5kPlJW5RF,0
4799,emergency,KwaZulu-Natal Helicopter Emergency Medical Services: A good morning from the HEMS crew of Netcare 5 who are currently in…,1
4803,emergency,Australia Day 2020 should be for all Emergency workers - paid &amp; volunteer including those who made s… https://t.co/Jxied7M7r2,0
4804,emergency,Help rescue and care for the innocent victims of the fires! Millions of animals are dying from the Australian wildf… https://t.co/Rsp6NOFC8R,1
4817,emergency%20plan,A district council trying to scrap its local plan on climate emergency grounds may see its decision-making powers transferred…,0
4824,emergency%20plan,The most critical part of the plan is to get the additional power online ASAP! All IPPs must assist! ⚡ ⚡ ⚡ This is… https://t.co/ccsbuLgKPv,0
4831,emergency%20services,Weather Update: Heavy rain and the potential dangerous impacts to fire grounds in NSW and East Victoria. Video is current at…,1
4850,emergency%20services,"Injury Units treat broken bones, sprains, burns and other non-life threatening injuries. Charges have recently been reduced an…",0
4853,emergency%20services,KwaZulu-Natal Helicopter Emergency Medical Services: A good morning from the HEMS crew of Netcare 5 who are current… https://t.co/tqCuaIpwt7,1
4854,emergency%20services,Western Cape Helicopter Emergency Medical Services: Netcare 6 a specialised helicopter ambulance has been activated… https://t.co/2QQwZ9KFOY,1
4861,emergency%20services,"No but donating to charities, volunteering my time at the State Emergency Services, working in Clim… https://t.co/SXn6wpvubY",0
4868,emergency%20services,"This WATCH &amp; ACT message is being issued for the Buchan South area. Don't wait, leaving now is the safest option - condit…",0
4875,emergency%20services,Our thoughts are with everyone affected by the devastating #bushfires. Maddocks has pledged $40K to the #VictorianBush…,0
4878,emergency%20services,"I've been getting alerts from the government emergency services app, saying that the air is hazardous to he…",1
4882,emergency%20services,"Cumbria County Council is refusing to reveal the full cost of a new base for south Cumbria's emergency services, as the bu…",0
4883,emergency%20services,"Are you experiencing any home emergencies? In such a situation, request a service by calling us and within a maximu… https://t.co/gPiDWJJqQm",0
4886,emergency%20services,"Cumbria County Council is refusing to reveal the full cost of a new base for south Cumbria's emergency services, as… https://t.co/UDkc5IMbFg",0
4887,emergency%20services,Thus is a match day at Fernhurst. The council need to act. Lives are at r… https://t.co/Xn6vrAnw2v,0
4906,engulfed,"New blog post: The Inquisition... ""To me, I think emotions are like huge waves crashing against me, I don't 'feel' the emoti…",0
4908,engulfed,"Landmark Paris trial of disgraced former athletics supremo Lamine Diack delayed until June after surprise new evidence, with I…",0
4924,engulfed,Engulfed 💧 https://t.co/t6mGr7iQgH,0
4952,engulfed,Hitler committed suicide first get that clear. His own hate engulfed him. The kids are not promoting… https://t.co/XYb37gMqVr,0
4964,engulfed,i love not replying to administrators’ emails because they assume you’re so engulfed by life that they just do what… https://t.co/QjaR0s5DGh,0
4984,epicentre,If capitalism constantly continually caused troubling pain to same epicentre and they cho… https://t.co/vmylA5tPeC,0
4989,epicentre,10 years ago today at 4:53pm a 7.0 earthquake struck Haiti 🇭🇹 The épicentre was close to Léogâne. It hit as people were le…,1
5002,epicentre,"Just say it. Australia is run by a propaganda mill in Murdoch. All 3 ‘leaders’ of the UK, US &amp; Aus were…",0
5006,epicentre,Hunh. Turns out the epicentre of this morning's earthquake was mere miles from our place. I guess that's why the pr… https://t.co/rFDx59emTL,1
5009,epicentre,Funny story about today’s earthquake: Natural Resources Canada says its epicentre was just south of the U.S. border… https://t.co/841luXWTmQ,1
5017,epicentre,So excited for Unknown Artists Band Live at the Epicentre Jan 24th! You can grab your tickets HERE&gt;… https://t.co/IZGIvKfNmb,0
5018,evacuate,"Yes, we’ve had fires. But never on this scale. We’ve never had fires that wiped out one BILLION animals. We’ve never…",0
5028,evacuate,Experts warned that the Taal volcano eruption could get worse and plans are being made to evacuate hundreds of thousands more…,1
5030,evacuate,We are the one who evacuate from Taal Eruption. And we felt all the struggles while evac. And thanks GOD we all safe. 😭…,0
5038,evacuate,"PLEASE BRING YOUR PETS WHEN YOU EVACUATE, THEY NEED A SAFE PLACE TOO!",0
5041,evacuate,retweet please. May this effort give the way to sisters and daughters to evacuate herself from this fake jungle.,0
5044,evacuate,"The lake volcano, already spewing thick layers of ash onto Manila, could violently erupt within “hours or days”, pr… https://t.co/hvDpWXJU9N",1
5053,evacuate,INDONESIA #Jakarta city govt spent more money on Formula E electric car race than flood prevention efforts as death toll from…,0
5061,evacuated,"‼️BREAKING: Valverde's belongings have been evacuated from the Ciutat Esportiva. Tomorrow, he will say goodbye to the playe…",0
5085,evacuation,Twitter peeps i need your help po. Even though affected din kami I just wanted to help kahit sa maliit na paraan. Buy my…,0
5086,evacuation,a local veterinarian taking care of the horses from the volcano island. they are currently being treated here in an evacuat…,1
5088,evacuation,"Darna, here are the updated list of evacuation centers in Batangas and organizations that collect donations in…",0
5092,evacuation,"Matteo Guidicelli @ City Evacuation Center Poblacion 3, City of Sto. Tomas, Batangas 💖 Thankyou &amp; Godbless po! 🙏 Real life…",0
5101,evacuation,I sincerely hope that the people will heed to the call of PHIVOLCS and the LGUs regarding evacuation and other measures.…,0
5105,evacuation,The current situation of our province saddens us a lot. and I are knocking doors to all PH armys and armys w…,0
5106,evacuation,"PLEASE RETWEET Anyone who wants to donate for the evacuees, may isang old resort na nagsilbing evacuation area po ng ating m…",0
5114,evacuation,Psychologists are also needed in evacuation areas for the conduct of psychological first aid,0
5132,explode,Shhhhh Miri don’t drop too many facts at once his brain might explode,0
5137,explode,"Sure I have body issues, I can't explode into a thousand bats.",0
5143,explode,#photography Get my FREE eBook - https://t.co/UAh9I9RCXI Photographer Noah Kalina Has Shot a Selfie Every Day for 2… https://t.co/qzyaS2Wydy,0
5147,exploded,My heart exploded so my feelings just been running wild 🏃🏾‍♂️,0
5151,exploded,¡Feliz Navidad ! I discovered you early 2019 where your follower count EXPLODED !! Am a fan of your beefy hot…,0
5165,exploded,"Walked into the office, was about to set up and my laptop/battery exploded",1
5169,exploded,"On the stretcher, hearts exploded. Minutes left, a nurse holds his hand. 'u no I wud'",0
5172,explosion,Two Belgian soldiers currently serving in #Mali were injured when their vehicle Dingo II (MPPV) drove over an Improvise…,1
5174,explosion,Look beyond the headline. It is really worth reading this quick article to appreciate just how staggeringly LOUD L… https://t.co/r2yZqtpuAi,0
5188,explosion,nobody: absolutely nobody: every YouTuber ever: so a few people asked for this video 😂 *edit in 100 comments of p…,0
5195,explosion,"I'm not the gf who takes effort to do "" explosion box , reasons why ily , open when.. "" I'm sucha lazyyyyyy girl !! Even in this 🤣 ! Ugh",0
5199,explosion,President Duterte flew back to Manila from Davao City this morning. Sen. Bong Go said they were the first to land in Manila…,0
5208,explosion,Canal Blue TME now live in the Torque GT showroom... https://t.co/XfrEsK24UE In the past few years we’ve witnessed an explosi…,0
5218,eyewitness,I'm always skeptical about eyewitness testimony eve… https://t.co/9fuheOcD8g,0
5219,eyewitness,People have talked about the “five observables“....but back in 2014 The members of ITF put together their own list of…,0
5220,eyewitness,"If you are not an eyewitness, you are a false witness (Exodus 20:16). If you didn’t see it, you shouldn’t be gossippin…",0
5225,eyewitness,"Akira Kurosawa's movie, which told conflicting versions of four eyewitness accounts of a murder and rape in 8th century Japan, won…",0
5232,eyewitness,. investigates whether changes could be coming for officers who are supposed to help keep your children safe at school.…,0
5244,eyewitness,"Trump has the power to end this ""never-ending charade"" by not withhold… https://t.co/0WD9EEFWm6",0
5252,eyewitness,New eyewitness has stepped forward to testify. https://t.co/BiQElyoHIm,0
5256,eyewitness,BREAKING NEWS: Four people found dead in Florida and there could be possible ties to Connecticut. The latest on tha… https://t.co/DkDS7LqagW,1
5257,eyewitness,A Woman Claimed She Recruited a 13-Year-Old Girl for Donald Trump and Jeffrey Epstein to Rape – Deep South Voice. Deta…,0
5268,eyewitness,https://t.co/Pvel8bisjz. The latest on the investigation tonight on Eyewitness News at 11.,0
5271,eyewitness,Listen to this eyewitness on the border: “They were the worst conditions that I’ve ever seen in the United States of Americ…,0
5279,eyewitness,Get your news from overnight and weather and traffic before you head out the door in the morning! Watch Eyewitness News This Mor…,0
5283,famine,"The famine is over, fenians, why don't you go home 😤😤😤 https://t.co/RT8AGvT8TQ",0
5295,famine,This world is ending Earthquakes Floods Half of Australia on fire Locusts in Somalia Ethiopia &amp; Kenya Trump about to star…,0
5297,famine,2010-19 seasons have been such a strange decade for the #49ers 80-79-1 record Four 10 win seasons Five 10 loss seasons F…,0
5302,famine,"GOD SAYS SCOTLAND, IRELAND,ENGLAND TOLERATE EACH OTHER, QUESTION ALL REMEMBER GREAT IRISH POTATO FAMINE,ENGLAND STA… https://t.co/VOoYshDAqV",0
5307,famine,President Edgar Lungu told journalists his buying military weap…,0
5312,famine,"Riff Rundown: Between the Buried and Me's ""Famine Wolf"" https://t.co/mxumEisuCu",0
5322,fatal,"Blackmail, intrigue, forbidden love interests &amp; a near fatal mantra gone wrong, stretch the bonds of friendship like never b…",0
5328,fatal,Fatal shootings by police in 2018: 🇮🇸-0 🇫🇮-3 🇸🇪-6 🇫🇷-26 🇨🇦-36 🇺🇸-992 Imagine: Walter Scott—and so many others—would be al…,0
5329,fatal,The #EU continues its suicidal actions. This inflexible approach is likely fatal - but ‘principals’ Brexit latest:… https://t.co/t9xoVSYYLv,0
5333,fatal,Boeing's new chief executive David Calhoun assumed the job yesterday as the US planemaker battles to recover from t… https://t.co/sC69VeWeMB,0
5347,fatal,"At the Embassy of Ukraine in Dublin, President Higgins today signed the book of condolence for the victims of the fatal c…",0
5374,fatalities,"“This time, we did not set our goals based on human fatalities, [because] our goal was not to kill the enemy’s sold… https://t.co/7VmyMKYEiH",0
5379,fatalities,Congratulations to the city of Oslo where there were no bike or pedestrian fatalities for the entire year of 2019! Incred…,0
5383,fatalities,"on a show about police fatalities they asked 2 widows, one old one young, about their grief which on… https://t.co/smdkMSkZdT",0
5391,fatalities,I've heard it's touched places throughout the UK....but thankfully no reports of any injuries or f… https://t.co/MQqACO4S11,0
5399,fatalities,"REMINDER: Come to a COMPLETE stop before moving past a stop sign. Between 2014 and 2018, there were over 3,200 collisions…",0
5415,fatalities,"On the flip side, if we compare the 2003 low in pedestrian/cycling fatalities to today (in the US), we have… https://t.co/y9urqaVy9c",0
5419,fatalities,"Our very own Kari Schlosshauer of , speaking on behalf of us at GTT. ""What does it mean for us to lead w…",0
5427,fatality,Current outbreak in Malaysia are influenza and dengue. Both can lead to fatality if not treated in early stage. Stay sa…,1
5429,fatality,"Many UK crime scenes are burglaries; other forensic or crime scenes need more consideration, if there was violence… https://t.co/dq2BSTnssZ",0
5436,fatality,This should also apply to the tens of thousands of children and young people who local authorities neglected from the ea…,0
5438,fatality,Name: Ceasar Weldon • City: North Charleston • Date: 12/15/15 • Cause of Death:… https://t.co/Bbs1lZiAM6,1
5449,fatality,This should also apply to the tens of thousands of children and young people who local authorities neglected from t… https://t.co/mZBHAVUNpE,0
5466,fatality,How much is big tobacco and big pharma paying you to push this ludicrous nonsense? Anyone that thin… https://t.co/nfFmiSCkt7,0
5476,fatality,I can't help it....I am HURTINGGGG y'all hear me? https://t.co/N4QTpsoY48,0
5498,fear,"A quote from ""Unresolved grief, shame and fear can accumulate throughout one's life, and impede, constrict…",0
5520,fear,"The case is now pending in appeal in a high court. Qs remain: who killed Sohrabuddin, Tulsiram Prajapati and crucially…",1
5521,fear,Wow! I fear fear. Nothing we do that does not speak out.,0
5536,fear,Hope is the only thing stronger then fear. https://t.co/cXK06znOY2,0
5552,fear,1) Haya from Qubool Hai- She taught us that love needs no words or language. She showed us that fear does not makes you…,0
5563,fire,"Sorry bro, but when I fire up my Xbox Series X and plug in my 4TB hard drive it will… https://t.co/qcWh88MzGT",0
5568,fire,2 TYPES OF FIRE EXTINGUISHER BOBBY CURL STRAIGHT https://t.co/7g85ZNCf3Z,0
5569,fire,"Today in 2009 Corporal Danny Winter, aged 28 from Stockport and of 45 Commando Royal Marines, was tragically killed by '…",0
5577,fire,GROW YOUR TWITTER ACCOUNT NOW 🔥100 Retweet = 150 Followers🔥 🔥200 Retweet = 300 Followers🔥 🔥300 Retweet = 500 Followers🔥 🔥40…,0
5602,fire,"If the Astros can fire AJ Hinch and Jeff Luhnow after the run they've had, the Texans need to get to firing Bill O'Brien right n…",0
5615,fire,"If u want Mercy's reality show or YouTube channel in the future, Encourage her by watching the videos on YouTube that s…",0
5626,fire%20truck,Fire Engine Truck Birthday Cake ... https://t.co/QcUdjv8uhZ #cake #cakedecorating https://t.co/y0dwRMk1Nt,0
5633,fire%20truck,"Driver killed after truck hits tree, catches fire in Lincoln County - WLBT: https://t.co/Bv79Bv0LUN",1
5637,fire%20truck,"A hybrid Concept Fire Truck, built by the Austrian company, Rosenbauer, gets hands on touches by members of . So…",0
5649,first%20responders,Sorry for your loss. Really am sorry on behalf of our government (who took forever to take care of the f… https://t.co/8CkmQGnetL,0
5654,first%20responders,Heartbreaking habitat devastation in Australia. Grateful for all firefighters and first responders helping! (Via by Oak…,1
5658,first%20responders,On How Much Mitch McConnell &amp; Senate GOP Don't Care About Americans; Mitch McConnell &amp; GOP Senators Playing Games With…,0
5664,first%20responders,God Bless him and all First Responders.,0
5665,first%20responders,When your Premier has to shove his petrosexuality down your throat constantly because it's the only thing that lubricates h…,0
5670,first%20responders,"Boy those Vince Vaughn ""Libertarians"" sure like breathing the clean air &amp; water courtesy Democrats &amp;… https://t.co/RU3ywdS5LB",0
5674,first%20responders,"Impeach Trump 11 people, including 2 first responders, died today as a… https://t.co/StOQGKp947",1
5677,first%20responders,First responders are pleading with ppl not to drive unless they have the proper tires and their car is prepared for the co…,0
5682,first%20responders,Miranda Lambert Celebrating First Responders on ‘Wildcard’ Tour https://t.co/lO34ypFGI0,0
5691,first%20responders,"#auspol felt sick when i read this: ""first responders tackling #bushfires advised to kill baby #kangaroos and #koalas w…",0
5714,flames,Breaking Faux Knews : Maralago attacked by Russian-made Iranian planes secretly ordered by former President Obama ....…,0
5726,flattened,A remarkable performance from the New York # 11 curve over the last 6 months. The curve has flattened out almost comp…,0
5728,flattened,This strand was followed by an expanding cloud of slime that flattened out and covered Ben's entire body. The entir… https://t.co/CHTStZxuMX,0
5734,flattened,a flattened gummy bear,0
5747,flattened,"Grandmother’s prayer closet survives powerful tornado that flattened home, killed many https://t.co/YUTYw6CpQa",1
5753,flattened,"Grandmother’s prayer closet survives powerful tornado that flattened home, killed many https://t.co/m3cxLaKubX",1
5755,flattened,Dude ripped out an Uchiha's eye and flattened it out like a mad man,0
5756,flattened,"I get what you’re saying, and I would’ve flattened that thing but BC is so far-left, guaranteed if he had…",0
5763,flattened,It was a holy place I see. Very sacred https://t.co/3HLdY131LJ,0
5772,flattened,Rookie #Habs defenceman Cale Fleury just flattened #Flames Milan Lucic. Bell Centre crowd loved it. #HabsIO,0
5776,flattened,bread-foccacia (made of dough flattened and then olive oil spread on top with rosemary and grey salt sprinkled cook… https://t.co/givUyvOwjq,0
5780,flattened,after submitting a single job application i feel simultaneously like popeye after eating tthe spanch and the coyote… https://t.co/m1L39pVnvq,0
5783,flattened,was gonna workout but instead im laying on my floor listening to music for 2 hrs feeling absolutely flattened by this messed up monday.,0
5786,flattened,Samoa joe just got flattened #raw,0
5788,flattened,"My own initiative has been totally flattened, amazingly it is still their policy when my contract is up.",0
5799,flattened,Flames suck like your interviews and mentions on Twitter. Lose to the Habs and Lucic got flattened. Great night.,0
5802,flattened,Toss a coin to your Medley *gets flattened by a coin the size of me*,0
5815,flood,"When you open the door to self pity , to blame, all kinds of negative thoughts will flood your mind",0
5818,flood,"Something really wishes you wouldn't know: that IAF gross negligence damaged 8 F-16s, compromising a key ele…",0
5823,flood,NWS Alert&gt; Small Stream Flood Advisory for Poor Drainage Areas for N Union County In NE Mississippi. S Tippah Count… https://t.co/2XoLUbYwbL,0
5834,flood,SHAME ON CBN for Helping To Flood Texas With Refugees! The World Relief Corporation (WR) is a phony un-elected non-profit tha…,0
5837,flood,UK: Muslim lawyer for ISIS bride asks his followers to flood radio show’s phone lines to avoid hard questions. This it…,0
5845,flood,If that had been the case then this would have made the whole place flood https://t.co/5A9L4XjLgD,0
5855,flood,Sleeping Through The Flood - Sticky Fingers https://t.co/oYSjEw6kmv,0
5865,flooding,Storm Brendan causes severe gales and flooding across parts of Scotland. See more 👉 https://t.co/NRuo1XF03q https://t…,1
5868,flooding,Have you heard of Kalergi? If not then read what he wrote in his book about what he envisioned for the futur…,0
5877,flooding,"Severe storm, flooding and heavy snowfall strike Hawaii - 22 inches of rain in 24 hours, snowdrifts at least 4 feet deep h…",1
5880,flooding,Firefighters from South Yorkshire want dealing with flooding to be an official part of their responsibilites. At th… https://t.co/l1Izv3wefj,0
5883,flooding,🌧 Strong winds and heavy rain are forecast from today as #StormBrendan moves into the west of Britain. Check before you t…,1
5894,flooding,"If you live in the #Nantwich area, pop the 15th January in your diary 📓! #TeamEA are hosting a drop-in session with our pa…",0
5896,flooding,#stormbrendan is upon us. Here are some of Aspray's top tips if the storm causing flooding to your property: https://t.c…,0
5897,flooding,VENICE RUNS DRY: Gondolas stranded in mud just two months after severe flooding #venice #gondolas #flooding #beached #…,1
5901,flooding,"I’m pretty much resigned to muddy (knee length) boots &amp; trousers but, while considering my (and the dog’s) options for w…",0
5902,flooding,Citizens United wreaked havoc on our democracy. Democrats agree. We therefore better give some thought to 2 billionaires…,0
5905,flooding,"""We’re in a state of anxiety, shock &amp; grief. This is #ClimateChange. This is what a +1.5 degree world looks like"" …",1
5918,floods,I want to help you with my project to save the Caribbean Sea from floods and hurricanes https://t.co/qD8Om9NqQK,0
5919,floods,"Unprecedented floods are ravaging #Iran's Sistan &amp; Baluchistan province, with significant human &amp; material costs. Even as sear…",1
5922,floods,"Venice canals almost dry, two months after severe floods https://t.co/Qt0Il9semQ",1
5928,floods,"Venice canals almost dry, two months after severe floods https://t.co/27zxHQQPc7",1
5937,floods,Then told them they were all privileged idiots who cared more for their hobby than community safety. That the area… https://t.co/b8JLniR7lL,0
5944,floods,"Forests 🌳 buffer impact of storms &amp; floods 🌿 help address the climate crisis 🌲 provide shelter, jobs &amp; security for forest-dependen…",0
5946,floods,I want to help you with my proje… https://t.co/cw16DxeQZo,0
5949,floods,#stormbrendan is upon us. Here are some of Aspray's top tips if the storm causing flooding to your property:… https://t.co/kA4M6eV8oS,0
5953,floods,Let’s hope it floods the studios with creativity!,0
5954,floods,I can confirm #StormBrendan has arrived in Worcester. Awful conditions out so take it easy out there. On the roads? S…,1
5956,floods,Birthday appeal to get Pokot children back to school after the floods. I would be really grateful of any help :) es… https://t.co/IqFSVPh3aa,0
5958,forest%20fire,Precautionary measures taken by #karnatakaforest department to avoid forest fire Mathigodu forest area thithimati… https://t.co/7MV8mnxnD8,0
5963,forest%20fire,I'm taking this day off. Not going to do anything I'm supposed to do. I started w tea and breakfast by the Magic Fo… https://t.co/raNd1HtFCp,0
6010,forest%20fires,Pawcept: Australia and Amazon Forest Fires: Cheering the Ch... https://t.co/KxqLGw8eTt,1
6013,forest%20fires,BBC News - Climate change: Australia fires will be 'normal' in warmer world https://t.co/R30bO3gmJc,0
6039,hail,gang. ALL HAIL KING MAXELLLLLL,0
6044,hail,"#Thunderstorms are possible across #Tasmania Wednesday afternoon after a warm, humid and smoky start to the day. Hail or short…",1
6046,hail,i wanna tie up cuties and be tied up by cuties ideally with a prenegotiated understanding that we will successively tie up…,0
6048,hail,"Wintry skies, sleet, hail and the wind chill cutting through you like a knife, but there’s a kind of solace in the slowl…",0
6050,hail,Bernie ain’t gotta squash shit. She ended her campaign tonight. Either she sticks…,0
6051,hail,All hail the Daudu https://t.co/FK2nvuIuV2 https://t.co/A5pdnC3s5h,0
6061,hail,"Hail PLATO :: Each man is capable of doing one thing well. If he attempts several, he fails to achieve any. : PLATO…",0
6069,hail,"Ladies &amp; Gentleman Pls Welcome The Full Metal Heart , The True LEGEND . One &amp; Only , #IStandWithVi…",0
6073,hail,"BBC bigging up the first serious 'in depth 'interview with PM Horace Johnson, with... .. .. .. . Dan Walker, who s… https://t.co/ibR2eNYMdu",0
6080,hail,"""Those 10 plagues, including natural calamity from snow, rain, hail and earthquakes, are seen in the world to… https://t.co/m4zzWH700B",0
6086,hailstorm,"Can someone explain to me how I can sleep through a hailstorm, BUT wake up if someone walks into my room unannounced??…",0
6088,hailstorm,March 22 I will commemorate the Great Perth hailstorm at 4PM the time when the storm hit us causing billions…,1
6104,hailstorm,Colorado Springs 8/6/2018 hailstorm getting recognition in significant weather events recap from - Doing 2018 rec…,1
6106,hailstorm,i’m REALLY into King Princess rn!! idk if you’d consider her alt but I LOVE HER!!!! also if you like… https://t.co/2JETFBqq63,0
6115,hailstorm,I guess I can't play my team on showdown. For some reason my G-max Lapras gets Max Hailstorm instead of G-Max Resonance,0
6119,hailstorm,Oh no baby,0
6127,hailstorm,"i hate to take pictures , but you could see 1000 videos tho 😰🥰 https://t.co/2XgpZzFeom",0
6134,hailstorm,Gyal: I ready for a man 😩 Every man except the one she throw that tweet for: https://t.co/1RHWJvjsS7,0
6135,hailstorm,The type of video I post after a breakup when I’m “supposed” to be crying https://t.co/hagn2d4jyS,0
6136,hailstorm,What does quoted replies do? What is it’s function?,0
6158,harm,That's why we never had a movement that normalizes suicidal tendencies and self… https://t.co/n3b9CfYJZJ,0
6168,harm,Interesting to calculate which group has caused most harm to human beings since 2010 a) extinction rebellion b) home of…,0
6180,harm,"Yeah, absolutely. And it’s a disturbing trend for teenagers to be increasingly exposed to the physica… https://t.co/ipW8z48Hvb",0
6186,harm,I’d be a lot more concerned about uncle Andrew and his dead paedophile mate and the har… https://t.co/6QR6AwUSCM,0
6192,harm,Brexit certainty fills the UK's exporters with a new determination. Certain that remaini… https://t.co/A5H3iUbA4m,0
6206,hazard,It's an occupational hazard. They must be ready for it.big ups to #ShowbizAgenda #Abor…,0
6209,hazard,"""Politicians have taken away our right to protect ourselves.” Blue Mountains resident fought for permission for two and…",0
6210,hazard,- Mourinho with managerial masterclass - Costa deadly in the box - Fabregas with numerous assists - Ivanovic with monste…,0
6218,hazard,See how close you get to hazard with the ugprades,0
6257,hazardous,"Melbourne joins Sydney, Canberra and hundreds of regional towns having hazardous air quality Wonder who the climate denie…",1
6263,hazardous,The #airquality in Melbourne is hazardous today due to the bushfires. The advises Melburnians should try…,1
6266,hazardous,"Further on this, I have received a little respiratory physiology tutorial explaining just how bad it is to expect e… https://t.co/IhkgDBcSla",0
6267,hazardous,Outrageous that tennis players were made to play when air quality conditions are rated between very poor &amp; hazardous. HAZARDO…,0
6290,hazardous,"44/ As I said at the top, these soil behaviors only happen if you include the hazardous dust mixed in the soil simu… https://t.co/ndQ7kGPLQ0",0
6300,hazardous,Masks should be prepared if you don't want to face hazardous circumstances.,0
6302,hazardous,A few years ago I moved back to Melbourne from Seoul because the air pollution was making me sick. Today the air is ‘h…,0
6307,hazardous,Can... We... Please... Stop... Calling... It... SMOKE HAZE... It’s HAZARDOUS AIR... &amp; it’s inflicting multi generatio…,0
6312,hazardous,The 'hazardous' air level due to the #bushfires in #Australia makes impossible to continue a match.… https://t.co/Po6AS1SwDp,1
6323,heat%20wave,Oshey! Heat wave 😒😒😒😒 Ps: IFB https://t.co/XnfQqB875J,0
6335,heat%20wave,"had some baby pigeons in eggs during our heatwave, and was sure they were goners. W… https://t.co/5NUSe820Xp",0
6338,heat%20wave,I can feel the heat wave! Harmattan is over,0
6340,heat%20wave,"I’m loving this heat wave of 10 degrees in Anchorage, AK. I even drove around with my windows rolled down. Yes, 10… https://t.co/5PWZOeYK4a",0
6344,heat%20wave,heat wave | 📎 https://t.co/iYyS949Lgz https://t.co/kllagaVGtd,0
6349,heat%20wave,"Bihar District Magistrate issued an order to close schools for ""heat wave."" In winter. Read: https://t.co/LXW1JF0TAW…",1
6352,heat%20wave,Next week boutta hit like a heat wave,0
6357,heat%20wave,You’re obviously in an echo chamber with all your right wing mates. Must be nice… https://t.co/rdq5DJzFU8,0
6366,heat%20wave,"talking heat wave, today’s high was 81 here 😆",0
6372,hellfire,This paragraph tells you all you need to know about this non-story. They get fired up over the use of… https://t.co/uNwVQXi0Cs,0
6378,hellfire,"Take a closer look at Benjamin Franklin, his involvement in the Hellfire Club, and the dozens of corpses later discove…",0
6381,hellfire,"Take a closer look at Benjamin Franklin, his involvement in the Hellfire Club, and the dozens of corpses later disc… https://t.co/UoEAXKvKIR",0
6387,hellfire,⚜️ LATEST UPDATE ⚜️ New Hero Painted Skin for Irithel - Hellfire [Ice Spike] is now Available in Shop. 🔻 Mobile Le… https://t.co/pvisjkG5rA,0
6389,hellfire,NowPlaying Sasquatch - Listen https://t.co/Fr6XHLhZ5h hosted by DJ Greenguy and DJ King Assassin 08:05,0
6396,hellfire,"Ya Allah, forgive my brothers &amp; sisters for their sins &amp; save them from the hellfire, the trials of this life &amp; punishment…",0
6426,hijack,not to hijack this tweet for my own purposes but... kim sunggyu the live. now. https://t.co/RlLPO7XtiG,0
6434,hijack,No stop! Before you hijack all the Doctors. We gonna need them come Saturday to resuscitate…,0
6450,hijack,I don't know where most people under this tweet hear or see Agbero vote before .. Tinubu have never encourage Agber… https://t.co/EKV7CUjqrd,0
6458,hijack,Him: I can hijack a plane for you Her: You can't hijack even the small things around you Him: https://t.co/HIh7YrklP8,0
6459,hijacker,That whole hijacker thing though is a hoax. No Arabs are hijacking planes with box cutters. Never happened.,0
6500,hijacker,"“Other crimes may have victims, and yet [Lex Talionis] offers no advice about their punishment. What to do with a h… https://t.co/ewnIGNsIiR",0
6501,hijacker,"John Brennan, the guy who signed the Saudi 9/11 Hijacker Passports into the US so they could rece…",0
6515,hijacking,"There is a dark state persisting in our country, hijacking the majority religion and playing w… https://t.co/NGSz3KjgMJ",0
6524,hijacking,Not OK: Racists cynically market hate by hijacking mainstream symbolism https://t.co/IrKGuJ9SG9,0
6525,hijacking,"I won’t lie, Roodepoort hijacking’s are different. All those niggas need is 3 minutes https://t.co/blYVEIzNIy",0
6552,hijacking,"Along w/ the US Treas Dept taking the people's money and manipulating up the stock market, the Fed hija…",0
6559,hostage,"US, China cannot sign a long term trade deal and bury the hatchet unless the Trump administration asks Canada to free comp…",0
6561,hostage,Listen to Danrell x Småland - Hostage by HIGH ON MUSIC #SoundCloud https://t.co/eQQkeGeH3i,0
6571,hostage,What's Jamia even protesting about? 4 pieces of proof you must watch on tonight’s Agenda. Why hold campuses hostage? Is it pr…,0
6572,hostage,"We Iranians are held hostage to the Islamic Republic #irAn, the terrorist father of the #world. But the #terrorist… https://t.co/ZdTMqxCeu5",0
6578,hostage,"In his address...Nigusu Tilahun didn't mention how the government had found the students, who had kidnapped them, what men…",0
6579,hostage,"""Will she ever get home?"" Richard Ratcliffe's wife Nazanin Zaghari-Ratcliffe has been in prison in Iran since 2016. H…",1
6598,hostage,The US is a proxy for the Rothschild banking cartel. How else could they block Iraq's accounts? https://t.co/rOAD3GVBzx U…,0
6599,hostage,The US and UK are now full-blown terrorist states holding a journalist hostage. https://t.co/UAi3C8JyFR,0
6605,hostage,This chat is boring. Is Sipho being held hostage? Isn’t he a grown ass man with free will? The problem is Sipho wan… https://t.co/16jMikmzE0,0
6615,hostage,"All true, but the ALP is also hostage to many of the same denialist forces and vested interes… https://t.co/EAe9BA8U6U",0
6622,hostage,From CTmagazine: RT FrAustinMurphy: This is the story that the earlier quote was from. This pastor used his hostage… https://t.co/2fMUVj1rl0,0
6626,hostage,"Trump wants to take away your health care, writes, ""but he doesn’t want you to see him doing it until the elec…",0
6633,hostage,The Catalan MEPs Puigdemont and arriving to the European Parliament in Strasbourg. But Spanish justice…,0
6642,hostages,"Watch ""Hostages"" series on Netflix, Session 1 the best Session 2 somewhat best Learned one more thing Hebrew are w… https://t.co/upMbRo8Kt6",0
6643,hostages,In my homebrew there is a bounty hunter he and his coworkers went to the witches quarter to help save a… https://t.co/rWnhbt74IW,0
6645,hostages,"72 hours later, the whereabouts of any of the supposedly freed students haven't been revealed. None of the families… https://t.co/MV569iGxrG",1
6679,hostages,I bet it did watching a peanut farmer trying to gain the release of… https://t.co/nxik5xUGu7,0
6686,hostages,Young babies taken away from their nursing moms 2 be hostages for rest of their lifes #BABYKILLERS #SOULEATERS https://…,1
6687,hostages,"My colourised footage of the British Pathé film ""Guerilla Warfare In Ireland (1922)"" which shows the treatment of hostages…",1
6690,hostages,It is hard to imagine that no hostages ever fainted in that situation,0
6705,hurricane,"Trump says there was an imminent threat, but there wasn’t. Trump said Alabama was in the path of Hurricane Dorian, but…",0
6707,hurricane,"Good. I slept through the 1987 hurricane, opened my front door the following morning and wondered w… https://t.co/UFawZpoksx",0
6713,hurricane,"First the hurricane, now the earthquakes. Disaster capitalism and how it functions in the cultural sector. https://t.co/x65…",0
6725,hurricane,. Playlist: Neil Young &amp; Crazy Horse—Like A Hurricane [Live]. Streaming at https://t.co/nwsz5mQoMl,0
6726,hurricane,The Flood Advisory continues for The Duck River Near Hurricane Mills * Until this afternoon. * At 2 AM Tuesday th… https://t.co/qCWIIGoHjx,0
6728,hurricane,"Bogus, Dem-funded Steele dossier was lone FBI source used to launch Trump conspiracy probe - https://t.co/E9VqRMHmzi",0
6729,hurricane,Jill the squirrel can't be without her teddy bear following rescue from a hurricane. Traumatized humans deserve the same c…,1
6731,hurricane,"In the wake of Hurricane Harvey, grew its volunteer base from 8 to over 83,000 to rebuild Houston -- u… https://t.co/Q5KCyXoYIq",1
6735,hurricane,"Reasons to be excited about 2020, part 4: 's translation of Fernanda Melchor's HURRICANE SEASON is co… https://t.co/szB2fu6c6b",0
6741,hurricane,But but: a hurricane is also a spiral!,0
6744,hurricane,":) it wasn't me!! The US has been doing this for a while, I think they're called various… https://t.co/RT5twuSVv8",0
6747,hurricane,***MAJOR ANNOUNCEMENT*** The Producers at Rockfest Concerts are proud to announce their collaboration with The City of…,0
6763,injured,"Lovren, Shaqiri, Keita have all been injured at certain points and their replacements have come in an… https://t.co/KCZeH521Gj",1
6787,injured,Colorado police arrest suspect after 8 injured in apparent ‘random’ stabbing – National https://t.co/rD4WpnroQf,1
6791,injured,"A child, little Richard Clarke, 7 years old, was murdered on 14th January, by a bomb placed in a ventilator and a lady was in…",1
6801,injuries,🚨 FIVE TO FOLLOW: 🏏 🏏 🏏 Audition tape for and 20/20 match next week. If there are any last minute injuries…,0
6814,injuries,"and some players are not up to scratch John Stones, Mendy for me haven't been good enough this season… https://t.co/L2w1GzgoV6",0
6815,injuries,North East Wales Search and Rescue lower mountain biker with multiple injuries 100m down muddy forest slope to safe… https://t.co/m1O2RwC7xu,1
6826,injuries,We need options for rotation it’s the reason we got some injuries lack of rotation,0
6829,injuries,Angkas once again suffering from back injuries for carrying the Ph government https://t.co/TzCr3sUjEo,1
6833,injuries,"Gonna say it again, there's plenty of talent on this squad and there's nothing I want more than winning basketball I…",0
6839,injuries,I hope today finds you recovering from your injuries.,0
6846,injuries,Are you interested in a career in healthcare? A career as a paramedic could suit you! Paramedics provide an immediate r…,0
6850,injury,Anyone who can't see this team is special hasn't been watching basketball... Dan I tol… https://t.co/ntT5mzavMV,0
6854,injury,Suarez’s injury is a blessing in disguise for Setien. He’s not forced to start Suarez every game subsequently giving Fati…,1
6883,injury,"Huge news for #LFC - Fabinho is back, could be involved v Man U on Sunday...and will start in the FA Cup the following w…",0
6884,injury,Basic research on aquarium fish can help spinal cord injury. Professor Abdel El Manira at Karolinska Institutet is… https://t.co/28ZUV55gt8,0
6885,injury,"I wish injury on no man, but coach always said Eyes to the Sky!!! Keep your head up while your tackling kids!!",0
6924,inundated,"We need a man only thread here for us women.....sexy smiles, stuble, beards, muscles, dad bods. Go! 👀 (Dick pics blocked) B…",0
6928,inundated,Seeing people hate Black women for no other reason than our existence is exhausting &amp; takes a toll. I feel physically i…,0
6931,inundated,"Texas Governor Greg Abbott (R) is the first governor in the United States to halt refugee resettlement in his state, a m…",0
6934,inundated,It’s not just Australia that’s having a rough start to the new year. Indonesia’s sinking capital of Jakarta and the surro…,1
6943,inundated,"WHY. WHY isn’t this an explosive scandal. Yes, I know we’re all absolutely inundated, but this shoul… https://t.co/KJCJnFtLz0",0
6949,inundated,"Current utilities field #workforcemanagement is inundated with manual, disconnected processes that are less than optimal. With…",0
6964,inundated,Have you been completely inundated yet?,0
6965,inundated,It’s not just Australia — Indonesia is facing its own climate disaster. The sinking capital of Jakarta and the surrounding ar…,1
6969,inundated,"No, I still do, I just don't talk about it very much on here because me DM's got inundated by people trying to sell me picks.",0
6980,inundation,Surely spiders don't generally have any problems with water? Actually many arthropods hav… https://t.co/KlTgpnKlXs,0
6984,inundation,"I'll add that irresponsibility didn't begin in 1630. It began (at least) in 2005, upon EPA studie… https://t.co/OkSJkhtIfy",0
6992,inundation,Sweetly remembered echoes fade with chronological inundation. Nostalgia is falling from the highest precipice and being…,0
6995,inundation,https://t.co/UZD3LBxir8 Del Puerto Cyn is the 3rd most diverse birding spot in all of Stanislaus County. And now a… https://t.co/EJlr6iAgpS,0
7004,inundation,John McHenry long time #WRFHydro community member presenting on flood inundation case study for hurricane Florence… https://t.co/7T4TenrZMl,0
7009,inundation,#StormBrendan weather may combine with high spring tides to cause coastal flooding inundation and wave overtopping… https://t.co/LAUj7ZRhdQ,1
7020,inundation,Which one wins--Christine McVie's Dickinsonian idiom of choice vs. inundation; or Stevie Nicks's vernacular of spel… https://t.co/d5tdpizICf,0
7025,inundation,The ending of FOM is a gain in itself. The inundation of the UK by EU member state immigrants may n… https://t.co/uattVqSdLw,0
7046,inundation,“The new normal” slogan suggests climate change is done. So get used to what it is now. If the LNP truely believed… https://t.co/0YMpC7Suvp,0
7055,landslide,We wanted to entertain you all with a good movie on Sankranthi festival. And you gave us a Landslide Victory as return…,0
7058,landslide,"Whether it’s on the streets of #HongKong, the landslide victory of an anti-China candidate in #Taiwan, or the anti-regim…",0
7067,landslide,"4 years in control of Labour Party, growing to biggest party in Europe. Winning two leadership elections by a landslide. 1…",0
7072,landslide,#WhatIllWatchOverAndOverAgain And Over And Over And Over Again!!! The Poster Child Of The Liberals! Can You Trigger A…,0
7076,landslide,It's about time Sir Paul B began raising serious points about… https://t.co/gXNEScaQoW,0
7078,landslide,"Death toll jumps to 35 across Pakistan as rain triggers landslide, avalanches https://t.co/OyPtvd0Ewj",1
7080,landslide,In your dreams. and the will win 2020 I. The biggest landslide ever. …,0
7085,lava,VIDEO: Volcano in the Galapagos erupts. Lava and smoke belches out of a volcano on Fernandina island in the Galapagos. Althoug…,1
7091,lava,"The island is home to a number of species, including iguanas, penguins, flightless cormorants and rats. https://t.co/YatZQSIK4u",0
7096,lava,Tune Hotter Than Lava 🔥🙆🏾‍♂️ #More Produced By The Original BeatGod #20PLENTY https://t.co/Q3eJ5iBBCT,0
7099,lava,Alofa Anna! Will definitely let our team know. Fa’afetai tele lava ❤️,0
7113,lightning,I was once roping someone down a steep bit on Sgurr nan Gillean when my beard and hairs on my arm s… https://t.co/6yIAnWm2ae,0
7116,lightning,Yesterday’s lightning and thunderstorms turned everyone here into born again😂 not that it’s funny but people prayed in to…,1
7131,lightning,"We’re ready at the Flagship Microsoft store London too! Come and join us for lightning workshops, Minecraft:Education edition ta…",0
7137,lightning,OpenNode has processed over 118k Lightning Transactions. That's less ~28MB on the Bitcoin Blockchain via /r/Bitcoin https://t.co/9H2pSwEiYA,0
7152,lightning,This team is better and built from the ground up for sustained success. 2012 caught lightning in a bottle…,0
7154,lightning,"Some manufacturers have done it: notably Energica, Lightning, Harley Davidson, using CCS… https://t.co/8JZulTQZXY",0
7159,lightning,We love lightning ⚡️,0
7163,lightning,Lightning Sprint!⚡️ How FAST can you create a Lightning invoice? -RT AND TAG 1 LIGHTNING BUDDY! -REPLY with an invoice for…,0
7169,loud%20bang,"I think her ""biz savvy"" &amp; deceit about 2 blow in her face with a loud bang. https://t.co/mHatNZXokX… https://t.co/dbmvFUMABf",0
7179,loud%20bang,"It happens! Sometimes while deeply asleep, someone/something taps you, you know you're alone in the ro… https://t.co/795ucMO6sp",0
7182,loud%20bang,"Now, it's possible that sometimes, the banging wasn't quite loud… https://t.co/gvHCg76C08",0
7196,loud%20bang,"[middle of the night] lwj: *trying to get wwx's attention by throwing rocks at his window from the lawn* wwx, via tex…",0
7208,loud%20bang,Same! It was the lightening that scared me just a massive flash followed by such a loud thunder bang. Crapped myself,0
7213,loud%20bang,This came on in my car. I TURNED IT UP. We need this right now. LOUD. Every SPEAKER. Quiet Riot - Bang Your Head (M… https://t.co/yG8K7VqgO4,0
7229,loud%20bang,"Cameras, which are illegal. In the Astros’ case, they stole signs from the catcher and sent the live vid… https://t.co/npIiKSA61C",0
7237,mass%20murder,Do you have a source for that? Like I shared earlier. I am hearing otherwise. If what I am hearing is true…,0
7244,mass%20murder,"To shoe or not to shoe, that is the question. 👞 In this case it was 100% right to shoe D…",0
7249,mass%20murder,Oh look the Justice Dept. is helping oil companies shake off climate lawsuits so our government is now officially an acc…,0
7251,mass%20murder,"Made in #China, do you know what else is made in China? Mass rape, concentration camps, murder, child abduction and bannin…",0
7258,mass%20murder,"Thank You Yogi ji? Like Seriously? Kis Baat ka Thank You? Thank You for All The Riots, Mass Murder of Muslims and… https://t.co/fms2mYYd4d",0
7260,mass%20murder,Our job is to offer a vision that one day human beings on this planet will live in a world where international conflicts…,0
7270,mass%20murder,"I'm not supporting the colony narrative but it is a bit more complicated than that, there was a sma… https://t.co/J8ZYIX9Oyj",0
7278,mass%20murder,-being a Republican for most of her life -defending the IDF’s acts of mass murder against the people of Gaza includ… https://t.co/rPSN0QlaCb,0
7279,mass%20murder,"If you fear overpopulation more than you fear mass murder, then you are probably #conservative. If you fear overpopulation of…",0
7283,mass%20murder,"""BJP leader threatens mass murder"" There, fixed the headline for you. https://t.co/VRhpI1CHAg",0
7287,mass%20murder,#Repost • • • • • • Politicians know gun control laws don't stop mass shooting(multiple murders) anymore…,0
7307,mass%20murder,"Do not repeat this: Iran mass murder. Thousands dead, vanished: organizer. https://t.co/yMlJWGF9Dt",0
7309,mass%20murder,. Kiev &amp; Ottawa should cooperate for the physical elimination of this evil Mullah soon is a success le… https://t.co/GIPmA7TRPX,0
7324,mass%20murderer,"Marivan, western #Iran Brave youths set fire to a large poster of the mullahs' IRGC Quds Force chief Qasem Soleimani, exp…",1
7341,mass%20murderer,Oh so Eminems a mass murderer who wants to fuk his mom? Do you hold rallies against Comed… https://t.co/uNQ3QnqO3W,0
7369,massacre,"The last time I was barred at an airport was 5 years ago, when Egypt prevented me from holding a press conference on the …",0
7375,massacre,The #Kharqamar massacre occurred soon after opposition parties had included and in a meeting to discu…,1
7384,massacre,Grandson of the Terrorist Mastermind of the 1972 Munich Massacre is running for Congress in California. 1) How is he e…,0
7387,mayhem,Busy dreaming all sorts of creative mayhem for this year.I think I need a proper job soon to stop my head leaking i… https://t.co/wCFNuUFgwE,0
7394,mayhem,Protein Twitter we need oranges 🍊 #ImpeachTrumpAgain #Impeach45Shakes 🥤 or a protein bar to lock 🔒 him up…,0
7399,mayhem,What I’d do to relive the evening of the 7th of August 2019. Absolute mayhem. https://t.co/pP6NLARgVc,0
7423,mayhem,Monday Resistor Mayhem 4 …,0
7424,mayhem,I have questions 🤔😆,0
7429,mayhem,"Frank, then why do you need to read Dr Curry’s stuff? You already know it’s a hoax.",0
7430,mayhem,Sometimes freelancer work on studio for some productions.. And some animators works on freelance.. Stupid,0
7435,meltdown,"For anyone doubting the efficacy of the Magnitsky Act, please read this Manila Times piece about the meltdown of Philippin…",0
7449,meltdown,its 4am n ima have a cix meltdown,0
7458,meltdown,"Even after 2 days of media rumours putting my phone in absolute meltdown , I genuinely never thought I’d see this stat…",0
7462,meltdown,not even that far into uni and im already having a mental meltdown im so fucked for the sem,0
7477,military,"""The U.S. military is spending more than $4.5 million to develop facial recognition technology that reads the patte… https://t.co/Z40rNfxMkR",0
7478,military,"Russia's military intelligence unit carried out a successful phishing campaign targeting Burisma, the Ukrainian gas company wh…",1
7481,military,Army IDs Two Paratroopers Killed by Roadside Bomb in Afghanistan | https://t.co/eug1zOy1lJ https://t.co/lujCwMUtcD,1
7487,military,One thing that warlord actual at DARC and I definitely agree on is that there are a lot of simps in the gun/military w…,0
7493,military,Check out what I found. JAPAN WWII Military Wuhu Wharf picture postcard CENTRAL CHINA WW2 https://t.co/esY288oxKc via,0
7501,military,Hundreds Of People Have Taken The Streets In The Capital Of Mali To Protest Against The Presence Of French Troops In T…,1
7526,military,Economic pressure. Diplomatic isolation. Military deterrence. These are the pillars of the U.S. campaign to confront the Ira…,0
7546,mudslide,Why is grocery shopping so hard? I'm in the ice cream aisle and I suddenly don't know what one I want. Who wants a… https://t.co/KHSTDAj0kb,0
7555,mudslide,ROAD CLOSURE: Reiter Rd is closed about 2 miles east of May Creek Rd for a mudslide that is fully blocking the road… https://t.co/QIhVpf5h5e,1
7556,mudslide,Simply minty and fresh. Try this delicious Keto-Friendly Peppermint Mudslide and get ready for the holidays! 🍭 https://t.co/jBDdEvPd2s,0
7557,mudslide,This started in the late 80s when environmental groups successfully lobbied that species were endangered a…,0
7567,mudslide,"Do you know lahar or mudslide? Also, may incoming weather disturbance if you're just checking facts https://t.co/GSp32DYkJZ",0
7568,mudslide,mudslide....is possible.,0
7574,mudslide,"Living in denial I never thought we will go round Kenya campaign against Rtd Raila Odinga, mudslide the ODM Leader… https://t.co/EvJsjI0yQ4",0
7575,mudslide,Mudslide - the blue tones,0
7579,mudslide,Crews are planning to build a bridge for cyclists and pedestrians near the trail. https://t.co/Fp4Yrp33L1,0
7587,mudslide,Hey #Trumppets🎺 #Impeached45 Didn't win by a landslide in 2016. #Impotus45 will not win by a MUDSLIDE i… https://t.co/xnACa6yRO0,0
7595,mudslide,Crews are planning to build a bridge for cyclists and pedestrians near the trail. https://t.co/JHGA5gOtmr,0
7596,mudslide,Mudslide closes Kailua-bound lane of Pali Highway Honolulu Star-Advertiser https://t.co/1RwBtzLmJR,1
7602,natural%20disaster,"#MaineMendoza is using her influence for a good cause: information dissemination in this time of natural disaster.., thank y…",0
7603,natural%20disaster,Hey Anne Jesus was not a refugee (a person who has been forced to leave their country in order to escape w…,0
7608,natural%20disaster,"To the fan's post, #BTSV took some time to write a sincere comment, showing his deepest concern over the natural disast…",0
7622,natural%20disaster,Kind wishes to the badly flood-struck people of #Sistan and #Baluchistan provinces of #Iran. We are experie… https://t.co/oO4WDuClX8,1
7627,nuclear%20disaster,The PM is accurate.Trump pulling out of the JCPOA started this disaster. He pulled out because Oba…,0
7628,nuclear%20disaster,Fukushima nuclear disaster evacuation zone now teems with wildlife https://t.co/IRYE3KHP5u via,0
7643,nuclear%20disaster,"Using thermal technology, Giles Price photographs the aftermath of the Fukushima nuclear disaster https://t.co/ZsIwq4pjVk",1
7649,nuclear%20disaster,Don’t forget that part of that is nuclear powered cruise missiles that create a nuclear disaster on ev… https://t.co/OVRvzeESeq,1
7663,nuclear%20disaster,Nuclear Disaster Part 2 https://t.co/8TX9Bap6og,0
7684,nuclear%20disaster,"This is exactly how every movie about a nuclear disaster begins... Don’t panic, though. (Oh, and, if you want more infor…",0
7688,nuclear%20disaster,Return to Fukushima: Inside ground zero nearly nine years after nuclear disaster https://t.co/o7uWEdwFMW,1
7689,nuclear%20disaster,I checked to see if he made a statement about the #nuclear power plant warning this we… https://t.co/ansO8PiVqn,0
7690,nuclear%20disaster,"“Environmentalists”? No. Germany closed nuclear down, replaced it with… https://t.co/F3Tb9PXi6C",0
7691,nuclear%20disaster,This Presidency is the political equivalent to the Chernobyl nuclear disaster. The fallout is extensive and far reaching. A…,0
7692,nuclear%20disaster,"As Japan gears up to host the Olympics in Tokyo later this year, less than 200 miles away, got rare access…",0
7699,nuclear%20reactor,Only for 15 years... and then ? We let them have nuclear bomb ?! Have you seen how they control the sa… https://t.co/r59iyyyt5c,0
7728,nuclear%20reactor,Sitting here thinking about the time my grandfather wrote a book on nuclear reactor safety and then blurbed himself… https://t.co/KVX3azx4NC,0
7755,obliterate,"i’d love to see emilia in period films, she would KILL it, SMASH it, OBLITERATE it. https://t.co/8WMYl0AKpq",0
7758,obliterate,I've concluded that the one and only reason the mx and skz raplines haven't done a collab is because it would absol… https://t.co/YyZREsmBDu,0
7760,obliterate,#Ocean Mining Robots We will obliterate ocean life - to save the decaying capitalist system. #FouthIndustrialRevol…,0
7766,obliterate,obliterate this one https://t.co/WiTvZ0RDIb,0
7768,obliterate,The liberal project is to tear down &amp; remake America into a Socialist paradise. Liberals only study US… https://t.co/1tihZk3WlC,0
7782,obliterate,panels that obliterate stone ocean fans https://t.co/nH1E87D7ae,0
7787,obliterate,Obliterate him,0
7788,obliterate,My brother will fall beneath my feet and cower in fear as I obliterate him with this combo!,0
7790,obliterate,killugon about to k!ll: rock paper scissors for who gets to obliterate these chimera ants first! https://t.co/miudRFLquy,0
7794,obliterate,‘President’ claimed she would obliterate Iran if they attacked U.S. https://t.co/ZGUyR4ziTD,1
7796,obliterate,Gather strength from life's storms. With the new day comes new strength and new thoughts. Every wall i… https://t.co/pe7XflpT5G,0
7797,obliterate,It is often said recently by these proletarians to the… https://t.co/1pEHmsV8JP,0
7809,obliterate,"Head away from the sun for the count of seven. Recurrently, one could all equip and try squash, if the… https://t.co/X8LhRrBcl0",0
7813,obliterate,I posted a picture of my joe tea today on my private snapchat story with the caption “whos joe” and only one person… https://t.co/Iwd0Iz8GbI,0
7815,obliterate,oh yea? youre a taegist and dont like the obliterate the twink agenda? what else dont you like? gender equality?,0
7819,obliterate,"Explore the first alley you meet for fifteen minutes. When you leave, turn right. Through the rabbit h… https://t.co/dfYz2PkZcU",0
7833,obliterate,"You crush them and you crush them without mercy because once they turn 10, they will absolutely obliterate you.",0
7839,obliterated,i want that twink obliterated,0
7840,obliterated,"About 17, when Mickey Rourke didn’t win for THE WRESTLER. The Academy completely scuppered his comeback by giving the aw…",0
7851,obliterated,whoah that actually a great idea and I rly wanna see how crazy players might be creating som… https://t.co/LHKd7MiYxx,0
7862,obliterated,"// which reminds me that my fan art highlight was obliterated in the great instagram fuck-up of 2019, so i need to… https://t.co/y29DeH4n6X",0
7880,obliterated,Prepare to be obliterated,0
7882,obliterated,"Fair but they didn't need to throw, they had Gore, Portis and McGahee as a Frosh. The 2000 Hurricanes… https://t.co/kO43FSoDBg",0
7885,obliterated,Only fascist Dems would deprive someone of their Twitter mouthpiece in the absence of a court order. No… https://t.co/dyFPqAahId,0
7893,obliteration,'Oracle Obliteration' Well I decided to quickly make a new Histoire panorama before heading to sleep. I think the camera…,0
7901,obliteration,“It wasn’t long before the obliteration of memory – and with it any trace of principle she might once have had – came to t…,0
7903,obliteration,"Yes. I’m a writer; EVERY word is precious. I’m willing to lose none of them to obliteration of meaning, least of all “…",0
7904,oil%20spill,University of Ensure to Show About Marijuana: An early booking did not even use of BP Oil Spill Trashed More than most popular,0
7925,oil%20spill,Nearly a decade of BP-funded research has uncovered potential health effects resulting from the Deepwater Horizon oil spill…,0
7926,oil%20spill,Pierre ! Cutting red tape means cutting safety measures- in rail transportation! Lac Meg… https://t.co/k2fnxRfCGE,0
7931,oil%20spill,Trumps Presidency =2024 Oil spill in Alaska has resulted in the pos… https://t.co/VFThhlnf8f,1
7936,oil%20spill,🇮🇳 India Myanmar 🇲🇲 || Coast Guard Cooperation || Two Ships INCG Sujay &amp; INCG Sarojini are in Ya… https://t.co/3LKGYiMfTq,0
7949,oil%20spill,"The oil spill bursts 2 flame at Athony oil facility, Aliiny County, Ruweng State. The oil spillage &amp; subsequent burnin…",1
7951,oil%20spill,🧜🏻‍♀️ 💅🏻 very pretty I Just ordered an oil spill color and I can’t wait to use it.,0
7969,oil%20spill,All hands were on deck during our oil spill cleanup simulation in Science of Technology today. … https://t.co/oBuFBVSqo3,0
7976,outbreak,"Just a few weeks back we were shocked with a new case of polio and two more new cases this week (the last one was in 1992!),…",1
7979,outbreak,"Never-before-seen virus in China outbreak kills one, spreads to Thailand https://t.co/LjKIncs0YA #tech",1
7982,outbreak,3. Influenza in Malaysia is under control. Always take preventive measures. 4. KKM launched Speak out: Express Your Righ…,0
7992,outbreak,"Hi, since there is an influenza outbreak in kl, and if anyone is suspected with influenza, i hope you guys stay at home,…",1
7999,outbreak,Disease outbreak news from the WHO: https://t.co/lPQHJnOyvv,0
8001,outbreak,Disease outbreak news from the WHO: https://t.co/HIv0EeAzHy,0
8005,outbreak,The Canadian food executive who blamed Trump for the Iran shooting down a plane killing 176 apologized in 2008 for a l…,0
8008,outbreak,How do we get people to vaccinate? -Have (create) an outbreak then use fear We are being heavily manipulated by some…,0
8012,outbreak,He Greta you might want to raise the issue of locust outbreak in the southern part of Pakistan. Locu… https://t.co/kWZnLrlSnA,1
8019,pandemonium,"Sehun really keeps us sane, I mean after the whole pandemonium yesterday. He posted on his IG today commenting on weather…",0
8023,pandemonium,What is this pandemonium? https://t.co/WPzRDlRPYX,0
8025,pandemonium,However you want to put it.....! 😂😂😂,0
8036,pandemonium,See what I mean??? 😂😂😂😂moist !!,0
8038,pandemonium,Dumb runny nose.,0
8046,pandemonium,"pandemonium:大混乱、地獄 My mind was a blithering gush, a pandemonium of rhapsodic thoughts. (Moon Palace) 僕の心は熱狂的な思想が激しく溢れかえった地獄のようだった。",0
8050,panic,This rant about dramatic ocean warming fails to mention that last year the temperature was 0.075C higher than th…,0
8052,panic,"On this date January 13 in 2018, a false emergency alert warning of an impending missile strike in Hawaii caused wides…",1
8061,panic,"So, a Co-Incidence is the combining of Rays of Light/Incidences? Like WWG1WGA? Co…",0
8080,panic,Two hours intense exam this morning. Don’t. Panic.,0
8081,panic,"Old but gold...satzu moments.. jealous, persuasive,gay panic.. everything is there.. #satzu https://t.co/ssEIu0olCB",0
8092,panic,1st panic attack in months 😞,0
8094,panic,"""In case u need to hear this today: U aren't less of a person because u have panic attacks. U aren't less of a person becaus…",0
8119,panicking,me: *trying to buy pcs for soondingie awoj* also me: *panicking cos nac-cutean din ako sa pcs* HELP,0
8138,panicking,"Tw/ food Character A *beaming*: Hey, B, I made you cookies! Character B, suspiciously: What's in them? Charact… https://t.co/9gbQJUzVWY",0
8150,panicking,"OK SO WTF OUR TWO DOGS ARE BARKING AT SOMETHING AND NO ONE'S THERE SKSKSKKS IM SCARED AND ALSO IM ALONE HERE,, IM PANICKING NOW",1
8163,panicking,Honestly iMFUCKINT PANICKING OVER INFO FOR NOTHING IT FEEKS LIKE I DIDNT STUDY SHIT AND I DIDNTVEVEN SLEWP AND ITS MAKING PA…,0
8165,police,onion on the phone w police like https://t.co/Ru5zIXB9Cm,0
8172,police,if Sam Presti calls you asking to trade for one of your young players hang up immediately and sign him to an extension or…,0
8194,police,Should #police have backdoor access to your #smartphone? https://t.co/iNFpaJly6w,0
8201,police,#CourierFraud Nationally nearly two thirds of courier fraud victims were women over 75 Here's how you can beat the courier f…,0
8216,police,"Dear Saab, The Jama Masjid is not in Pakistan, says the Delhi High Court. Sir Ji, this is a moment of monumental…",0
8219,police,Do I need to provide the evidence of how a police man at Jakande police station Lekki extorted 5k from me?,0
8224,police,Workers MUST not agree for the comprehensive health insurance to be withdrawn from NHIF. Truth is that there is no private in…,0
8234,quarantine,Quarantine officials are facing criticism for allegedly causing damage to the Imjin River ecosystem by spreading a… https://t.co/JNkD670o9O,0
8292,quarantined,Victims of the anomaly are kept in a quarantined medical bay where they receive careful treatment. All four victims…,1
8295,quarantined,Chinese woman with mystery virus quarantined in Thailand https://t.co/iPVqSPGdXk,1
8296,quarantined,Sorry. You're quarantined now,0
8300,quarantined,Chinese woman quarantined in Thailand is diagnosed with same mystery virus that has killed one person and infected dozens i…,1
8301,quarantined,"And tell them if they get mc and must be quarantined, they should stay at home &amp; not go to work!!…",0
8317,quarantined,"By your logic, it should be a felony to knowingly spread any infectious disease… https://t.co/OwLgSy05tX",0
8333,quarantined,"im RAINBOW, evit has to keep me quarantined",0
8339,quarantined,"Chinese woman, 61, quarantined in Thailand is diagnosed with the same mystery virus that has killed one person in C… https://t.co/vrVScOl1Jm",1
8341,radiation%20emergency,You are correct. But you will be billed.... however if you h… https://t.co/A6BgOmNw5j,0
8342,radiation%20emergency,In case this happens again. And in case the radiation emergency isn’t a drill but the threat is real. Here’s a helpful we…,0
8349,radiation%20emergency,This was the actual report about a Nuclear Emergency warning sent out in error From Pickering Nuclear Power plant t… https://t.co/ZwgWG1mC9l,1
8354,radiation%20emergency,Meanwhile in The Shawa after today's emergency alert #PickeringNuclearStation #radiation https://t.co/pn3jzVhuV3,0
8356,radiation%20emergency,Shudder. What I get from this 2016 piece is the radiation emergency plan encompasses little mo… https://t.co/6GCgz7mpxY,0
8366,radiation%20emergency,Emergency crews are responding to an unspecified incident at the Pickering plant. No abnormal radiation reported. https:/…,1
8370,radiation%20emergency,I received 2 emergency alerts while I was sleeping. The first said no radiation was released from a nuclear plant a… https://t.co/277NwyMb40,0
8375,rainstorm,"Biblical Literature And Life: During Unexpected Torrential Rainstorm And Whiping Winds, Lot Tries Frantically To C… https://t.co/742XiUSXO5",0
8379,rainstorm,"in my dream last night, there was this really cute girl who lived somewhere close to me and she had stars in her ey… https://t.co/uwd728dcVS",0
8387,razed,"Must 500,000 persons die &amp; whole villages razed before the , , can DO anything concrete on…",0
8396,razed,"A fire outbreak has razed down 39 shops, ravaging furniture worth over N21 million at Kugbo furniture market in Abu… https://t.co/toVztjNMB9",1
8401,razed,"CAVAN HOGUE on Iran — The Trumpet shall sound, and we shall be razed! https://t.co/bHz3j2lPpD via",0
8408,razed,Today’s SCMP backpage: 11 million hectares have been razed by the Australian 🔥 #bushfiresAustralia #bushfirecrisis… https://t.co/5QHFzmIb6o,1
8424,razed,Entire planetary systems born and razed in the time that it takes your mortal hearts to beat once. #calbot,0
8436,razed,We should’ve razed every plantation house and redistributed the land,0
8438,razed,😂 get to baking! The new sparrow has some pretty neat animations,0
8442,razed,In 70 CE Titus the son of the Roman Emperor Vespasian laid siege and sacked Jerusalem and razed the Jewish temple t… https://t.co/Ihp9R9hx2N,1
8453,refugees,"UP becomes the first state to begin process for implementation of CAA Yes..! 40,000 Non-Muslims all set to get a New li…",1
8465,refugees,Isn’t he contradicting himself. The CAA law provides citizenship to refugee… https://t.co/neos87h97D,0
8472,refugees,"After Skardu fell to the Pakistanis and their Jihadi allies, the exultant Pakistanis sent a radio message boasting what they…",0
8477,refugees,Opinion: She moved to Texas for safety. Now the state wants to keep out refugees like her. https://t.co/Z6xta17yGB,0
8527,rescue,Please share this new video with your followers as this is the proper way to rescue dehydrated #koalas give them water…,0
8529,rescue,"Like many of you, we felt the need to do something to help Australia. For every RT this gets we’ll donate $0.50 to …",0
8534,rescue,"A little family to introduce today, Brussel and her kittens Sprout and Nutmeg. Mum is only young and the kittens are 6-7 m…",0
8537,rescue,Omolola's case is just one out of too many. I will appreciate it if can liaise with… https://t.co/uxoEzK7E9L,0
8538,rescue,realDonaldTrump: #CovFeFe #ShitFlingingOrangeMacaque Can you believe this jerk is our President? #StateOfTheUniom… https://t.co/E6s2Na8axP,0
8548,rescue,so thankful to you for coming up to the rescue as they are providing 20GB FREE STORAGE space so that we… https://t.co/O5LpQXIncH,0
8555,rescue,MARISKA IS SAFE!❤️🎉🎉 Thanks to &amp; Cleared Fur Takeoff Rescue Pledges to: https://t.co/8LHerAtUYV A massive than…,1
8556,rescue,Ambulance Robot City Rescue Android Gameplay https://t.co/O3QYUB6Usy via,0
8557,rescue,Roo was found by a member of the public as a new born lamb alone covered in afterbirth. He was whisked away to a wi… https://t.co/rjd7omweqC,1
8558,rescue,Our engineers from 2nd Engineer Regiment continue to help rescue and assist wildlife alongside the …,0
8562,rescued,Rescued Pit Bulls Save Owner's Life During Attempted Robbery https://t.co/lrvy7NpgNU,1
8563,rescued,Man rescued after withstanding 3 weeks in Alaskan wilderness following loss of his home and beloved dog to fire https://t.co/rx…,1
8564,rescued,Queen Hind: 180 rescued sheep arrive at new home in Romania https://t.co/DmnKcTz7ao #QueenHind #Romania #EndLive…,1
8570,rescued,Many animals have been rescued near the Taal volcano in the Philippines. but others have been abandoned 😢😢😢 by their owners…,1
8571,rescued,"gahd just looking at photos and videos of animals who died, are still stuck, or were rescued makes me want to bawl my eyes out 😭😭😭",0
8581,rescued,My tears just came out while watching this. Please help them. Animals have the right to be rescued too. #TaalVolcanoAshfall…,0
8585,rescued,"Just as firefighters are combating #bushfires in Australia, rescuing people and animals, 75 years ago our own national f…",0
8600,rescuers,Let's pray for the safety of everyone and for the rescuers. 🙏🙏🙏🙏 #TaalVolcano #TaalVolcanoEruption #TaalEruption https:/…,0
8603,rescuers,"Knowing the current situation in the places affected by the eruption of Taal Volcano, many fur babies have been left behin…",1
8618,rescuers,"What about fire ??If people pop out when they feel like it , they have to have some way of monitoring staf… https://t.co/lS57POiUF2",0
8623,rescuers,Dog rescuers are a great bunch of people! https://t.co/5MfgnGq65N https://t.co/HWm5a5Yv9n,0
8625,rescuers,This is so heartbreaking 😭 Guys there is a group of animal rescuers going to Taal—they are called SPAR. Please share and if…,0
8653,riot,"I can't be the only one that doesnt find MOST variety clips unimpressive Easy bounces, Almost ANYTHING involving W… https://t.co/QDihuxfXed",0
8655,riot,When Riot costs team game with unfortunate ult. #twitch #TwitchAffilate #SupportAllStreamers #SmallStreamersConnect #Suppo…,0
8661,riot,Looks like are going to be making more Tabletop Games - which we are excited about because we loved Mech… https://t.co/JswksGpGxM,0
8686,riot,And the people of London and all over the country gathered in peace to show that all we want and ST… https://t.co/J41sRyqGFG,0
8689,riot,Whether you're conservative or liberal best of luck in November. Peace! It's just my opinion. If you're conservativ… https://t.co/8deVRzPo6L,0
8690,riot,"📢 Today, any player that needs to update to a Riot Account will see a pop-up in-client preventing them from playing until…",0
8691,riot,"Fuck you you listen to those WITH MOST reports, fuck the contexts of the game. What's that I say curse w… https://t.co/8aiu6Zd8Yr",0
8697,riot,Draven need so much buffs but i kinda expect the legendary +2 ad meme buff from riot,0
8700,riot,Cant we the people who elected these useless idiots riot ir something,0
8705,rioting,"Don't be upset We have Jhutler who we can call Modern day Hitler.. 1) Hitler was dictator,…",0
8708,rioting,"What is that, like 6 times in as many months that massive rioting halted a major repressive or austerity measure? (Leb…",1
8735,rioting,How come so called educated people interpret things in such a foolish way? He didn't say CAA is bad for… https://t.co/GiM9yGvOfA,0
8744,rioting,If U get gangs of young Muslim men rioting in the streets U should use video recorder to prove they are violent ove… https://t.co/vLM1uGH05n,0
8747,rioting,Ummah before everything. 'Eminent intellectuals' ready to make the most ridiculous of claims to provide cover to th… https://t.co/Pl4WWAsdAb,0
8750,rioting,He has been facing trial for molestation and rioting and other criminal charges in connection with a controversial… https://t.co/wKnzRZgm7O,0
8754,rubble,At least 56 people dead in #Pakistani administered #Kashmir #NeelumValley after avalanches hit scores of houses. Au… https://t.co/LB4Gc6eT9f,1
8765,rubble,US troops clear rubble from Iraq base days after Iran strike Journalists touring the Ain al-Asad base saw large cra… https://t.co/LWg6lFZz7r,1
8784,rubble,Your way or no way huh! Get lost you pile of rubble,0
8786,rubble,Now our Earth is ruined; a wasteland of dirt and rubble. I can't help but take some of the blame for all of this.,0
8802,ruin,"ah i miss for timeless so much ;; all that i have now.. make gifs from my bonus cards i even don't put logo, can't ruin such…",0
8806,ruin,What better way to deliberately ruin a country for the benefit their multinational corporate masters than to promote their…,0
8809,ruin,You can really ruin your day by giving a fuck. I cannot give any more.,0
8837,sandstorm,what song is this DUDUDUDUDU Sandstorm,0
8839,sandstorm,The most underrated queen of them all #sandstorm #warriorcats https://t.co/gKt1sopfNd,0
8841,sandstorm,Iran Hit By Sandstorm &amp; Earthquake As They Plan To Attack Israel! https://t.co/msGAn4FBJG,1
8849,sandstorm,Tyranitar's sandstorm gonna destroy the whole team before they even get to the destination floor lol,0
8852,sandstorm,Firestar and Sandstorm art I did with 's designs 'cause I'm weak for this relationship https://t.co/u56kp6fIUQ,0
8864,sandstorm,The confetti at a #NationalChampionship game is nothing short of breath taking. Feels like an overwhelming sandstorm to…,0
8865,sandstorm,so interesting to learn that Little Women directed itself and Parasite didn't have any actors in it,0
8867,sandstorm,Mamamoo world tour PLSS!,0
8873,sandstorm,lol hold up -- they just aired a preview for the preview black widow is STILL dropping damn vormir is tall,0
8887,sandstorm,"And I still chant the words ""L-S-U"" during Sandstorm. #CLEMvsLSU",0
8904,screamed,remember when i screamed stray kids everywhere all around the world and eliz qian and shin where supposed to do it with me…,0
8918,screamed,"Everytime i see or hear somebody is called Christina i think about the time i bought a Nintendo card at a Spar, it didn't…",0
8922,screamed,NO WAIT SHUT THE FUCK UP I LITERALLY SCREAMED https://t.co/P0apJo2AHM,0
8923,screamed,My mum came out and she screamed so loud from shock then she was like it’s ok its ok bc she saw me historicallly cr… https://t.co/BMQQUdUgvc,0
8925,screamed,You forgot to forget You forgot to lament You forgot to not to get pissed off when n*ggas moved in Why'd you forget? How…,0
8928,screamed,i screamed https://t.co/ShY69gf1jB,0
8929,screamed,Those people who screamed justice for the non debuted finalists are now being very silent. Proofing that they don’t really…,0
8936,screamed,He screamed his head off and cry for bit after but bin fine!! Bless him. George was bit poorly with hi… https://t.co/6x27dB6P9L,0
8947,screamed,i literally screamed when i saw it,0
8952,screamed,so that's why you screamed at her like that jisoo HAHAHAHAHAHA https://t.co/CqbQpmBbVj,0
8955,screamed,"Everything I've ever screamed about in one beautiful thread. Thank You, Bravo! https://t.co/ODmw1LmZh3",0
8961,screaming,I'M SCREAMING HOW HAD I NOT SEEN THIS BEFORE https://t.co/cDp8is5xdy,0
8965,screaming,I’m screaming. He just wanted to know where baby girl was from. She turned into Kunta https://t.co/GK6G1nq5Oc,0
8979,screaming,where is those by9ers who plead for justice and kept on screaming justice for months? justice??? really???,0
8981,screaming,I’M SCREAMING WATCH THIS https://t.co/QBV6ANmwmI,0
8987,screaming,everyone always talks about sylvain being a youtuber but what about felix having a popular gaming channel and as he'…,0
8992,screaming,i’m so scared somebody was screaming for help in our dorms,1
8993,screaming,Get these mfs in the White House I’m screaming https://t.co/tU5YHiaQxI,0
8996,screaming,"Thank you, For coming to my dream, For hugging my tired soul, I wouldn't cry now but my soul is screaming, I miss… https://t.co/kD43gMMCct",0
9002,screaming,"90% of teenagers would cry if Justin Bieber was standing on top of a tower ready to jump, Retweet this If you are the 10%…",0
9003,screaming,I’m screaming 🤣 because that fasho sounds like you,0
9013,screaming,love is when you crying on the inside screaming fuck love,0
9020,screaming,Pov her screaming into her babies ears https://t.co/x1NE6oFiL7,0
9025,screams,"general grievous really wasn’t joking when he said to count dooku, “you expect victory over jedi, but all you give… https://t.co/oDhEcXo5n0",0
9048,screams,SCREAMS,0
9054,screams,SCREAMS,0
9055,screams,screams.,0
9059,screams,there’s this filipino word “umay” which is basically getting sick of something because something taste… https://t.co/yjHU27a7CJ,0
9062,screams,Who the hell screams “get away for me” while chasing someone? https://t.co/qmZfqR1Z1e,0
9067,screams,"Favorite line from Joker? I personally liked the one where Joker screams ""stop speaking that commie gobbledygook nonse…",0
9071,screams,SCREAMS!!!!!! NO WONDER THE ART STYLE IS SO FAMILIAR. GUAZI IS THE ARTIST!!! :O https://t.co/dBj8rnDfur,0
9074,seismic,#UOG🇯🇲RNS: CPR upgrades Jamaica Colibri prospect to 229million bbls 🔹High impact licence upgraded by CPR based on new 3D se…,0
9075,seismic,""" Watch therefore ,"" Mat24:42 ""For thus says the Lord of hosts: 'Once more (it is a little while) I will shake heaven and e…",0
9106,seismic,All 6 stations are now installed in Puerto Rico! I'm so proud of the work done by this field crew. Way to go 💪,0
9121,seismic,that's one thing you will only probably get once the seismic crisis is over and scienti… https://t.co/VzM2amVRCb,0
9128,seismic,"UPDATE, 14 JANUARY 2020 01:00 PM https://t.co/HPpU6nqqn4 “The intense seismic activity coupled with fissuring on the…",1
9129,seismic,"the first architect that came up w it: ""okay so we can't use brick because it's completely unsafe in a seismic regi… https://t.co/UfwjVjwPeo",0
9130,seismic,"$DMAN $0.019 Fastest Growing Disruptive Technology Detecting #Oil up to 40,000ft New Oil Leases/… https://t.co/D3mhfdsUHl",0
9135,seismic,Strong seismic movement detected at home. As much as 1.34 was detected 2020-01-14T05:57:59Z. https://t.co/fG4do8sGMP,1
9136,seismic,The Philippine Seismic Network recorded a total of forty-nine (49) volcanic earthquakes in the Taal region from 2:0… https://t.co/uAYizhtJ1I,1
9144,sinkhole,"Sinkhole swallows bus and passengers, killing at least 6 https://t.co/nZf9xQUFVI -Yale Fishman https://t.co/By8BcYDd8s",1
9150,sinkhole,Another sinkhole horror in #China. At least 6 dead after huge sinkhole swallows bus and pedestrians. Incidents like t…,1
9158,sinkhole,Video from the scene in Xining showed several people disappearing into the sinkhole https://t.co/6Mq1H4HEoq,1
9165,sinkhole,6 people found dead after sinkhole swallows public bus in Xining https://t.co/dQvLSbeGYR,1
9170,sinkhole,"BREAKING: Huge sinkhole swallows bus in northwest #China; at least 6 dead, 16 injured, and 4 missing https://t.co/jHp…",1
9171,sinkhole,At least six people were killed after a vast sinkhole opened under a bus in northwestern China. The moment the ground gave…,1
9173,sinkhole,"Enormous sinkhole swallows passers-by and a bus in northwest China. 15 injured, 10 still missing https://t.co/eFaA9mm0ko 📸 A bu…",1
9174,sinkhole,China sinkhole: Six killed as ground swallows bus https://t.co/3TCoFIJqor,1
9191,sinkhole,"Enormous sinkhole swallows bus and passengers in China, killing at least 6 people https://t.co/YarTc87r0v",1
9195,sinking,You ain't gotta move a finger or pinky when we linking... Whatever keeps your boat afloat or ship sinking... https://t.co/XB7KzVRMHr,0
9211,sinking,I almost feel bad. Almost. Live picture of Warren’s Campaign sinking beyond repair. #RefundWarren https://t.co/LHUn2UCJhT,0
9212,sinking,"“Ok so that was an iceberg and, yep we did hit it and um, we are sinking, but how good are these lifeboats for half of you?”",0
9217,sinking,God’s morning! On Christ the solid rock I stand all other ground is sinking sand! Standing on the promises of Chris… https://t.co/BGzw28KKNZ,0
9233,siren,Looking forward to some #quickwins and excellent #networking https://t.co/fqwkWdhYf0,0
9238,siren,Beware clout. The sweet siren call has led many a twitter sailor onto the rocks and their doom. *what's w… https://t.co/JKf4eeN1V8,0
9240,siren,"“At least sucide bombers are activists, what have you done?” Being an activist does… https://t.co/9ImT8WYY0y",0
9241,siren,A FOCUS CAM OF SONG JIYANG SINGING “LOVE SIREN” SO CUTEE 😭❤️ #TheUntamedBoys #TheUntamedBoysinBKK https://t.co/b7CbPkrQAL,0
9244,sirens,It took me 5 fucking years to hear the intro to Go Go Go by Sleeping With Sirens correctly,0
9270,sirens,if you cant hang - sleeping with sirens,0
9273,sirens,"Ulysses and the Sirens. #Mosaic from Dougga in the Bardo Museum, Tunis, Tunisia. https://t.co/7mcTnejvbB",0
9274,sirens,Is it time for Charter 2020? https://t.co/pKzcQ1O3ZK,0
9277,sirens,"HOLD ON my nigga said “I’m afraid of love don’t think it will find me, talk to god above ask him what these si…",0
9289,sirens,SIRENS x AMITY x STRAY x UNITYTX Tickets/VIP On-Sale FRIDAY 🙌🏽 https://t.co/acUP55HQnG,0
9290,sirens,Woken up to hear that Johnson [Cummings] has agreed to hold an exclusive first interview as PM live on (8 am…,0
9294,sirens,This outstanding comment piece by the equally outstanding is all you need to read. Repeatedly. You’re welcome. h…,0
9296,sirens,I still hear the trucks but the sirens have stopped. Hope I can get back to sleep.,0
9297,sirens,with ears to see and eyes to hear by sleeping with sirens :)),0
9300,sirens,Boris Johnson is so effing embarrassing now . Can we turn him off ? https://t.co/jQDmXPZKR4,0
9312,sirens,TOUR: book co-headline tour with : https://t.co/6dZvtm49V3,0
9313,sirens,There's a wonderful 360 photo view of the inside of the building for anyone who needs encouragement that…,0
9314,sirens,ah shit. state capture commission blue lights and sirens are back 😣,0
9327,smoke,Awful scenes in Melbourne. Dalila Jakupovic has abandoned her #AusOpen qualifying match after suffering a coughing fit whil…,1
9328,smoke,real men doesn’t smoke. that’s it. that’s the tweet,0
9339,smoke,The PM expects Australians to adapt to climate change by growing fireproof skin &amp; lungs with smoke filters.… https://t.co/XYygarbotu,0
9341,smoke,Tell yourself you are a smoker but now wish not to smoke. I am still a 50… https://t.co/m8V1asIjYU,0
9353,smoke,can u deport smoke,0
9368,smoke,McCormack's smoke theory didn't take into a account it doing a lap of the Earth and blowing back on us from the west. #Australi…,0
9377,smoke,The air rating in Melbourne today is +500 ppm in carcinogens from the smoke. The government is telling people…,1
9400,snowstorm,They have one more chance to get it right… She’s here to stay. He plans to leave. Can a snowstorm bring them back tog…,0
9403,snowstorm,The great snowstorm of 2020 didn’t materialize overnight in the Olympia area as it did in other parts of Puget Soun… https://t.co/SG3DzWEviG,0
9427,snowstorm,Oh so you lost your shit then? Cuz you a whole snowstorm bud,0
9432,snowstorm,(4 HOURS) Snowstorm &amp; Icy Cold River https://t.co/h8jVUyZ0Z4 via #background #winter #nature #snow #river,0
9444,snowstorm,not when the swing states are whiter then a grain of rice on a paper plate in the middle of a snowstorm,0
9452,storm,Other people. Deemed it sensible to stay away from the shore today due to Storm Brendan. Here’s one I made earlier. #S…,0
9457,storm,i will never not share this https://t.co/uyT02Mnjsx,0
9459,storm,I went from like 0-100 on the scale of being able to be in touch with my hidden emotions lately... now I feel like I’m just an…,0
9463,storm,My ritual morning coffee before I gather myself up for another day stuck inside behind a desk. Would rather be out… https://t.co/X7SrwNMOhi,0
9467,storm,"AMR, urban displacements and ‘the perfect storm in DRC’ 3 of 10 hum crises &amp; trends to watch 2020. Interesting and eye openi…",0
9480,storm,"As I’m not really doing much with music right now, I will be changing my twitter page name here shortly. Especially since…",0
9481,storm,Another day. Another Twitter storm regarding all things #THFC Transfers (or lack of) Pro Levy. Anti Levy. Oh and th… https://t.co/aHKfjvlF6h,0
9485,storm,FLOTUS is wearing a rain coat in a closed stadium! Code for “Storm is upon us?” https://t.co/j2ATKJamER,0
9496,storm,News: Yellow weather warning for wind in Essex as Storm Brendan sweeps in https://t.co/HkYx5W0ech,1
9500,storm,Entire Country: Storm and difficult driving conditions in Westfjord and in North and lots of roads are closed or im… https://t.co/8dIqhEwXuS,1
9510,stretcher,i played football too. saw a player go head to… https://t.co/Z3ZHqaxD6L,0
9517,stretcher,A MAN HAS FALLEN INTO THE RIVER IN LEGO CITY START THE RESCUE HELICOPTER HEY! BUILD… https://t.co/eWB7fp7hoT,0
9522,stretcher,"Walk in on horse, walk out on stretcher!",0
9525,stretcher,The film's final scenes feature numerous stretcher-bearers in the trenches. These non-combatants are seen deftly negotiatin…,0
9532,stretcher,They totally coulda at least tried to swim w him on the stretcher it was barely far at all. They really just let hi… https://t.co/Cgqa2ZNB9j,0
9545,stretcher,Any stipulations or a standard match? Stretcher match? Last Woman Standing? No DQ? Streetfight?,0
9547,stretcher,statement as to what she saw and what she had done. She watched helplessly as the woman was loaded… https://t.co/U0FfkdMqm8,0
9549,stretcher,"Seriously though... If that defender was taken off on a stretcher after that play would everyone's response be ""Tha… https://t.co/nqOucKNz7G",1
9552,stretcher,If it was the Bounty Hunting Aints he’d been laid out on a stretcher regardless,0
9568,stretcher,Fuck a stretcher they’d need a coffin for my ass. https://t.co/tRNVvSFbaA,0
9576,stretcher,Pull up on me wit these and you leaving on a stretcher https://t.co/hjsMdCHCAK,0
9586,stretcher,he flung himself out of the stretcher so he could continue to play 😩😖😭 https://t.co/PXyvT18HUZ,1
9599,structural%20failure,"In some Air Crash Investigation eps. they explain how investigators can tell* if a bomb went off on a plane,…",0
9607,structural%20failure,"Been there, failed all that. Early intervention is also a clear failure. Admissions are key… https://t.co/nrMm9cLkqP",0
9617,structural%20failure,Finance minister Tito Mboweni has warned that the government’s failure to ramp up structural reforms will result in… https://t.co/DVr6shQQys,0
9625,suicide%20bomb,And we can compare life spans in western countries which are much higher. Despite y… https://t.co/lJYmiFVNwo,0
9629,suicide%20bomb,what if her plan is to suicide bomb bernie for a VP or cabinet spot in a biden administration,0
9631,suicide%20bomb,The data comparison showed that 5 times more people die in highway accidents… https://t.co/xLFt4EPWTz,0
9632,suicide%20bomb,Dear ma'am kindly visits Balochistan. According to available data of the la… https://t.co/tLzC4G8Rgc,0
9638,suicide%20bomb,"glad warren is trying to suicide bomb bern lol. to me it seems a zealous staffer(s) leaked this, warren went song w… https://t.co/pkgoYvYxzz",0
9643,suicide%20bomb,ISIS strap suicide vests to PUPPIES in horror footage of sick front line bomb tactic https://t.co/g2L0EiD6Jp,0
9646,suicide%20bomb,"Very cool that Elizabeth Warren decided to suicide bomb leftist politics, this should go very well !",0
9649,suicide%20bomb,"“What I am good at is exposing the current situation that we find ourselves in. It’s almost like a suicide bomb"": https://t.co/9…",0
9653,suicide%20bomb,Please give me your succulence I promise I’ll suicide bomb Twitter for these crimes,0
9661,suicide%20bomb,Schumer Renews Call For Suicide Bomb Detectors At Penn Station https://t.co/QvOjo6doHg https://t.co/sPacMVDhwh,1
9666,suicide%20bomb,ISIS strap suicide vests to PUPPIES in horror footage of sick front line bomb tactic https://t.co/g3KMjottB7,0
9670,suicide%20bomb,"If there is one place deserving of a suicide bomb, it’s PETA headquarters https://t.co/sQZyfr3hTu",0
9673,suicide%20bomb,"so today i heard the most misinformed thing ever ""Allah u Akbar (in extreme accent) means: ""a suicide bomb attack is about t…",0
9681,suicide%20bomber,I'll never forget #Rashideen. 126 dead and at least 80 children deliberately targeted by a rebel suicide bomber offering them…,1
9691,suicide%20bomber,⚠️Exclusive⚠️Border Patrol Circulates Intel Alert Titled 'Suspected Suicide Bomber en Route to the U.S.' 🚨Four Middle Easter…,0
9695,suicide%20bomber,That’s Scary 😳😳 Exclusive: Border Patrol Circulates Intel Alert Titled 'Suspected Suicide Bomber en Route to the U.S.…,0
9696,suicide%20bomber,Mexican Border City on High Alert Over ‘Suicide Bomber’ Threat – Confirms Breitbart Report https://t.co/0gmgePdeVn via,1
9698,suicide%20bomber,Mexican Border City on High Alert Over ‘Suicide Bomber’ Threat – Confirms Breitbart Report ⚠️ 4 men and 1 woman expected…,1
9704,suicide%20bomber,In 2016 he had his goons smear an Army captain who died stopping a suicide bomber as a sleeper agent raised by terrorists.,1
9732,suicide%20bombing,Long ago I heard it was some Iran mulla first who justified suicide bombing which started that madness.,0
9749,suicide%20bombing,"Opening Bell: January 13th, 2020 - Iran has a fleet of dolphins trained by Russia to carry out suicide bombing miss… https://t.co/nKlJLsttSV",1
9758,sunk,THIS IS HOW LOW THE IMAGE OF THE US PRESIDENCY HAS SUNK......Trump use of doctored Pelosi-Schumer photo draws Musli… https://t.co/vqtQ6AhU0Q,0
9766,sunk,Jesus. #r4today has sunk to new lows. Robinson asking Fox whether the civil service just can't see or actively seek to…,0
9769,sunk,"Since TOTY has started, I’ve crafted Silva, Suarez, and TAA, and a base icon. Also sunk 1.3m into upgrade packs sav… https://t.co/yPeyqMVXPs",0
9771,sunk,"10 #Roman bronze rostra (rams) have been recovered off the coast of the Egadi Islands (near Sicily), from ships sunk in a bat…",1
9775,sunk,Finch. Richardson. RCB. It’s not sunk in yet.,0
9805,sunk,"3. Gen 2 remakes, specifically SoulSilver. This is the mainline Pokemon game I have sunk many many hours into. Prob… https://t.co/a05L0bItnj",0
9809,sunk,Nsukka ppl have finally sunk lower... This pit seems to have no end.. Chukwu nna 😂😂😂😂😂😂 help them,0
9823,sunk,"The brexit ship has sunk, we're now just waiting to celebrate apparently, the finding of the wreck on the 31st",0
9826,sunk,Damn I just watched a video and my heart sunk into my stomach...I don’t think I’ve ever felt this type of pain before,0
9829,sunk,That sunk that theory into the water 🙄,0
9838,survive,"These living, self-healing robots created from frog stem cells are small enough to travel inside human bodies. They can walk and…",0
9845,survive,Batangas can survive☝️🙏,0
9851,survive,"We’ll survive in hell, yabo?",0
9854,survive,"First episode, andami ng realisation. How to survive in the middle of nowhere. #MakeItHappenWithYou https://t.co/DOrrb…",0
9859,survive,Never be ashamed of things you had to do to survive in Nairobi.,0
9865,survive,WOOOOOH!!! JESUS CHRIST LORD HELP US SOOBDERS!! I CANT I WONT SURVIVE THIS KWNDKWJSKW https://t.co/So5edxuHjv,0
9872,survive,PLS IF Y’ALL DO SOMETHING TOGETHER I’M NOT GONNA SURVIVE,0
9873,survive,Chan: every time I'm confronted with a problem and I feel desperate and helpless I look at a picture of us together St…,0
9875,survive,read big fat books amd write big fat books. that is the only way to survive in this hellhole.,0
9879,survive,Cancelling plans is ok. Staying home is ok. Posing as a substitute teacher with no qualifications is ok. Refusing to teach t…,0
9889,survive,『 Who's the killer? 』 »do you want to play a game? its just simple just play your role and survive. »a st hosts horror au »…,0
9891,survived,There have been a number of trade deals which have been started but haven’t survived. We don’t want UK-EU or UK-US to be…,0
9900,survived,Australia is airdropping vegetables from helicopters to feed the animals that survived the bushfires https://t.co/JGmYGNrU…,1
9903,survived,"I wholeheartedly and unironically support this, it's the only way I survived my PhD. https://t.co/AQY4Zo4itu",0
9906,survived,One of the greats. Rob Hall would have survived on Everest in 1996 but he stayed near the top rather than abandon a stri…,0
9907,survived,"These comments, nobody cares about the dead driver, they only care for those who have titles, Anyway get well soon for tho…",1
9922,survivors,"Today in 1842 a shattered army surgeon, William Brydon, made it to Jalalabad bringing news that a British army had been…",0
9931,survivors,Just out - Pushing the limits of recovery in chronic stroke survivors: User perceptions of the Queen Square Upper Limb Neu…,0
9938,survivors,"Come support tomorrow. This is an incredible violation of survivors rights,on top of the pain of having to experienc…",0
9943,survivors,Everyone in a position of leadership in the Church needs to watch ‘The Church’s Dark Secret’ on BBC2. A terrifying study int…,0
9947,survivors,Let’s hope the Catholic Church response is a major improvement on how they treated thousands of survivors sexually abuse…,0
9948,survivors,"LATEST A new BBC documentary detailing the case of the serial abuser Peter Ball, a former Bishop of Lewes and Gloucester,…",0
9949,survivors,"This is a brilliant and long overdue series of short, v watchable videos featuring Gulag survivors telling their stories…",0
9970,survivors,"Honestly, I didn’t watch ‘Chhapak’ because it implies that “Only women are acid attack survivors” ignoring the fact tha…",0
9972,survivors,Like this isn't a case of narcassism it's a case of safety. You'll never get this of co… https://t.co/yINrxyrSC4,0
9979,terrorism,"The White House Press Secretary just equated Muslim garb with terrorism, and it's barely a blip in the news cycle. It's been…",0
9981,terrorism,"Breaking News: U.S. Attorney General William Barr, declaring last month’s shooting at a naval air station in Pensacola, Florid…",1
9991,terrorism,"Jihadi attack in NYC. Guess who is involved? A Paki. Has to be, after all the home to terrorism",1
9996,terrorism,France agrees to send more troops to West Africa to fight terrorism https://t.co/FoGctmyS2j,1
9999,terrorism,Donald Trump posted a doctored islamophobia photo with Democratic leaders dressed as Muslims. Trump’s press secretary said he…,0
10007,terrorism,What did you want him to say? Pass his condolences? Matters of defense and terrorism can't be thrown ar… https://t.co/64cJazqOfs,0
10008,terrorism,Lol at justifying American terrorism by claiming that Solimani was t… https://t.co/55d1xV7chB,0
10038,terrorist,"Pompeo: ""I was one of I think eight members of Congress who sponsored legislation asking the previous administration to des…",0
10044,terrorist,"Loomer says Frankel voted to ""protect the terrorist regime in Iran"" https://t.co/tfZzMvlm3W",0
10050,terrorist,"But we can see we are not like LWs who always defended Mohammad Afzal Guru who was a Kashmiri terrorist, who was co… https://t.co/lUwcqTOPJd",0
10053,terrorist,Americans pray for their families and remember them. It was so brave of them not to walk on America's flag. It's up… https://t.co/BSldEcW0U6,0
10054,terrorist,ILLINOIS: WAKE UP! ALERT! DO NOT LET HER INFILTRATE CONGRESS The daughter of convicted Muslim terrorist Jeff Fort aka Abd…,0
10084,threat,Did you all hear the Bernie-Warren story about how trump lied about protecting pre-existing conditions and the imminen…,0
10095,threat,"#SonicWall The SonicWall Security Center is packed full of information, including a history of our useful #SonicAlerts and a l…",0
10097,threat,Here is a copy of the Whatsapp message of Fr Cedric Prakash being circulated to Christians. A copy my mother forwarded to…,0
10109,threat,"A Sydney becomes more modern, so do the terror-prevention strategies. These concrete barriers have been placed at t… https://t.co/OlLU0uZSCM",0
10118,threat,"Occasionally the elaborate pageantry of Big Reconciliation slips, and the Canadian state is obligated to remind everyone t…",0
10129,threat,"""This is a safe fort. No threat will work in Kerala. We will not implement the NRC, or the NPR which is part of the CAA-NR…",0
10132,threat,Manchester United's place at top of the Premier League rich list under threat from Man City and Liverpool https://t.co/os…,0
10144,thunder,"I’d pick your thunder, i’d pick your rain over anyone’s sunshine any day.",0
10153,thunder,"I love this ,you nailed it!! https://t.co/m7pnZD9JIU",0
10162,thunder,"Literally just heard the loudest thunder, it shook the house and woke up the whole family. 😳",1
10170,thunderstorm,"And also like, no stormy weather conditions? And also a thunderstorm in the middle of January? Of course this happe… https://t.co/Gd1nwozYCe",0
10182,thunderstorm,"DEV - Severe Thunderstorm Warning until 1/11 11:00AM EST for Floyd, Clark, Harrison, Washington https://t.co/vFy9YK1XlV",1
10183,thunderstorm,"current weather in Bergen: thunderstorm, 6°C 93% humidity, wind 11kmh, pressure 980mb",0
10194,thunderstorm,Breathe in a supernova. Become an anomaly. Thunderstorm electricity in an emotional desert,0
10205,thunderstorm,"DEV - Severe Thunderstorm Warning until 1/11 9:30AM CST for Simpson, Allen, Warren https://t.co/K2Q57YygNd",1
10223,thunderstorm,"WEATHER ALERT: Severe Thunderstorm Warning including Hohenwald TN, Waynesboro TN until 8:15 PM CST https://t.co/ZhpTSiYInB",1
10232,thunderstorm,"#iveseensomeshit Some years ago as I was driving on the freeway during a thunderstorm, the car directly in front of… https://t.co/BF0HyO7xfG",0
10235,thunderstorm,NWS Alert&gt; Strong Thunderstorm Near Glen Allan or 11 Miles S of Avon Moving E At 50 MPH. Dime Size Hail Possible. L… https://t.co/TlWFYBFvUm,1
10246,thunderstorm,"NWSSevereTstorm Severe Thunderstorm Warning continues for Mount Olive NC, Elroy NC, Walnut Creek NC until 3:00 AM E… https://t.co/QFo9sFzZ7S",1
10259,tornado,Incredible video of the weekend storms in Arab + drone footage of the Brindlee Mountain Primary School aftermath. Here's what's…,1
10261,tornado,Much love for the #Tonka fridge in the last 24 hours following ’s tweet. Lots more #Tornado pieces planned th…,0
10266,tornado,It was nice to read our days are so similar to yours 😂 our ne… https://t.co/ocJ8d6Smbs,0
10270,tornado,"MyRadarWX: RT aaronjayjack: Severe storm with #tornado warning overtaking I-35 corridor near Gainesville, TX NOW… https://t.co/8IVWmdKv1Q",1
10273,tornado,i cant post it my enemies will see and counter (im jk). Want to test jar and tornado to try and rec… https://t.co/VXejyFFD2D,0
10289,tragedy,Tragedy of the state is that law minister and attorney general of Pakistan are former lawyers of Pervez Musharraf they sup…,0
10296,tragedy,A tragedy doesn't discrminate between beliefs and religion....,0
10298,tragedy,What a tragedy Rip English Your killers will not go unpunished #5DaysToTitansCollections,0
10305,tragedy,The strange lack of any follow up on Pulwama by the authorities and/or the press confirms my fears that someone was put u…,0
10313,tragedy,"Batangueños did the same. Agoncillo, Laurel, Talisay lakeshore communities. Many residents there are fishermen and vendors…",0
10315,tragedy,"It's not /payback/, it's methaphorical atonement of the tragedy when he killed his father… https://t.co/LMiSYvqydI",0
10316,tragedy,You know what else is natural AND a tragedy? You.,0
10324,tragedy,"Drag Queen Protest Ends In Tragedy, Ricky Gervais Cancelled and WW3 https://t.co/CSbqHbuZZv",1
10326,tragedy,"Imagine being that asshole who thinks that the Taal eruption isn't a tragedy because ""no one died"" despite the economic, oc…",1
10328,tragedy,The conclusion of my idol life is: i'm a trainer 15 in jyp as a sub vocal. But before i'm debutting.… https://t.co/e7wPQJJ6VD,0
10339,trapped,"When a person feels trapped in a nervous or self-conscious thought loop, they can break free with this simple strategy http…",0
10348,trapped,"""I feel like I'm the witch in this story"" ""And...I'm the innocent man, lost in the woods. Trying to go home and live a s…",0
10354,trapped,She's trying to trap him with her drama like she trapped you by voting to save you during eviction.… https://t.co/qYBFAVVMU9,0
10384,trapped,Europe's n°1 regional benefited from an exceptional shareholder-management harmony 2002-2012. But the 2 next gener… https://t.co/OGHYDvirg7,0
10387,trapped,"Out of five soldiers trapped under the avalanche, one was rescued after the Army launched rescue operations. https://t.co/hPbtKewxmV",1
10396,trauma,Airbag Deployment https://t.co/5arGjLqgpu At MCP First Aid Training we have the actual experience in the medical an… https://t.co/E8FE5mNd1o,0
10417,trauma,Brahmin man asks Bahujan woman to prove her oppression. The fact that you think you’re owed an answer and that my oppressio…,0
10419,trauma,Anyone who experienced abuse has the right to be heard at any age .Abuse can be buried for years coming to the cons… https://t.co/ZaT1SZQZYE,0
10420,trauma,when you upload your trauma to your 50 different social media platforms for money rather than coping/recovering in private &gt;…,0
10421,trauma,Trauma In my ass https://t.co/mQWvU5yYx7,0
10423,trauma,I wouldn’t be hurt because their bodies might have been diff… https://t.co/cK5VALB6mK,0
10432,trauma,So it was ok for feral activists to enter a private Christian sponsored function &amp; scream at those attending causing trau…,0
10437,trauma,Give them lingard please am on my knees end all man united fans trauma andreas still got some assist,0
10444,traumatised,"I'm off to the Library to return my overdue books, (ooh err!), before Storm Brendan drops by for most of the day. I… https://t.co/OKAPbQgFbW",0
10449,traumatised,"The ""traumatised"" woman as the epitome of neoliberal subjectivity, and of psychopolitical manipulation. https://t.co/KmDWK…",0
10452,traumatised,hes probably extremely traumatised too and will never get over it and think himself to be disgusting and… https://t.co/hVyqfMHHXE,0
10459,traumatised,You are traumatised I see 😀,0
10473,traumatised,"Brave because?? There are 3 aspects of this sad story, the tragic suicide; social media's frenzied r… https://t.co/JeZ0oGfKX6",1
10485,traumatised,He &amp; his crew invaded an event set up specifically for LGBTQI families… https://t.co/j4wo0YvY31,0
10487,traumatised,"make one fairly innocuous gif-tweet to support someone about a tweet on trans rights, wake up to being accused of n… https://t.co/QbtqQBTd2A",0
10491,traumatised,"Yeah no this video made my morning 😭😭😂😂😅😅😅😅 yey wow!!😂😅😅 I defs need to watch it again.... ,… https://t.co/9UylwmEBd0",0
10495,traumatised,"Colleague showed me the stationary list for her son and I'm traumatised, she still has to buy him unifo… https://t.co/vel3lbdrKD",0
10499,traumatised,"As pointed out by his Aunt, he was troubled well before this even occurred. You can't put blame on soc… https://t.co/ISuqOxL4Fq",0
10509,traumatised,That's so sad. He's so traumatised. 💔,0
10518,trouble,"Do not get lost in a sea of despair. Be hopeful, be optimistic. Our struggle is not the struggle of a day, a week, a mont…",0
10523,trouble,It's Parliament as a whole has an onus for this&amp; the deterioration's down to all. The…,0
10528,trouble,xiao zhan had trouble removing his robes in the xuanwu cave scene BSJDKKD https://t.co/ZspjoiweYI,0
10540,trouble,"""stay out of trouble, stay in touch"" my part of art trade with / #pathologic #pathologic2 #морутопия https:…",0
10541,trouble,is on trouble,0
10566,trouble,How rude! I don't cause anyone trouble!,0
10568,trouble,it’s not even 9am yet nd ur already tryna cause trouble,0
10569,trouble,You like trouble 😂😂😂,0
10570,trouble,/ MV Elizabeth is sipping mulled wine and watching Nyarlathotep have his way with the verse. I could n… https://t.co/HEaxgq1SHm,0
10573,trouble,Ma’am. You starting to sound like a toxic trouble maker over there looool https://t.co/46PNcFdI1F,0
10595,twister,Dear Singapore McDonald’s please make twister fries permanent 😌 https://t.co/166vXprutK,0
10597,twister,bruh. studs be having multiple families. they be having “bms” who they only still talk to for the “k… https://t.co/kkTsu3buud,0
10620,typhoon,Remember when Naga City was hit by Typhoon Nina in 2017 and we all asked where she was even if LGUs are already doing their…,1
10622,typhoon,. #Finland #HXChallenge #Typhoon:: Finnish Air Force Commences Eurofig… https://t.co/GTO2myiDM2,0
10628,upheaval,Schools should brace for five years of upheaval from a triumphant party with Gove at its heart | Melissa Benn https://t.co/DT1jh9C5b6,0
10630,upheaval,Schools should brace for five years of upheaval from a triumphant party with Gove at its heart | Melissa Benn https://t.co/trM1M6UC4Q,0
10635,upheaval,"""Rumours of a trial of no notice inspections"". Have they completely lost the plot? https://t.co/EvCqSi8zI0",0
10641,upheaval,Schools should brace for five years of upheaval from a triumphant party with Gove at its heart 'This government is… https://t.co/tiWW3pL9aU,0
10642,upheaval,Schools should brace for five years of upheaval from a triumphant party with Gove at its heart | Melissa Benn https://t.co/ow…,0
10650,upheaval,Schools should brace for five years of upheaval from a triumphant party with Gove at its heart | Teaching | The Gua… https://t.co/qonp7HoWEh,0
10666,upheaval,Schools should brace for five years of upheaval from a triumphant party with Gove at its heart | Melissa Benn… https://t.co/iByK11do2j,0
10674,upheaval,Schools should brace for five years of upheaval from a triumphant party with Gove at its heart https://t.co/lMriU4nIle,0
10676,upheaval,Schools should brace for five years of upheaval from a triumphant party with Gove at its heart | Melissa Benn… https://t.co/wQ1JyBMuLs,0
10686,upheaval,Schools should brace for five years of upheaval from a triumphant party with Gove at its heart | Melissa Benn https://t.co/T0sj0HyaMs,0
10690,violent%20storm,“A butterfly flapping its wings in the Amazon rain forest can generate a violent storm on the other side of…,0
10698,violent%20storm,Yes it wld seem these little kids were being held against thier will &amp; forced 2 have stories read 2 by drag queens… https://t.co/u9K2GEb0tT,0
10699,violent%20storm,Yes it wld seem these little kids were being held against thier will &amp; forced 2 have stories read 2 by… https://t.co/guLpx0PR0T,0
10706,violent%20storm,"“The more violent the storm, the quicker it passes.” – Paulo Coelho 🙏🏼",0
10707,violent%20storm,this storm is violent af. bathong.,1
10712,violent%20storm,19.00 obs from #Kirkwall Airport showed sustained wind speeds in the preceding hour of 74.1 km/h (46.0 mph) or Forc… https://t.co/uvekPOQJr9,1
10713,violent%20storm,0.5 mile from me. Any idea what time this hit? Around 445 storm was very violent at my area 😳,1
10725,violent%20storm,"The storm surge....wild, extreme, violent torrential rain, tempered by a gentle light and somewhere behind that cur… https://t.co/pQhlzdrNSs",0
10735,violent%20storm,Love a good storm in Ireland everyone panics meanwhile I stay indoors and appropriate the violent weather - and dr… https://t.co/GW3kMdBZ1K,0
10737,violent%20storm,"Five years ago Kisilu, a Kenyan farmer, started to use his camera to capture the life of his family, his village and the damage…",0
10740,violent%20storm,"With arrival of #StormBrendan to East coast bringing S/SW winds up to violent Storm Force 11, together with high Sp… https://t.co/8llRV8PECV",0
10741,violent%20storm,"HEBRIDES and MALIN, An occasionally violent storm, 11. Not very much moving, https://t.co/96WLwciRet… https://t.co/GmGNaRPGoc",1
10747,violent%20storm,"#StormBrendan has now started to pivot northnortheast. The storm will not make a direct hit on #Ireland thankfully,… https://t.co/Ea0Kow9mUY",1
10760,volcano,Taal Volcano in the #Philippines. Volcanic ash is very dry &amp; very bad electricity conductor. When it is dispersed to a…,1
10773,volcano,The Makati Science High School SSG will be accepting cash and in-kind donations for the evacuees of the Taal Volcano eruptio…,0
10786,volcano,"The world is something else lately. The fire, volcano, influenza, war. Stay safe everyone.",0
10788,volcano,Blue hour and night timelapse of Taal Volcano eruption. https://t.co/DSJqHOaAS5,1
10804,war%20zone,Madrid twitter vs Barca twitter war zone like it's 2015 all over again ffsssss so good,0
10809,war%20zone,Flexing line he didn’t leave a whole kid in a war zone,0
10814,war%20zone,take into consideration that this war zone was created 1500 years ago by a religious sect…,0
10815,war%20zone,So when are you lot sorting out the war zone that is Piccadilly Gardens?,0
10816,war%20zone,The Air Force's B-52H Bomber Force Has Said Goodbye To Its Nuclear Bombs https://t.co/GszmdWmsoK https://t.co/oQEVIea31v,0
10819,war%20zone,"These are elected manufactured crisis actors, they are Anti American 💯 Defeat these MF…",0
10838,war%20zone,Agree completely. You want citizens to vote but the point is are you matching the expectations? Half of Gachibawli is d…,0
10846,war%20zone,Disrupted? Nothing moving more like. Cambridge is like a war zone with refugees.,0
10867,weapon,I was actually thinking he may also be carrying his own protection weapon..,0
10880,weapon,jeno's secret weapon (ू˃̣̣̣̣̣̣︿˂̣̣̣̣̣̣ ू) https://t.co/IlCFR2iXuR,0
10899,weapon,miss me with that ‘weapon accuracy’ shit. im shooting everything. im laying down cover fire. im shooting the walls. im sho…,0
10914,weapon,"For the Putin regime, history is both a weakness and a weapon. considers how the West can push back against the Krem…",0
10920,weapon,"""Jutsu is not the only weapon, I tell you that!"" (Shikamaru Nara)",0
10929,weapons,https://t.co/7xrl54HPXO 2:42 Onision lied over the phone saying he doesn't own any weapons when he is in…,1
10935,weapons,"For those who read #SerialBrain2 &amp; are following all the 93s, was on Watters last night. She demonstrated sh…",0
10937,weapons,"Pragya Thakur planted bombs all over the place, but is scared of a letter written in Urdu and some powder. These bhagwa…",0
10947,weapons,"Yeah the Star Wars collab might be over in Fortnite, but I don't… https://t.co/YPPRQTr0Fd",0
10950,weapons,ACCORDING THE OFFICIAL DOCUMENT: #B52 #BOMBERS ARE NO LONGER AUTHORIZED TO CARRY #NUCLEAR #BOMBS. NEW AIR FORCE INS… https://t.co/XAIZ3TbOAX,1
10955,weapons,He had more weapons than brady,0
10968,weapons,"JCPOA preamble: “Iran reaffirms that under no circumstances will Iran ever seek, develop or acquire any nuclear weapons.”…",1
10983,weapons,Blanket secrecy' surrounds Australian weapons sales to countries accused of war crimes https://t.co/ko6nqZs61d,1
10996,whirlwind,"Oh darling, hitting six geese isn't charming – before hitting his mixtape isn't a whirlwind.",0
11008,whirlwind,"Oh darling, being a husky is fattening – but hitting him is a whirlwind.",0
11024,wild%20fires,I would say physically ignited is more the problem than natural wild fires and… https://t.co/sseg3o9osI,0
11037,wild%20fires,👀👀👀 donate the funds to the Australia wild fires,0
11038,wild%20fires,Summer fun needs to be redefined. Two years ago there were wide wild fires in Scandinavia and around… https://t.co/lO1lgLUW9e,1
11045,wild%20fires,What could he have done differently?! I'm not saying he was right or wrong BUT in order to do better next…,1
11062,wildfire,"""You don't bring Wildfire into your home and expect it to stay in the fireplace."" - #Loki, The Gospel of Loki, Joanne M. H…",0
11065,wildfire,Be relentless in your pursuit of that which steals your heart even as the body lays at night. Be ruthless in your… https://t.co/UuLp24mXor,0
11066,wildfire,"Climate change increases the risk of wildfires, confirms new review: Physorg https://t.co/RWCFKWYCBe MORE w/ EcoSe… https://t.co/bsXeIRBjqm",0
11073,wildfire,Future #wildfire risks grow with each added degree. To minimise growth in fire risk we must in fire risk we must stabilise…,0
11090,wildfire,"CUHK professor Fang Kecheng revisits the real lessons of the disastrous 1987 Daxing’anling Wildfire, after a shameless…",0
11097,wildfire,"Critics Drag Jeff Bezos After Amazon Donates $690,000 to Australian Wildfire Recovery: ‘Lol. Metallica ...… https://t.co/jFOajafpOn",0
11100,wildfire,"You can go after ""actual pedophiles"" and… https://t.co/OTwm2bpvfN",0
11103,wildfire,"New post: ""Parkway Drive Donated $34,000 to Australian Wildfire Relief"" https://t.co/xM0k86dpoc",0
11116,windstorm,Stanley Park storm is where the bar is at for windstorm (10). So using that as point of reference w… https://t.co/CHVCboBamv,1
11118,windstorm,"Rain and high-elevation snow showers can continue across northern Scotland on Wednesday; otherwise, a brief break i… https://t.co/TUOn6fdI7Q",1
11126,windstorm,"From what I've seen with other RW boycotts, this too will be nothing more than a sneeze in a windstorm.",0
11138,windstorm,There won't be much of a break across the southern U.K. as another storm system will race into the region on Tuesda… https://t.co/Mbr5gVIV59,1
11139,windstorm,"Our poor BBQ. Not only did the windstorm blow away the cover, it is now covered in snow that has crusted over due t… https://t.co/DmgHfuBtCL",1
11150,wounded,"Twenty-one Saudi military cadets are being expelled after one of the cadets carried out a mass shooting in Pensacola, Flor…",1
11153,wounded,Police in Iran have denied using live ammunition to disperse protesters as outrage over the accidental downing of a Ukrainian p…,1
11154,wounded,Snow and Avalunch Update (SDMA) 18 people including Women's and children's were killed and 21 other wounded in snow a…,1
11158,wounded,"Vitriol many indy supporters have for Labour partly stems from how some senior politicians spoke in 2014 campaign: ""viru…",0
11160,wounded,It’s been **320 days** since the House passed a bipartisan background checks bill. No single law can prevent every sh…,0
11163,wounded,//WOTV NEWS//: 2 teen hunters charged with animal cruelty after attack on wounded deer... https://t.co/OOrvsBycl0,1
11164,wounded,"I 4get my sons 36 bday 2day Been struggling this year w MS Had 38+2, Sitting Bull &amp; Wounded Knee Ride Race home 4 M… https://t.co/xBpcMvjFtc",0
11182,wounded,Make art. Make bad art. Make better art. Make great art. Make brand new art that's ahead of its time. Make more art. Seek oppo…,0
11187,wounds,HA YOONBIN 하윤빈 (BEN) - Wounds (Official M/V) - YouTube https://t.co/qgJcSQEJBf,0
11197,wounds,ketombe siapa takut #Ben_Wounds #HaYoonbin https://t.co/nokmmsEZBX,0
11202,wounds,NOT GONNA SAID THAT TURTLENECK SPECS AND DENIM JACKET ISSA GOOD COMBO CUZ THAT'S EXACTLY WHAT I MEAN #Ben_Wounds https://t…,0
11204,wounds,"“kiss my wounds back, Kiss my wounds, it doesn’t gonna hurt you” whyyy these part sound so.. idk how to explain 😭 #Be…",0
11205,wounds,"24 cuts from different mistakes, 24 stitches made to conceal the pain, 24 wounds to heal overtime, but i'm still he… https://t.co/N6hPawUygK",0
11211,wounds,"Yoonbin is set to release a new song entitled wounds today, 12 PM. Filmed by: btrvl studio Stay tuned. #HaYoonbin h…",0
11229,wounds,“One of the penalties of an ecological education is that one lives alone in a world of wounds.” How scientists are now…,0
11234,wreck,Me: #TheCircleNetflix looks so dumb!! I’m gonna watch ONE episode to see what a train wreck it is Me (five episodes la…,0
11236,wreck,😂We learned a long time ago why all major banks are… https://t.co/HYXUvYN73p,0
11242,wreck,they were even more popular than Lope and Steam. So Bell just had to wreck it for the rest of us beca… https://t.co/pkQNL10ypq,0
11246,wreck,The houses are one in front of the other same land th… https://t.co/fqTJPbL09x,0
11265,wreck,This animated short about lion hunting will absolutely wreck you 😭 Sign the petition: https://t.co/PZKJNJfdWI https://t.co…,0
11268,wreck,Dem wan just wreck person for this country 🤕,0
11269,wreck,Something about sucking a poly cock when theyre just finished with work. Wreck my throat,0
11275,wreck,And yea didn't go to the appt because I'm a dumb wreck of a human waste,0
11281,wreck,The Left can’t stand anyone who freed themselves of the support of the state. They resent thi… https://t.co/JEXvV7KY8s,0
11290,wreck,"The Rugrats are all figments of Angelica’s imagination. Chuckie died w/ his mom, = y Chaz is a nervous wreck. Tommy was a…",0
11303,wreckage,My piece tonight on why Christopher Wray isn’t the right man for the big—and necessary—job of reforming the FBI. “Rather…,0
11304,wreckage,"Ukraine deliberately issued statement after Iran plane crash suggesting engine failure, despite suspecting attack ""If…",1
11306,wreckage,"A sunken yacht has finally been pulled out of the Mooloolah River, almost a year after it was abandoned. The wrecka… https://t.co/H00suo4N0z",1
11310,wreckage,"TSB: Iran has allowed us to the download of the recorders, and visit the wreckage: this above and beyond what they are req…",1
11318,wreckage,"""We won..."" —Beachcomber's bitter statement as he surveys the wreckage of the lagoon. In episode The Golden Lagoon. https:…",0
11323,wreckage,It is a strange feeling to see someone come around after leaving you alone in the wreckage they cau… https://t.co/jwSoqQZ318,0
11325,wreckage,"VIRGO - The new model eggbeater or washing machine, the latest year’s car all demand some study and learning before… https://t.co/QQPrXkdnrU",0
11327,wreckage,From Identities' Special Issue 'Whiteness and Nationalism': 'The wreckage of white #supremacy' by :… https://t.co/fJMazxcIaT,0
11337,wrecked,"Hi. So I’ve started to stan the girl group, ANS. Because Say My Name is a bop, I wanna know the name of the member… https://t.co/lsjALdwsRP",0
11365,wrecked,Media should have warned us well in advance. This wrecked my whole night. I refuse to watch…,0
11367,wrecked,i feel directly attacked 💀 i consider moonbin &amp; jinjin as my bias and im currently wrecked by rocky i hate this https://t.co/psLBecS7hI,0
