section,topic,count,section_total,proportion
A 21st Century Curriculum,"Student Development, Advising & Skills",0,1,0.0
A 21st Century Curriculum,China & Global History,0,1,0.0
A 21st Century Curriculum,Language & Writing Courses,0,1,0.0
A 21st Century Curriculum,Transfer Credit & Global Education,1,1,1.0
A 21st Century Curriculum,"Grading, Registration & Academic Standing",0,1,0.0
A 21st Century Curriculum,"Culture, Literature & the Arts",0,1,0.0
A 21st Century Curriculum,"Mathematics, Physical Science & Computing",0,1,0.0
A 21st Century Curriculum,Placement Credit & Degree Requirements,0,1,0.0
A 21st Century Curriculum,"Biology, Environment & Global Health",0,1,0.0
A 21st Century Curriculum,"Politics, Policy & Economics",0,1,0.0
A Liberal Arts College Experience,"Student Development, Advising & Skills",0,2,0.0
A Liberal Arts College Experience,China & Global History,0,2,0.0
A Liberal Arts College Experience,Language & Writing Courses,0,2,0.0
A Liberal Arts College Experience,Transfer Credit & Global Education,2,2,1.0
A Liberal Arts College Experience,"Grading, Registration & Academic Standing",0,2,0.0
A Liberal Arts College Experience,"Culture, Literature & the Arts",0,2,0.0
A Liberal Arts College Experience,"Mathematics, Physical Science & Computing",0,2,0.0
A Liberal Arts College Experience,Placement Credit & Degree Requirements,0,2,0.0
A Liberal Arts College Experience,"Biology, Environment & Global Health",0,2,0.0
A Liberal Arts College Experience,"Politics, Policy & Economics",0,2,0.0
Academic Advising,"Student Development, Advising & Skills",3,4,0.75
Academic Advising,China & Global History,0,4,0.0
Academic Advising,Language & Writing Courses,0,4,0.0
Academic Advising,Transfer Credit & Global Education,1,4,0.25
Academic Advising,"Grading, Registration & Academic Standing",0,4,0.0
Academic Advising,"Culture, Literature & the Arts",0,4,0.0
Academic Advising,"Mathematics, Physical Science & Computing",0,4,0.0
Academic Advising,Placement Credit & Degree Requirements,0,4,0.0
Academic Advising,"Biology, Environment & Global Health",0,4,0.0
Academic Advising,"Politics, Policy & Economics",0,4,0.0
Academic Advising and Support,"Student Development, Advising & Skills",1,1,1.0
Academic Advising and Support,China & Global History,0,1,0.0
Academic Advising and Support,Language & Writing Courses,0,1,0.0
Academic Advising and Support,Transfer Credit & Global Education,0,1,0.0
Academic Advising and Support,"Grading, Registration & Academic Standing",0,1,0.0
Academic Advising and Support,"Culture, Literature & the Arts",0,1,0.0
Academic Advising and Support,"Mathematics, Physical Science & Computing",0,1,0.0
Academic Advising and Support,Placement Credit & Degree Requirements,0,1,0.0
Academic Advising and Support,"Biology, Environment & Global Health",0,1,0.0
Academic Advising and Support,"Politics, Policy & Economics",0,1,0.0
Academic Calendar 2021-22,"Student Development, Advising & Skills",0,21,0.0
Academic Calendar 2021-22,China & Global History,0,21,0.0
Academic Calendar 2021-22,Language & Writing Courses,0,21,0.0
Academic Calendar 2021-22,Transfer Credit & Global Education,0,21,0.0
Academic Calendar 2021-22,"Grading, Registration & Academic Standing",20,21,0.952381
Academic Calendar 2021-22,"Culture, Literature & the Arts",0,21,0.0
Academic Calendar 2021-22,"Mathematics, Physical Science & Computing",1,21,0.047619
Academic Calendar 2021-22,Placement Credit & Degree Requirements,0,21,0.0
Academic Calendar 2021-22,"Biology, Environment & Global Health",0,21,0.0
Academic Calendar 2021-22,"Politics, Policy & Economics",0,21,0.0
Academic Integrity,"Student Development, Advising & Skills",2,6,0.333333
Academic Integrity,China & Global History,0,6,0.0
Academic Integrity,Language & Writing Courses,0,6,0.0
Academic Integrity,Transfer Credit & Global Education,2,6,0.333333
Academic Integrity,"Grading, Registration & Academic Standing",2,6,0.333333
Academic Integrity,"Culture, Literature & the Arts",0,6,0.0
Academic Integrity,"Mathematics, Physical Science & Computing",0,6,0.0
Academic Integrity,Placement Credit & Degree Requirements,0,6,0.0
Academic Integrity,"Biology, Environment & Global Health",0,6,0.0
Academic Integrity,"Politics, Policy & Economics",0,6,0.0
Academic Recognition and Honors,"Student Development, Advising & Skills",0,5,0.0
Academic Recognition and Honors,China & Global History,0,5,0.0
Academic Recognition and Honors,Language & Writing Courses,0,5,0.0
Academic Recognition and Honors,Transfer Credit & Global Education,1,5,0.2
Academic Recognition and Honors,"Grading, Registration & Academic Standing",0,5,0.0
Academic Recognition and Honors,"Culture, Literature & the Arts",0,5,0.0
Academic Recognition and Honors,"Mathematics, Physical Science & Computing",0,5,0.0
Academic Recognition and Honors,Placement Credit & Degree Requirements,4,5,0.8
Academic Recognition and Honors,"Biology, Environment & Global Health",0,5,0.0
Academic Recognition and Honors,"Politics, Policy & Economics",0,5,0.0
Academic Resource Center,"Student Development, Advising & Skills",4,4,1.0
Academic Resource Center,China & Global History,0,4,0.0
Academic Resource Center,Language & Writing Courses,0,4,0.0
Academic Resource Center,Transfer Credit & Global Education,0,4,0.0
Academic Resource Center,"Grading, Registration & Academic Standing",0,4,0.0
Academic Resource Center,"Culture, Literature & the Arts",0,4,0.0
Academic Resource Center,"Mathematics, Physical Science & Computing",0,4,0.0
Academic Resource Center,Placement Credit & Degree Requirements,0,4,0.0
Academic Resource Center,"Biology, Environment & Global Health",0,4,0.0
Academic Resource Center,"Politics, Policy & Economics",0,4,0.0
"Academic Warning, Probation, and Suspension for Students in the Class of 2025 and Beyond","Student Development, Advising & Skills",0,10,0.0
"Academic Warning, Probation, and Suspension for Students in the Class of 2025 and Beyond",China & Global History,0,10,0.0
"Academic Warning, Probation, and Suspension for Students in the Class of 2025 and Beyond",Language & Writing Courses,0,10,0.0
"Academic Warning, Probation, and Suspension for Students in the Class of 2025 and Beyond",Transfer Credit & Global Education,0,10,0.0
"Academic Warning, Probation, and Suspension for Students in the Class of 2025 and Beyond","Grading, Registration & Academic Standing",7,10,0.7
"Academic Warning, Probation, and Suspension for Students in the Class of 2025 and Beyond","Culture, Literature & the Arts",0,10,0.0
"Academic Warning, Probation, and Suspension for Students in the Class of 2025 and Beyond","Mathematics, Physical Science & Computing",0,10,0.0
"Academic Warning, Probation, and Suspension for Students in the Class of 2025 and Beyond",Placement Credit & Degree Requirements,3,10,0.3
"Academic Warning, Probation, and Suspension for Students in the Class of 2025 and Beyond","Biology, Environment & Global Health",0,10,0.0
"Academic Warning, Probation, and Suspension for Students in the Class of 2025 and Beyond","Politics, Policy & Economics",0,10,0.0
"Academic Warning, Probation, and Suspension for Students in the Classes of 2022-2024","Student Development, Advising & Skills",0,14,0.0
"Academic Warning, Probation, and Suspension for Students in the Classes of 2022-2024",China & Global History,0,14,0.0
"Academic Warning, Probation, and Suspension for Students in the Classes of 2022-2024",Language & Writing Courses,0,14,0.0
"Academic Warning, Probation, and Suspension for Students in the Classes of 2022-2024",Transfer Credit & Global Education,0,14,0.0
"Academic Warning, Probation, and Suspension for Students in the Classes of 2022-2024","Grading, Registration & Academic Standing",12,14,0.857143
"Academic Warning, Probation, and Suspension for Students in the Classes of 2022-2024","Culture, Literature & the Arts",0,14,0.0
"Academic Warning, Probation, and Suspension for Students in the Classes of 2022-2024","Mathematics, Physical Science & Computing",0,14,0.0
"Academic Warning, Probation, and Suspension for Students in the Classes of 2022-2024",Placement Credit & Degree Requirements,2,14,0.142857
"Academic Warning, Probation, and Suspension for Students in the Classes of 2022-2024","Biology, Environment & Global Health",0,14,0.0
"Academic Warning, Probation, and Suspension for Students in the Classes of 2022-2024","Politics, Policy & Economics",0,14,0.0
Accommodations,"Student Development, Advising & Skills",1,3,0.333333
Accommodations,China & Global History,0,3,0.0
Accommodations,Language & Writing Courses,0,3,0.0
Accommodations,Transfer Credit & Global Education,0,3,0.0
Accommodations,"Grading, Registration & Academic Standing",2,3,0.666667
Accommodations,"Culture, Literature & the Arts",0,3,0.0
Accommodations,"Mathematics, Physical Science & Computing",0,3,0.0
Accommodations,Placement Credit & Degree Requirements,0,3,0.0
Accommodations,"Biology, Environment & Global Health",0,3,0.0
Accommodations,"Politics, Policy & Economics",0,3,0.0
Animating Principles,"Student Development, Advising & Skills",1,3,0.333333
Animating Principles,China & Global History,0,3,0.0
Animating Principles,Language & Writing Courses,0,3,0.0
Animating Principles,Transfer Credit & Global Education,1,3,0.333333
Animating Principles,"Grading, Registration & Academic Standing",0,3,0.0
Animating Principles,"Culture, Literature & the Arts",1,3,0.333333
Animating Principles,"Mathematics, Physical Science & Computing",0,3,0.0
Animating Principles,Placement Credit & Degree Requirements,0,3,0.0
Animating Principles,"Biology, Environment & Global Health",0,3,0.0
Animating Principles,"Politics, Policy & Economics",0,3,0.0
Application Requirements,"Student Development, Advising & Skills",0,5,0.0
Application Requirements,China & Global History,0,5,0.0
Application Requirements,Language & Writing Courses,3,5,0.6
Application Requirements,Transfer Credit & Global Education,0,5,0.0
Application Requirements,"Grading, Registration & Academic Standing",1,5,0.2
Application Requirements,"Culture, Literature & the Arts",0,5,0.0
Application Requirements,"Mathematics, Physical Science & Computing",0,5,0.0
Application Requirements,Placement Credit & Degree Requirements,1,5,0.2
Application Requirements,"Biology, Environment & Global Health",0,5,0.0
Application Requirements,"Politics, Policy & Economics",0,5,0.0
Application Timelines,"Student Development, Advising & Skills",0,6,0.0
Application Timelines,China & Global History,0,6,0.0
Application Timelines,Language & Writing Courses,2,6,0.333333
Application Timelines,Transfer Credit & Global Education,1,6,0.166667
Application Timelines,"Grading, Registration & Academic Standing",3,6,0.5
Application Timelines,"Culture, Literature & the Arts",0,6,0.0
Application Timelines,"Mathematics, Physical Science & Computing",0,6,0.0
Application Timelines,Placement Credit & Degree Requirements,0,6,0.0
Application Timelines,"Biology, Environment & Global Health",0,6,0.0
Application Timelines,"Politics, Policy & Economics",0,6,0.0
Applied Mathematics and Computational Sciences,"Student Development, Advising & Skills",0,12,0.0
Applied Mathematics and Computational Sciences,China & Global History,0,12,0.0
Applied Mathematics and Computational Sciences,Language & Writing Courses,0,12,0.0
Applied Mathematics and Computational Sciences,Transfer Credit & Global Education,0,12,0.0
Applied Mathematics and Computational Sciences,"Grading, Registration & Academic Standing",0,12,0.0
Applied Mathematics and Computational Sciences,"Culture, Literature & the Arts",0,12,0.0
Applied Mathematics and Computational Sciences,"Mathematics, Physical Science & Computing",9,12,0.75
Applied Mathematics and Computational Sciences,Placement Credit & Degree Requirements,3,12,0.25
Applied Mathematics and Computational Sciences,"Biology, Environment & Global Health",0,12,0.0
Applied Mathematics and Computational Sciences,"Politics, Policy & Economics",0,12,0.0
Arts (ARTS),"Student Development, Advising & Skills",0,1,0.0
Arts (ARTS),China & Global History,0,1,0.0
Arts (ARTS),Language & Writing Courses,0,1,0.0
Arts (ARTS),Transfer Credit & Global Education,0,1,0.0
Arts (ARTS),"Grading, Registration & Academic Standing",0,1,0.0
Arts (ARTS),"Culture, Literature & the Arts",0,1,0.0
Arts (ARTS),"Mathematics, Physical Science & Computing",0,1,0.0
Arts (ARTS),Placement Credit & Degree Requirements,1,1,1.0
Arts (ARTS),"Biology, Environment & Global Health",0,1,0.0
Arts (ARTS),"Politics, Policy & Economics",0,1,0.0
Arts and Culture,"Student Development, Advising & Skills",0,1,0.0
Arts and Culture,China & Global History,0,1,0.0
Arts and Culture,Language & Writing Courses,0,1,0.0
Arts and Culture,Transfer Credit & Global Education,1,1,1.0
Arts and Culture,"Grading, Registration & Academic Standing",0,1,0.0
Arts and Culture,"Culture, Literature & the Arts",0,1,0.0
Arts and Culture,"Mathematics, Physical Science & Computing",0,1,0.0
Arts and Culture,Placement Credit & Degree Requirements,0,1,0.0
Arts and Culture,"Biology, Environment & Global Health",0,1,0.0
Arts and Culture,"Politics, Policy & Economics",0,1,0.0
Arts and Humanities (ARHU),"Student Development, Advising & Skills",0,2,0.0
Arts and Humanities (ARHU),China & Global History,0,2,0.0
Arts and Humanities (ARHU),Language & Writing Courses,0,2,0.0
Arts and Humanities (ARHU),Transfer Credit & Global Education,0,2,0.0
Arts and Humanities (ARHU),"Grading, Registration & Academic Standing",0,2,0.0
Arts and Humanities (ARHU),"Culture, Literature & the Arts",2,2,1.0
Arts and Humanities (ARHU),"Mathematics, Physical Science & Computing",0,2,0.0
Arts and Humanities (ARHU),Placement Credit & Degree Requirements,0,2,0.0
Arts and Humanities (ARHU),"Biology, Environment & Global Health",0,2,0.0
Arts and Humanities (ARHU),"Politics, Policy & Economics",0,2,0.0
Athletics & University Sports,"Student Development, Advising & Skills",4,5,0.8
Athletics & University Sports,China & Global History,0,5,0.0
Athletics & University Sports,Language & Writing Courses,0,5,0.0
Athletics & University Sports,Transfer Credit & Global Education,1,5,0.2
Athletics & University Sports,"Grading, Registration & Academic Standing",0,5,0.0
Athletics & University Sports,"Culture, Literature & the Arts",0,5,0.0
Athletics & University Sports,"Mathematics, Physical Science & Computing",0,5,0.0
Athletics & University Sports,Placement Credit & Degree Requirements,0,5,0.0
Athletics & University Sports,"Biology, Environment & Global Health",0,5,0.0
Athletics & University Sports,"Politics, Policy & Economics",0,5,0.0
Behavior Science (BEHAVSCI),"Student Development, Advising & Skills",1,11,0.090909
Behavior Science (BEHAVSCI),China & Global History,0,11,0.0
Behavior Science (BEHAVSCI),Language & Writing Courses,0,11,0.0
Behavior Science (BEHAVSCI),Transfer Credit & Global Education,0,11,0.0
Behavior Science (BEHAVSCI),"Grading, Registration & Academic Standing",0,11,0.0
Behavior Science (BEHAVSCI),"Culture, Literature & the Arts",0,11,0.0
Behavior Science (BEHAVSCI),"Mathematics, Physical Science & Computing",3,11,0.272727
Behavior Science (BEHAVSCI),Placement Credit & Degree Requirements,0,11,0.0
Behavior Science (BEHAVSCI),"Biology, Environment & Global Health",1,11,0.090909
Behavior Science (BEHAVSCI),"Politics, Policy & Economics",6,11,0.545455
Behavioral Science,"Student Development, Advising & Skills",1,13,0.076923
Behavioral Science,China & Global History,0,13,0.0
Behavioral Science,Language & Writing Courses,0,13,0.0
Behavioral Science,Transfer Credit & Global Education,0,13,0.0
Behavioral Science,"Grading, Registration & Academic Standing",0,13,0.0
Behavioral Science,"Culture, Literature & the Arts",0,13,0.0
Behavioral Science,"Mathematics, Physical Science & Computing",3,13,0.230769
Behavioral Science,Placement Credit & Degree Requirements,3,13,0.230769
Behavioral Science,"Biology, Environment & Global Health",0,13,0.0
Behavioral Science,"Politics, Policy & Economics",6,13,0.461538
Biology (BIOL),"Student Development, Advising & Skills",0,35,0.0
Biology (BIOL),China & Global History,0,35,0.0
Biology (BIOL),Language & Writing Courses,0,35,0.0
Biology (BIOL),Transfer Credit & Global Education,0,35,0.0
Biology (BIOL),"Grading, Registration & Academic Standing",0,35,0.0
Biology (BIOL),"Culture, Literature & the Arts",1,35,0.028571
Biology (BIOL),"Mathematics, Physical Science & Computing",18,35,0.514286
Biology (BIOL),Placement Credit & Degree Requirements,1,35,0.028571
Biology (BIOL),"Biology, Environment & Global Health",15,35,0.428571
Biology (BIOL),"Politics, Policy & Economics",0,35,0.0
Blue Oasis Student Center,"Student Development, Advising & Skills",2,2,1.0
Blue Oasis Student Center,China & Global History,0,2,0.0
Blue Oasis Student Center,Language & Writing Courses,0,2,0.0
Blue Oasis Student Center,Transfer Credit & Global Education,0,2,0.0
Blue Oasis Student Center,"Grading, Registration & Academic Standing",0,2,0.0
Blue Oasis Student Center,"Culture, Literature & the Arts",0,2,0.0
Blue Oasis Student Center,"Mathematics, Physical Science & Computing",0,2,0.0
Blue Oasis Student Center,Placement Credit & Degree Requirements,0,2,0.0
Blue Oasis Student Center,"Biology, Environment & Global Health",0,2,0.0
Blue Oasis Student Center,"Politics, Policy & Economics",0,2,0.0
Campus Engagement,"Student Development, Advising & Skills",1,1,1.0
Campus Engagement,China & Global History,0,1,0.0
Campus Engagement,Language & Writing Courses,0,1,0.0
Campus Engagement,Transfer Credit & Global Education,0,1,0.0
Campus Engagement,"Grading, Registration & Academic Standing",0,1,0.0
Campus Engagement,"Culture, Literature & the Arts",0,1,0.0
Campus Engagement,"Mathematics, Physical Science & Computing",0,1,0.0
Campus Engagement,Placement Credit & Degree Requirements,0,1,0.0
Campus Engagement,"Biology, Environment & Global Health",0,1,0.0
Campus Engagement,"Politics, Policy & Economics",0,1,0.0
Campus Health Clinic,"Student Development, Advising & Skills",2,2,1.0
Campus Health Clinic,China & Global History,0,2,0.0
Campus Health Clinic,Language & Writing Courses,0,2,0.0
Campus Health Clinic,Transfer Credit & Global Education,0,2,0.0
Campus Health Clinic,"Grading, Registration & Academic Standing",0,2,0.0
Campus Health Clinic,"Culture, Literature & the Arts",0,2,0.0
Campus Health Clinic,"Mathematics, Physical Science & Computing",0,2,0.0
Campus Health Clinic,Placement Credit & Degree Requirements,0,2,0.0
Campus Health Clinic,"Biology, Environment & Global Health",0,2,0.0
Campus Health Clinic,"Politics, Policy & Economics",0,2,0.0
Campus Programs,"Student Development, Advising & Skills",1,3,0.333333
Campus Programs,China & Global History,0,3,0.0
Campus Programs,Language & Writing Courses,0,3,0.0
Campus Programs,Transfer Credit & Global Education,2,3,0.666667
Campus Programs,"Grading, Registration & Academic Standing",0,3,0.0
Campus Programs,"Culture, Literature & the Arts",0,3,0.0
Campus Programs,"Mathematics, Physical Science & Computing",0,3,0.0
Campus Programs,Placement Credit & Degree Requirements,0,3,0.0
Campus Programs,"Biology, Environment & Global Health",0,3,0.0
Campus Programs,"Politics, Policy & Economics",0,3,0.0
Career Services,"Student Development, Advising & Skills",1,6,0.166667
Career Services,China & Global History,0,6,0.0
Career Services,Language & Writing Courses,1,6,0.166667
Career Services,Transfer Credit & Global Education,4,6,0.666667
Career Services,"Grading, Registration & Academic Standing",0,6,0.0
Career Services,"Culture, Literature & the Arts",0,6,0.0
Career Services,"Mathematics, Physical Science & Computing",0,6,0.0
Career Services,Placement Credit & Degree Requirements,0,6,0.0
Career Services,"Biology, Environment & Global Health",0,6,0.0
Career Services,"Politics, Policy & Economics",0,6,0.0
Changes in Status,"Student Development, Advising & Skills",0,16,0.0
Changes in Status,China & Global History,0,16,0.0
Changes in Status,Language & Writing Courses,0,16,0.0
Changes in Status,Transfer Credit & Global Education,4,16,0.25
Changes in Status,"Grading, Registration & Academic Standing",11,16,0.6875
Changes in Status,"Culture, Literature & the Arts",0,16,0.0
Changes in Status,"Mathematics, Physical Science & Computing",0,16,0.0
Changes in Status,Placement Credit & Degree Requirements,1,16,0.0625
Changes in Status,"Biology, Environment & Global Health",0,16,0.0
Changes in Status,"Politics, Policy & Economics",0,16,0.0
Chemistry (CHEM),"Student Development, Advising & Skills",0,17,0.0
Chemistry (CHEM),China & Global History,0,17,0.0
Chemistry (CHEM),Language & Writing Courses,0,17,0.0
Chemistry (CHEM),Transfer Credit & Global Education,0,17,0.0
Chemistry (CHEM),"Grading, Registration & Academic Standing",0,17,0.0
Chemistry (CHEM),"Culture, Literature & the Arts",0,17,0.0
Chemistry (CHEM),"Mathematics, Physical Science & Computing",15,17,0.882353
Chemistry (CHEM),Placement Credit & Degree Requirements,1,17,0.058824
Chemistry (CHEM),"Biology, Environment & Global Health",1,17,0.058824
Chemistry (CHEM),"Politics, Policy & Economics",0,17,0.0
Chinese (CHINESE),"Student Development, Advising & Skills",0,36,0.0
Chinese (CHINESE),China & Global History,0,36,0.0
Chinese (CHINESE),Language & Writing Courses,36,36,1.0
Chinese (CHINESE),Transfer Credit & Global Education,0,36,0.0
Chinese (CHINESE),"Grading, Registration & Academic Standing",0,36,0.0
Chinese (CHINESE),"Culture, Literature & the Arts",0,36,0.0
Chinese (CHINESE),"Mathematics, Physical Science & Computing",0,36,0.0
Chinese (CHINESE),Placement Credit & Degree Requirements,0,36,0.0
Chinese (CHINESE),"Biology, Environment & Global Health",0,36,0.0
Chinese (CHINESE),"Politics, Policy & Economics",0,36,0.0
Chinese Society and Culture (CHSC),"Student Development, Advising & Skills",0,9,0.0
Chinese Society and Culture (CHSC),China & Global History,6,9,0.666667
Chinese Society and Culture (CHSC),Language & Writing Courses,2,9,0.222222
Chinese Society and Culture (CHSC),Transfer Credit & Global Education,0,9,0.0
Chinese Society and Culture (CHSC),"Grading, Registration & Academic Standing",0,9,0.0
Chinese Society and Culture (CHSC),"Culture, Literature & the Arts",0,9,0.0
Chinese Society and Culture (CHSC),"Mathematics, Physical Science & Computing",0,9,0.0
Chinese Society and Culture (CHSC),Placement Credit & Degree Requirements,1,9,0.111111
Chinese Society and Culture (CHSC),"Biology, Environment & Global Health",0,9,0.0
Chinese Society and Culture (CHSC),"Politics, Policy & Economics",0,9,0.0
Chinese Student Services and Student Mobility,"Student Development, Advising & Skills",1,3,0.333333
Chinese Student Services and Student Mobility,China & Global History,0,3,0.0
Chinese Student Services and Student Mobility,Language & Writing Courses,1,3,0.333333
Chinese Student Services and Student Mobility,Transfer Credit & Global Education,1,3,0.333333
Chinese Student Services and Student Mobility,"Grading, Registration & Academic Standing",0,3,0.0
Chinese Student Services and Student Mobility,"Culture, Literature & the Arts",0,3,0.0
Chinese Student Services and Student Mobility,"Mathematics, Physical Science & Computing",0,3,0.0
Chinese Student Services and Student Mobility,Placement Credit & Degree Requirements,0,3,0.0
Chinese Student Services and Student Mobility,"Biology, Environment & Global Health",0,3,0.0
Chinese Student Services and Student Mobility,"Politics, Policy & Economics",0,3,0.0
Class Attendance and Missed Work,"Student Development, Advising & Skills",0,4,0.0
Class Attendance and Missed Work,China & Global History,0,4,0.0
Class Attendance and Missed Work,Language & Writing Courses,0,4,0.0
Class Attendance and Missed Work,Transfer Credit & Global Education,0,4,0.0
Class Attendance and Missed Work,"Grading, Registration & Academic Standing",4,4,1.0
Class Attendance and Missed Work,"Culture, Literature & the Arts",0,4,0.0
Class Attendance and Missed Work,"Mathematics, Physical Science & Computing",0,4,0.0
Class Attendance and Missed Work,Placement Credit & Degree Requirements,0,4,0.0
Class Attendance and Missed Work,"Biology, Environment & Global Health",0,4,0.0
Class Attendance and Missed Work,"Politics, Policy & Economics",0,4,0.0
Class Scheduling,"Student Development, Advising & Skills",0,1,0.0
Class Scheduling,China & Global History,0,1,0.0
Class Scheduling,Language & Writing Courses,0,1,0.0
Class Scheduling,Transfer Credit & Global Education,0,1,0.0
Class Scheduling,"Grading, Registration & Academic Standing",1,1,1.0
Class Scheduling,"Culture, Literature & the Arts",0,1,0.0
Class Scheduling,"Mathematics, Physical Science & Computing",0,1,0.0
Class Scheduling,Placement Credit & Degree Requirements,0,1,0.0
Class Scheduling,"Biology, Environment & Global Health",0,1,0.0
Class Scheduling,"Politics, Policy & Economics",0,1,0.0
Compliance with Academic Regulations,"Student Development, Advising & Skills",0,1,0.0
Compliance with Academic Regulations,China & Global History,0,1,0.0
Compliance with Academic Regulations,Language & Writing Courses,0,1,0.0
Compliance with Academic Regulations,Transfer Credit & Global Education,0,1,0.0
Compliance with Academic Regulations,"Grading, Registration & Academic Standing",1,1,1.0
Compliance with Academic Regulations,"Culture, Literature & the Arts",0,1,0.0
Compliance with Academic Regulations,"Mathematics, Physical Science & Computing",0,1,0.0
Compliance with Academic Regulations,Placement Credit & Degree Requirements,0,1,0.0
Compliance with Academic Regulations,"Biology, Environment & Global Health",0,1,0.0
Compliance with Academic Regulations,"Politics, Policy & Economics",0,1,0.0
Computation and Design,"Student Development, Advising & Skills",2,27,0.074074
Computation and Design,China & Global History,4,27,0.148148
Computation and Design,Language & Writing Courses,0,27,0.0
Computation and Design,Transfer Credit & Global Education,0,27,0.0
Computation and Design,"Grading, Registration & Academic Standing",0,27,0.0
Computation and Design,"Culture, Literature & the Arts",4,27,0.148148
Computation and Design,"Mathematics, Physical Science & Computing",6,27,0.222222
Computation and Design,Placement Credit & Degree Requirements,3,27,0.111111
Computation and Design,"Biology, Environment & Global Health",1,27,0.037037
Computation and Design,"Politics, Policy & Economics",7,27,0.259259
Computer Design (COMPDSGN),"Student Development, Advising & Skills",0,1,0.0
Computer Design (COMPDSGN),China & Global History,0,1,0.0
Computer Design (COMPDSGN),Language & Writing Courses,0,1,0.0
Computer Design (COMPDSGN),Transfer Credit & Global Education,0,1,0.0
Computer Design (COMPDSGN),"Grading, Registration & Academic Standing",0,1,0.0
Computer Design (COMPDSGN),"Culture, Literature & the Arts",0,1,0.0
Computer Design (COMPDSGN),"Mathematics, Physical Science & Computing",1,1,1.0
Computer Design (COMPDSGN),Placement Credit & Degree Requirements,0,1,0.0
Computer Design (COMPDSGN),"Biology, Environment & Global Health",0,1,0.0
Computer Design (COMPDSGN),"Politics, Policy & Economics",0,1,0.0
Computer Science (COMPSCI),"Student Development, Advising & Skills",0,23,0.0
Computer Science (COMPSCI),China & Global History,0,23,0.0
Computer Science (COMPSCI),Language & Writing Courses,2,23,0.086957
Computer Science (COMPSCI),Transfer Credit & Global Education,0,23,0.0
Computer Science (COMPSCI),"Grading, Registration & Academic Standing",1,23,0.043478
Computer Science (COMPSCI),"Culture, Literature & the Arts",0,23,0.0
Computer Science (COMPSCI),"Mathematics, Physical Science & Computing",18,23,0.782609
Computer Science (COMPSCI),Placement Credit & Degree Requirements,2,23,0.086957
Computer Science (COMPSCI),"Biology, Environment & Global Health",0,23,0.0
Computer Science (COMPSCI),"Politics, Policy & Economics",0,23,0.0
Counseling and Psychological Services (CAPS),"Student Development, Advising & Skills",1,2,0.5
Counseling and Psychological Services (CAPS),China & Global History,0,2,0.0
Counseling and Psychological Services (CAPS),Language & Writing Courses,0,2,0.0
Counseling and Psychological Services (CAPS),Transfer Credit & Global Education,1,2,0.5
Counseling and Psychological Services (CAPS),"Grading, Registration & Academic Standing",0,2,0.0
Counseling and Psychological Services (CAPS),"Culture, Literature & the Arts",0,2,0.0
Counseling and Psychological Services (CAPS),"Mathematics, Physical Science & Computing",0,2,0.0
Counseling and Psychological Services (CAPS),Placement Credit & Degree Requirements,0,2,0.0
Counseling and Psychological Services (CAPS),"Biology, Environment & Global Health",0,2,0.0
Counseling and Psychological Services (CAPS),"Politics, Policy & Economics",0,2,0.0
Course Audit,"Student Development, Advising & Skills",0,2,0.0
Course Audit,China & Global History,0,2,0.0
Course Audit,Language & Writing Courses,0,2,0.0
Course Audit,Transfer Credit & Global Education,1,2,0.5
Course Audit,"Grading, Registration & Academic Standing",1,2,0.5
Course Audit,"Culture, Literature & the Arts",0,2,0.0
Course Audit,"Mathematics, Physical Science & Computing",0,2,0.0
Course Audit,Placement Credit & Degree Requirements,0,2,0.0
Course Audit,"Biology, Environment & Global Health",0,2,0.0
Course Audit,"Politics, Policy & Economics",0,2,0.0
Course Descriptions,"Student Development, Advising & Skills",0,1,0.0
Course Descriptions,China & Global History,0,1,0.0
Course Descriptions,Language & Writing Courses,0,1,0.0
Course Descriptions,Transfer Credit & Global Education,0,1,0.0
Course Descriptions,"Grading, Registration & Academic Standing",0,1,0.0
Course Descriptions,"Culture, Literature & the Arts",0,1,0.0
Course Descriptions,"Mathematics, Physical Science & Computing",0,1,0.0
Course Descriptions,Placement Credit & Degree Requirements,1,1,1.0
Course Descriptions,"Biology, Environment & Global Health",0,1,0.0
Course Descriptions,"Politics, Policy & Economics",0,1,0.0
Course Repeat,"Student Development, Advising & Skills",0,7,0.0
Course Repeat,China & Global History,0,7,0.0
Course Repeat,Language & Writing Courses,0,7,0.0
Course Repeat,Transfer Credit & Global Education,3,7,0.428571
Course Repeat,"Grading, Registration & Academic Standing",1,7,0.142857
Course Repeat,"Culture, Literature & the Arts",0,7,0.0
Course Repeat,"Mathematics, Physical Science & Computing",0,7,0.0
Course Repeat,Placement Credit & Degree Requirements,3,7,0.428571
Course Repeat,"Biology, Environment & Global Health",0,7,0.0
Course Repeat,"Politics, Policy & Economics",0,7,0.0
Cultural Anthropology (CULANTH),"Student Development, Advising & Skills",0,21,0.0
Cultural Anthropology (CULANTH),China & Global History,3,21,0.142857
Cultural Anthropology (CULANTH),Language & Writing Courses,0,21,0.0
Cultural Anthropology (CULANTH),Transfer Credit & Global Education,0,21,0.0
Cultural Anthropology (CULANTH),"Grading, Registration & Academic Standing",0,21,0.0
Cultural Anthropology (CULANTH),"Culture, Literature & the Arts",13,21,0.619048
Cultural Anthropology (CULANTH),"Mathematics, Physical Science & Computing",0,21,0.0
Cultural Anthropology (CULANTH),Placement Credit & Degree Requirements,1,21,0.047619
Cultural Anthropology (CULANTH),"Biology, Environment & Global Health",0,21,0.0
Cultural Anthropology (CULANTH),"Politics, Policy & Economics",4,21,0.190476
Cultures and Movements,"Student Development, Advising & Skills",1,33,0.030303
Cultures and Movements,China & Global History,18,33,0.545455
Cultures and Movements,Language & Writing Courses,0,33,0.0
Cultures and Movements,Transfer Credit & Global Education,0,33,0.0
Cultures and Movements,"Grading, Registration & Academic Standing",0,33,0.0
Cultures and Movements,"Culture, Literature & the Arts",4,33,0.121212
Cultures and Movements,"Mathematics, Physical Science & Computing",0,33,0.0
Cultures and Movements,Placement Credit & Degree Requirements,2,33,0.060606
Cultures and Movements,"Biology, Environment & Global Health",0,33,0.0
Cultures and Movements,"Politics, Policy & Economics",8,33,0.242424
Cultures and Movements (CULMOVE),"Student Development, Advising & Skills",2,10,0.2
Cultures and Movements (CULMOVE),China & Global History,3,10,0.3
Cultures and Movements (CULMOVE),Language & Writing Courses,0,10,0.0
Cultures and Movements (CULMOVE),Transfer Credit & Global Education,0,10,0.0
Cultures and Movements (CULMOVE),"Grading, Registration & Academic Standing",0,10,0.0
Cultures and Movements (CULMOVE),"Culture, Literature & the Arts",4,10,0.4
Cultures and Movements (CULMOVE),"Mathematics, Physical Science & Computing",0,10,0.0
Cultures and Movements (CULMOVE),Placement Credit & Degree Requirements,0,10,0.0
Cultures and Movements (CULMOVE),"Biology, Environment & Global Health",0,10,0.0
Cultures and Movements (CULMOVE),"Politics, Policy & Economics",1,10,0.1
Data Science,"Student Development, Advising & Skills",0,6,0.0
Data Science,China & Global History,0,6,0.0
Data Science,Language & Writing Courses,0,6,0.0
Data Science,Transfer Credit & Global Education,0,6,0.0
Data Science,"Grading, Registration & Academic Standing",0,6,0.0
Data Science,"Culture, Literature & the Arts",0,6,0.0
Data Science,"Mathematics, Physical Science & Computing",3,6,0.5
Data Science,Placement Credit & Degree Requirements,2,6,0.333333
Data Science,"Biology, Environment & Global Health",0,6,0.0
Data Science,"Politics, Policy & Economics",1,6,0.166667
Declaration of Major,"Student Development, Advising & Skills",0,3,0.0
Declaration of Major,China & Global History,0,3,0.0
Declaration of Major,Language & Writing Courses,0,3,0.0
Declaration of Major,Transfer Credit & Global Education,2,3,0.666667
Declaration of Major,"Grading, Registration & Academic Standing",1,3,0.333333
Declaration of Major,"Culture, Literature & the Arts",0,3,0.0
Declaration of Major,"Mathematics, Physical Science & Computing",0,3,0.0
Declaration of Major,Placement Credit & Degree Requirements,0,3,0.0
Declaration of Major,"Biology, Environment & Global Health",0,3,0.0
Declaration of Major,"Politics, Policy & Economics",0,3,0.0
Degree Requirements,"Student Development, Advising & Skills",10,40,0.25
Degree Requirements,China & Global History,0,40,0.0
Degree Requirements,Language & Writing Courses,6,40,0.15
Degree Requirements,Transfer Credit & Global Education,9,40,0.225
Degree Requirements,"Grading, Registration & Academic Standing",0,40,0.0
Degree Requirements,"Culture, Literature & the Arts",0,40,0.0
Degree Requirements,"Mathematics, Physical Science & Computing",1,40,0.025
Degree Requirements,Placement Credit & Degree Requirements,14,40,0.35
Degree Requirements,"Biology, Environment & Global Health",0,40,0.0
Degree Requirements,"Politics, Policy & Economics",0,40,0.0
Dual Degrees,"Student Development, Advising & Skills",0,1,0.0
Dual Degrees,China & Global History,0,1,0.0
Dual Degrees,Language & Writing Courses,0,1,0.0
Dual Degrees,Transfer Credit & Global Education,1,1,1.0
Dual Degrees,"Grading, Registration & Academic Standing",0,1,0.0
Dual Degrees,"Culture, Literature & the Arts",0,1,0.0
Dual Degrees,"Mathematics, Physical Science & Computing",0,1,0.0
Dual Degrees,Placement Credit & Degree Requirements,0,1,0.0
Dual Degrees,"Biology, Environment & Global Health",0,1,0.0
Dual Degrees,"Politics, Policy & Economics",0,1,0.0
Duke Kunshan University Community Standard,"Student Development, Advising & Skills",0,1,0.0
Duke Kunshan University Community Standard,China & Global History,0,1,0.0
Duke Kunshan University Community Standard,Language & Writing Courses,0,1,0.0
Duke Kunshan University Community Standard,Transfer Credit & Global Education,1,1,1.0
Duke Kunshan University Community Standard,"Grading, Registration & Academic Standing",0,1,0.0
Duke Kunshan University Community Standard,"Culture, Literature & the Arts",0,1,0.0
Duke Kunshan University Community Standard,"Mathematics, Physical Science & Computing",0,1,0.0
Duke Kunshan University Community Standard,Placement Credit & Degree Requirements,0,1,0.0
Duke Kunshan University Community Standard,"Biology, Environment & Global Health",0,1,0.0
Duke Kunshan University Community Standard,"Politics, Policy & Economics",0,1,0.0
Economics (ECON),"Student Development, Advising & Skills",0,26,0.0
Economics (ECON),China & Global History,0,26,0.0
Economics (ECON),Language & Writing Courses,0,26,0.0
Economics (ECON),Transfer Credit & Global Education,0,26,0.0
Economics (ECON),"Grading, Registration & Academic Standing",0,26,0.0
Economics (ECON),"Culture, Literature & the Arts",0,26,0.0
Economics (ECON),"Mathematics, Physical Science & Computing",3,26,0.115385
Economics (ECON),Placement Credit & Degree Requirements,2,26,0.076923
Economics (ECON),"Biology, Environment & Global Health",3,26,0.115385
Economics (ECON),"Politics, Policy & Economics",18,26,0.692308
Education Records,"Student Development, Advising & Skills",0,4,0.0
Education Records,China & Global History,0,4,0.0
Education Records,Language & Writing Courses,0,4,0.0
Education Records,Transfer Credit & Global Education,3,4,0.75
Education Records,"Grading, Registration & Academic Standing",1,4,0.25
Education Records,"Culture, Literature & the Arts",0,4,0.0
Education Records,"Mathematics, Physical Science & Computing",0,4,0.0
Education Records,Placement Credit & Degree Requirements,0,4,0.0
Education Records,"Biology, Environment & Global Health",0,4,0.0
Education Records,"Politics, Policy & Economics",0,4,0.0
Eligibility for Courses,"Student Development, Advising & Skills",0,4,0.0
Eligibility for Courses,China & Global History,0,4,0.0
Eligibility for Courses,Language & Writing Courses,2,4,0.5
Eligibility for Courses,Transfer Credit & Global Education,0,4,0.0
Eligibility for Courses,"Grading, Registration & Academic Standing",0,4,0.0
Eligibility for Courses,"Culture, Literature & the Arts",0,4,0.0
Eligibility for Courses,"Mathematics, Physical Science & Computing",0,4,0.0
Eligibility for Courses,Placement Credit & Degree Requirements,2,4,0.5
Eligibility for Courses,"Biology, Environment & Global Health",0,4,0.0
Eligibility for Courses,"Politics, Policy & Economics",0,4,0.0
English (ENGLISH),"Student Development, Advising & Skills",0,2,0.0
English (ENGLISH),China & Global History,0,2,0.0
English (ENGLISH),Language & Writing Courses,0,2,0.0
English (ENGLISH),Transfer Credit & Global Education,0,2,0.0
English (ENGLISH),"Grading, Registration & Academic Standing",0,2,0.0
English (ENGLISH),"Culture, Literature & the Arts",0,2,0.0
English (ENGLISH),"Mathematics, Physical Science & Computing",0,2,0.0
English (ENGLISH),Placement Credit & Degree Requirements,2,2,1.0
English (ENGLISH),"Biology, Environment & Global Health",0,2,0.0
English (ENGLISH),"Politics, Policy & Economics",0,2,0.0
English for Academic Purposes (EAP),"Student Development, Advising & Skills",0,10,0.0
English for Academic Purposes (EAP),China & Global History,0,10,0.0
English for Academic Purposes (EAP),Language & Writing Courses,9,10,0.9
English for Academic Purposes (EAP),Transfer Credit & Global Education,0,10,0.0
English for Academic Purposes (EAP),"Grading, Registration & Academic Standing",0,10,0.0
English for Academic Purposes (EAP),"Culture, Literature & the Arts",1,10,0.1
English for Academic Purposes (EAP),"Mathematics, Physical Science & Computing",0,10,0.0
English for Academic Purposes (EAP),Placement Credit & Degree Requirements,0,10,0.0
English for Academic Purposes (EAP),"Biology, Environment & Global Health",0,10,0.0
English for Academic Purposes (EAP),"Politics, Policy & Economics",0,10,0.0
Entrance Credit and Placement,"Student Development, Advising & Skills",0,16,0.0
Entrance Credit and Placement,China & Global History,0,16,0.0
Entrance Credit and Placement,Language & Writing Courses,6,16,0.375
Entrance Credit and Placement,Transfer Credit & Global Education,8,16,0.5
Entrance Credit and Placement,"Grading, Registration & Academic Standing",0,16,0.0
Entrance Credit and Placement,"Culture, Literature & the Arts",0,16,0.0
Entrance Credit and Placement,"Mathematics, Physical Science & Computing",0,16,0.0
Entrance Credit and Placement,Placement Credit & Degree Requirements,2,16,0.125
Entrance Credit and Placement,"Biology, Environment & Global Health",0,16,0.0
Entrance Credit and Placement,"Politics, Policy & Economics",0,16,0.0
Environment (ENVIR),"Student Development, Advising & Skills",0,16,0.0
Environment (ENVIR),China & Global History,1,16,0.0625
Environment (ENVIR),Language & Writing Courses,0,16,0.0
Environment (ENVIR),Transfer Credit & Global Education,0,16,0.0
Environment (ENVIR),"Grading, Registration & Academic Standing",0,16,0.0
Environment (ENVIR),"Culture, Literature & the Arts",0,16,0.0
Environment (ENVIR),"Mathematics, Physical Science & Computing",1,16,0.0625
Environment (ENVIR),Placement Credit & Degree Requirements,1,16,0.0625
Environment (ENVIR),"Biology, Environment & Global Health",13,16,0.8125
Environment (ENVIR),"Politics, Policy & Economics",0,16,0.0
Environmental Science,"Student Development, Advising & Skills",0,23,0.0
Environmental Science,China & Global History,0,23,0.0
Environmental Science,Language & Writing Courses,0,23,0.0
Environmental Science,Transfer Credit & Global Education,0,23,0.0
Environmental Science,"Grading, Registration & Academic Standing",0,23,0.0
Environmental Science,"Culture, Literature & the Arts",0,23,0.0
Environmental Science,"Mathematics, Physical Science & Computing",2,23,0.086957
Environmental Science,Placement Credit & Degree Requirements,2,23,0.086957
Environmental Science,"Biology, Environment & Global Health",18,23,0.782609
Environmental Science,"Politics, Policy & Economics",1,23,0.043478
Estimated Expenses,"Student Development, Advising & Skills",0,12,0.0
Estimated Expenses,China & Global History,0,12,0.0
Estimated Expenses,Language & Writing Courses,5,12,0.416667
Estimated Expenses,Transfer Credit & Global Education,2,12,0.166667
Estimated Expenses,"Grading, Registration & Academic Standing",5,12,0.416667
Estimated Expenses,"Culture, Literature & the Arts",0,12,0.0
Estimated Expenses,"Mathematics, Physical Science & Computing",0,12,0.0
Estimated Expenses,Placement Credit & Degree Requirements,0,12,0.0
Estimated Expenses,"Biology, Environment & Global Health",0,12,0.0
Estimated Expenses,"Politics, Policy & Economics",0,12,0.0
Ethics and Leadership,"Student Development, Advising & Skills",1,14,0.071429
Ethics and Leadership,China & Global History,0,14,0.0
Ethics and Leadership,Language & Writing Courses,0,14,0.0
Ethics and Leadership,Transfer Credit & Global Education,0,14,0.0
Ethics and Leadership,"Grading, Registration & Academic Standing",0,14,0.0
Ethics and Leadership,"Culture, Literature & the Arts",2,14,0.142857
Ethics and Leadership,"Mathematics, Physical Science & Computing",0,14,0.0
Ethics and Leadership,Placement Credit & Degree Requirements,1,14,0.071429
Ethics and Leadership,"Biology, Environment & Global Health",0,14,0.0
Ethics and Leadership,"Politics, Policy & Economics",10,14,0.714286
Ethics and Leadership (ETHLDR),"Student Development, Advising & Skills",2,13,0.153846
Ethics and Leadership (ETHLDR),China & Global History,0,13,0.0
Ethics and Leadership (ETHLDR),Language & Writing Courses,0,13,0.0
Ethics and Leadership (ETHLDR),Transfer Credit & Global Education,0,13,0.0
Ethics and Leadership (ETHLDR),"Grading, Registration & Academic Standing",0,13,0.0
Ethics and Leadership (ETHLDR),"Culture, Literature & the Arts",1,13,0.076923
Ethics and Leadership (ETHLDR),"Mathematics, Physical Science & Computing",0,13,0.0
Ethics and Leadership (ETHLDR),Placement Credit & Degree Requirements,0,13,0.0
Ethics and Leadership (ETHLDR),"Biology, Environment & Global Health",1,13,0.076923
Ethics and Leadership (ETHLDR),"Politics, Policy & Economics",9,13,0.692308
Exclusion of Disruptive Students from a Course,"Student Development, Advising & Skills",1,2,0.5
Exclusion of Disruptive Students from a Course,China & Global History,0,2,0.0
Exclusion of Disruptive Students from a Course,Language & Writing Courses,0,2,0.0
Exclusion of Disruptive Students from a Course,Transfer Credit & Global Education,0,2,0.0
Exclusion of Disruptive Students from a Course,"Grading, Registration & Academic Standing",1,2,0.5
Exclusion of Disruptive Students from a Course,"Culture, Literature & the Arts",0,2,0.0
Exclusion of Disruptive Students from a Course,"Mathematics, Physical Science & Computing",0,2,0.0
Exclusion of Disruptive Students from a Course,Placement Credit & Degree Requirements,0,2,0.0
Exclusion of Disruptive Students from a Course,"Biology, Environment & Global Health",0,2,0.0
Exclusion of Disruptive Students from a Course,"Politics, Policy & Economics",0,2,0.0
Final Examinations,"Student Development, Advising & Skills",0,4,0.0
Final Examinations,China & Global History,0,4,0.0
Final Examinations,Language & Writing Courses,0,4,0.0
Final Examinations,Transfer Credit & Global Education,0,4,0.0
Final Examinations,"Grading, Registration & Academic Standing",4,4,1.0
Final Examinations,"Culture, Literature & the Arts",0,4,0.0
Final Examinations,"Mathematics, Physical Science & Computing",0,4,0.0
Final Examinations,Placement Credit & Degree Requirements,0,4,0.0
Final Examinations,"Biology, Environment & Global Health",0,4,0.0
Final Examinations,"Politics, Policy & Economics",0,4,0.0
French (FRENCH),"Student Development, Advising & Skills",1,2,0.5
French (FRENCH),China & Global History,0,2,0.0
French (FRENCH),Language & Writing Courses,0,2,0.0
French (FRENCH),Transfer Credit & Global Education,0,2,0.0
French (FRENCH),"Grading, Registration & Academic Standing",0,2,0.0
French (FRENCH),"Culture, Literature & the Arts",0,2,0.0
French (FRENCH),"Mathematics, Physical Science & Computing",0,2,0.0
French (FRENCH),Placement Credit & Degree Requirements,1,2,0.5
French (FRENCH),"Biology, Environment & Global Health",0,2,0.0
French (FRENCH),"Politics, Policy & Economics",0,2,0.0
General Information,"Student Development, Advising & Skills",1,4,0.25
General Information,China & Global History,0,4,0.0
General Information,Language & Writing Courses,0,4,0.0
General Information,Transfer Credit & Global Education,1,4,0.25
General Information,"Grading, Registration & Academic Standing",0,4,0.0
General Information,"Culture, Literature & the Arts",0,4,0.0
General Information,"Mathematics, Physical Science & Computing",0,4,0.0
General Information,Placement Credit & Degree Requirements,0,4,0.0
General Information,"Biology, Environment & Global Health",1,4,0.25
General Information,"Politics, Policy & Economics",1,4,0.25
German (GERMAN),"Student Development, Advising & Skills",0,2,0.0
German (GERMAN),China & Global History,0,2,0.0
German (GERMAN),Language & Writing Courses,1,2,0.5
German (GERMAN),Transfer Credit & Global Education,0,2,0.0
German (GERMAN),"Grading, Registration & Academic Standing",0,2,0.0
German (GERMAN),"Culture, Literature & the Arts",0,2,0.0
German (GERMAN),"Mathematics, Physical Science & Computing",0,2,0.0
German (GERMAN),Placement Credit & Degree Requirements,1,2,0.5
German (GERMAN),"Biology, Environment & Global Health",0,2,0.0
German (GERMAN),"Politics, Policy & Economics",0,2,0.0
Global Challenges (GLOCHALL),"Student Development, Advising & Skills",0,1,0.0
Global Challenges (GLOCHALL),China & Global History,0,1,0.0
Global Challenges (GLOCHALL),Language & Writing Courses,1,1,1.0
Global Challenges (GLOCHALL),Transfer Credit & Global Education,0,1,0.0
Global Challenges (GLOCHALL),"Grading, Registration & Academic Standing",0,1,0.0
Global Challenges (GLOCHALL),"Culture, Literature & the Arts",0,1,0.0
Global Challenges (GLOCHALL),"Mathematics, Physical Science & Computing",0,1,0.0
Global Challenges (GLOCHALL),Placement Credit & Degree Requirements,0,1,0.0
Global Challenges (GLOCHALL),"Biology, Environment & Global Health",0,1,0.0
Global Challenges (GLOCHALL),"Politics, Policy & Economics",0,1,0.0
Global China Studies,"Student Development, Advising & Skills",1,34,0.029412
Global China Studies,China & Global History,24,34,0.705882
Global China Studies,Language & Writing Courses,0,34,0.0
Global China Studies,Transfer Credit & Global Education,0,34,0.0
Global China Studies,"Grading, Registration & Academic Standing",0,34,0.0
Global China Studies,"Culture, Literature & the Arts",0,34,0.0
Global China Studies,"Mathematics, Physical Science & Computing",0,34,0.0
Global China Studies,Placement Credit & Degree Requirements,4,34,0.117647
Global China Studies,"Biology, Environment & Global Health",1,34,0.029412
Global China Studies,"Politics, Policy & Economics",4,34,0.117647
Global China Studies (GCHINA),"Student Development, Advising & Skills",0,8,0.0
Global China Studies (GCHINA),China & Global History,8,8,1.0
Global China Studies (GCHINA),Language & Writing Courses,0,8,0.0
Global China Studies (GCHINA),Transfer Credit & Global Education,0,8,0.0
Global China Studies (GCHINA),"Grading, Registration & Academic Standing",0,8,0.0
Global China Studies (GCHINA),"Culture, Literature & the Arts",0,8,0.0
Global China Studies (GCHINA),"Mathematics, Physical Science & Computing",0,8,0.0
Global China Studies (GCHINA),Placement Credit & Degree Requirements,0,8,0.0
Global China Studies (GCHINA),"Biology, Environment & Global Health",0,8,0.0
Global China Studies (GCHINA),"Politics, Policy & Economics",0,8,0.0
Global Cultural Studies,"Student Development, Advising & Skills",0,18,0.0
Global Cultural Studies,China & Global History,6,18,0.333333
Global Cultural Studies,Language & Writing Courses,0,18,0.0
Global Cultural Studies,Transfer Credit & Global Education,0,18,0.0
Global Cultural Studies,"Grading, Registration & Academic Standing",0,18,0.0
Global Cultural Studies,"Culture, Literature & the Arts",9,18,0.5
Global Cultural Studies,"Mathematics, Physical Science & Computing",0,18,0.0
Global Cultural Studies,Placement Credit & Degree Requirements,1,18,0.055556
Global Cultural Studies,"Biology, Environment & Global Health",0,18,0.0
Global Cultural Studies,"Politics, Policy & Economics",2,18,0.111111
Global Cultural Studies (GCULS),"Student Development, Advising & Skills",0,16,0.0
Global Cultural Studies (GCULS),China & Global History,3,16,0.1875
Global Cultural Studies (GCULS),Language & Writing Courses,0,16,0.0
Global Cultural Studies (GCULS),Transfer Credit & Global Education,0,16,0.0
Global Cultural Studies (GCULS),"Grading, Registration & Academic Standing",0,16,0.0
Global Cultural Studies (GCULS),"Culture, Literature & the Arts",13,16,0.8125
Global Cultural Studies (GCULS),"Mathematics, Physical Science & Computing",0,16,0.0
Global Cultural Studies (GCULS),Placement Credit & Degree Requirements,0,16,0.0
Global Cultural Studies (GCULS),"Biology, Environment & Global Health",0,16,0.0
Global Cultural Studies (GCULS),"Politics, Policy & Economics",0,16,0.0
Global Health,"Student Development, Advising & Skills",0,10,0.0
Global Health,China & Global History,1,10,0.1
Global Health,Language & Writing Courses,0,10,0.0
Global Health,Transfer Credit & Global Education,0,10,0.0
Global Health,"Grading, Registration & Academic Standing",0,10,0.0
Global Health,"Culture, Literature & the Arts",0,10,0.0
Global Health,"Mathematics, Physical Science & Computing",0,10,0.0
Global Health,Placement Credit & Degree Requirements,1,10,0.1
Global Health,"Biology, Environment & Global Health",6,10,0.6
Global Health,"Politics, Policy & Economics",2,10,0.2
Global Health (GLHLTH),"Student Development, Advising & Skills",0,19,0.0
Global Health (GLHLTH),China & Global History,0,19,0.0
Global Health (GLHLTH),Language & Writing Courses,0,19,0.0
Global Health (GLHLTH),Transfer Credit & Global Education,1,19,0.052632
Global Health (GLHLTH),"Grading, Registration & Academic Standing",0,19,0.0
Global Health (GLHLTH),"Culture, Literature & the Arts",4,19,0.210526
Global Health (GLHLTH),"Mathematics, Physical Science & Computing",2,19,0.105263
Global Health (GLHLTH),Placement Credit & Degree Requirements,0,19,0.0
Global Health (GLHLTH),"Biology, Environment & Global Health",8,19,0.421053
Global Health (GLHLTH),"Politics, Policy & Economics",4,19,0.210526
Grade Review Procedure,"Student Development, Advising & Skills",0,7,0.0
Grade Review Procedure,China & Global History,0,7,0.0
Grade Review Procedure,Language & Writing Courses,0,7,0.0
Grade Review Procedure,Transfer Credit & Global Education,2,7,0.285714
Grade Review Procedure,"Grading, Registration & Academic Standing",5,7,0.714286
Grade Review Procedure,"Culture, Literature & the Arts",0,7,0.0
Grade Review Procedure,"Mathematics, Physical Science & Computing",0,7,0.0
Grade Review Procedure,Placement Credit & Degree Requirements,0,7,0.0
Grade Review Procedure,"Biology, Environment & Global Health",0,7,0.0
Grade Review Procedure,"Politics, Policy & Economics",0,7,0.0
Grading and Grade Requirements,"Student Development, Advising & Skills",0,23,0.0
Grading and Grade Requirements,China & Global History,0,23,0.0
Grading and Grade Requirements,Language & Writing Courses,0,23,0.0
Grading and Grade Requirements,Transfer Credit & Global Education,5,23,0.217391
Grading and Grade Requirements,"Grading, Registration & Academic Standing",9,23,0.391304
Grading and Grade Requirements,"Culture, Literature & the Arts",0,23,0.0
Grading and Grade Requirements,"Mathematics, Physical Science & Computing",0,23,0.0
Grading and Grade Requirements,Placement Credit & Degree Requirements,9,23,0.391304
Grading and Grade Requirements,"Biology, Environment & Global Health",0,23,0.0
Grading and Grade Requirements,"Politics, Policy & Economics",0,23,0.0
Graduation and Commencement,"Student Development, Advising & Skills",0,1,0.0
Graduation and Commencement,China & Global History,0,1,0.0
Graduation and Commencement,Language & Writing Courses,0,1,0.0
Graduation and Commencement,Transfer Credit & Global Education,0,1,0.0
Graduation and Commencement,"Grading, Registration & Academic Standing",1,1,1.0
Graduation and Commencement,"Culture, Literature & the Arts",0,1,0.0
Graduation and Commencement,"Mathematics, Physical Science & Computing",0,1,0.0
Graduation and Commencement,Placement Credit & Degree Requirements,0,1,0.0
Graduation and Commencement,"Biology, Environment & Global Health",0,1,0.0
Graduation and Commencement,"Politics, Policy & Economics",0,1,0.0
History (HIST),"Student Development, Advising & Skills",0,56,0.0
History (HIST),China & Global History,25,56,0.446429
History (HIST),Language & Writing Courses,0,56,0.0
History (HIST),Transfer Credit & Global Education,0,56,0.0
History (HIST),"Grading, Registration & Academic Standing",0,56,0.0
History (HIST),"Culture, Literature & the Arts",23,56,0.410714
History (HIST),"Mathematics, Physical Science & Computing",0,56,0.0
History (HIST),Placement Credit & Degree Requirements,4,56,0.071429
History (HIST),"Biology, Environment & Global Health",0,56,0.0
History (HIST),"Politics, Policy & Economics",4,56,0.071429
Host Family Program,"Student Development, Advising & Skills",0,1,0.0
Host Family Program,China & Global History,0,1,0.0
Host Family Program,Language & Writing Courses,0,1,0.0
Host Family Program,Transfer Credit & Global Education,1,1,1.0
Host Family Program,"Grading, Registration & Academic Standing",0,1,0.0
Host Family Program,"Culture, Literature & the Arts",0,1,0.0
Host Family Program,"Mathematics, Physical Science & Computing",0,1,0.0
Host Family Program,Placement Credit & Degree Requirements,0,1,0.0
Host Family Program,"Biology, Environment & Global Health",0,1,0.0
Host Family Program,"Politics, Policy & Economics",0,1,0.0
How to Apply,"Student Development, Advising & Skills",0,1,0.0
How to Apply,China & Global History,0,1,0.0
How to Apply,Language & Writing Courses,0,1,0.0
How to Apply,Transfer Credit & Global Education,1,1,1.0
How to Apply,"Grading, Registration & Academic Standing",0,1,0.0
How to Apply,"Culture, Literature & the Arts",0,1,0.0
How to Apply,"Mathematics, Physical Science & Computing",0,1,0.0
How to Apply,Placement Credit & Degree Requirements,0,1,0.0
How to Apply,"Biology, Environment & Global Health",0,1,0.0
How to Apply,"Politics, Policy & Economics",0,1,0.0
Incomplete Coursework and Excused Absence from Final Exam,"Student Development, Advising & Skills",0,5,0.0
Incomplete Coursework and Excused Absence from Final Exam,China & Global History,0,5,0.0
Incomplete Coursework and Excused Absence from Final Exam,Language & Writing Courses,0,5,0.0
Incomplete Coursework and Excused Absence from Final Exam,Transfer Credit & Global Education,0,5,0.0
Incomplete Coursework and Excused Absence from Final Exam,"Grading, Registration & Academic Standing",5,5,1.0
Incomplete Coursework and Excused Absence from Final Exam,"Culture, Literature & the Arts",0,5,0.0
Incomplete Coursework and Excused Absence from Final Exam,"Mathematics, Physical Science & Computing",0,5,0.0
Incomplete Coursework and Excused Absence from Final Exam,Placement Credit & Degree Requirements,0,5,0.0
Incomplete Coursework and Excused Absence from Final Exam,"Biology, Environment & Global Health",0,5,0.0
Incomplete Coursework and Excused Absence from Final Exam,"Politics, Policy & Economics",0,5,0.0
Independent Studies,"Student Development, Advising & Skills",2,2,1.0
Independent Studies,China & Global History,0,2,0.0
Independent Studies,Language & Writing Courses,0,2,0.0
Independent Studies,Transfer Credit & Global Education,0,2,0.0
Independent Studies,"Grading, Registration & Academic Standing",0,2,0.0
Independent Studies,"Culture, Literature & the Arts",0,2,0.0
Independent Studies,"Mathematics, Physical Science & Computing",0,2,0.0
Independent Studies,Placement Credit & Degree Requirements,0,2,0.0
Independent Studies,"Biology, Environment & Global Health",0,2,0.0
Independent Studies,"Politics, Policy & Economics",0,2,0.0
Independent Study (INDSTU),"Student Development, Advising & Skills",1,1,1.0
Independent Study (INDSTU),China & Global History,0,1,0.0
Independent Study (INDSTU),Language & Writing Courses,0,1,0.0
Independent Study (INDSTU),Transfer Credit & Global Education,0,1,0.0
Independent Study (INDSTU),"Grading, Registration & Academic Standing",0,1,0.0
Independent Study (INDSTU),"Culture, Literature & the Arts",0,1,0.0
Independent Study (INDSTU),"Mathematics, Physical Science & Computing",0,1,0.0
Independent Study (INDSTU),Placement Credit & Degree Requirements,0,1,0.0
Independent Study (INDSTU),"Biology, Environment & Global Health",0,1,0.0
Independent Study (INDSTU),"Politics, Policy & Economics",0,1,0.0
Information Science (INFOSCI),"Student Development, Advising & Skills",2,8,0.25
Information Science (INFOSCI),China & Global History,0,8,0.0
Information Science (INFOSCI),Language & Writing Courses,0,8,0.0
Information Science (INFOSCI),Transfer Credit & Global Education,0,8,0.0
Information Science (INFOSCI),"Grading, Registration & Academic Standing",0,8,0.0
Information Science (INFOSCI),"Culture, Literature & the Arts",2,8,0.25
Information Science (INFOSCI),"Mathematics, Physical Science & Computing",4,8,0.5
Information Science (INFOSCI),Placement Credit & Degree Requirements,0,8,0.0
Information Science (INFOSCI),"Biology, Environment & Global Health",0,8,0.0
Information Science (INFOSCI),"Politics, Policy & Economics",0,8,0.0
Institutions and Governance,"Student Development, Advising & Skills",0,26,0.0
Institutions and Governance,China & Global History,4,26,0.153846
Institutions and Governance,Language & Writing Courses,0,26,0.0
Institutions and Governance,Transfer Credit & Global Education,0,26,0.0
Institutions and Governance,"Grading, Registration & Academic Standing",0,26,0.0
Institutions and Governance,"Culture, Literature & the Arts",0,26,0.0
Institutions and Governance,"Mathematics, Physical Science & Computing",0,26,0.0
Institutions and Governance,Placement Credit & Degree Requirements,1,26,0.038462
Institutions and Governance,"Biology, Environment & Global Health",2,26,0.076923
Institutions and Governance,"Politics, Policy & Economics",19,26,0.730769
Institutions and Governance (INSTGOV),"Student Development, Advising & Skills",1,1,1.0
Institutions and Governance (INSTGOV),China & Global History,0,1,0.0
Institutions and Governance (INSTGOV),Language & Writing Courses,0,1,0.0
Institutions and Governance (INSTGOV),Transfer Credit & Global Education,0,1,0.0
Institutions and Governance (INSTGOV),"Grading, Registration & Academic Standing",0,1,0.0
Institutions and Governance (INSTGOV),"Culture, Literature & the Arts",0,1,0.0
Institutions and Governance (INSTGOV),"Mathematics, Physical Science & Computing",0,1,0.0
Institutions and Governance (INSTGOV),Placement Credit & Degree Requirements,0,1,0.0
Institutions and Governance (INSTGOV),"Biology, Environment & Global Health",0,1,0.0
Institutions and Governance (INSTGOV),"Politics, Policy & Economics",0,1,0.0
Integrated Science (INTGSCI),"Student Development, Advising & Skills",0,2,0.0
Integrated Science (INTGSCI),China & Global History,0,2,0.0
Integrated Science (INTGSCI),Language & Writing Courses,0,2,0.0
Integrated Science (INTGSCI),Transfer Credit & Global Education,0,2,0.0
Integrated Science (INTGSCI),"Grading, Registration & Academic Standing",0,2,0.0
Integrated Science (INTGSCI),"Culture, Literature & the Arts",0,2,0.0
Integrated Science (INTGSCI),"Mathematics, Physical Science & Computing",2,2,1.0
Integrated Science (INTGSCI),Placement Credit & Degree Requirements,0,2,0.0
Integrated Science (INTGSCI),"Biology, Environment & Global Health",0,2,0.0
Integrated Science (INTGSCI),"Politics, Policy & Economics",0,2,0.0
International Student Services,"Student Development, Advising & Skills",0,2,0.0
International Student Services,China & Global History,0,2,0.0
International Student Services,Language & Writing Courses,1,2,0.5
International Student Services,Transfer Credit & Global Education,1,2,0.5
International Student Services,"Grading, Registration & Academic Standing",0,2,0.0
International Student Services,"Culture, Literature & the Arts",0,2,0.0
International Student Services,"Mathematics, Physical Science & Computing",0,2,0.0
International Student Services,Placement Credit & Degree Requirements,0,2,0.0
International Student Services,"Biology, Environment & Global Health",0,2,0.0
International Student Services,"Politics, Policy & Economics",0,2,0.0
Italian (ITALIAN),"Student Development, Advising & Skills",0,2,0.0
Italian (ITALIAN),China & Global History,0,2,0.0
Italian (ITALIAN),Language & Writing Courses,1,2,0.5
Italian (ITALIAN),Transfer Credit & Global Education,0,2,0.0
Italian (ITALIAN),"Grading, Registration & Academic Standing",0,2,0.0
Italian (ITALIAN),"Culture, Literature & the Arts",0,2,0.0
Italian (ITALIAN),"Mathematics, Physical Science & Computing",0,2,0.0
Italian (ITALIAN),Placement Credit & Degree Requirements,1,2,0.5
Italian (ITALIAN),"Biology, Environment & Global Health",0,2,0.0
Italian (ITALIAN),"Politics, Policy & Economics",0,2,0.0
Japanese (JAPANESE),"Student Development, Advising & Skills",0,4,0.0
Japanese (JAPANESE),China & Global History,0,4,0.0
Japanese (JAPANESE),Language & Writing Courses,3,4,0.75
Japanese (JAPANESE),Transfer Credit & Global Education,0,4,0.0
Japanese (JAPANESE),"Grading, Registration & Academic Standing",0,4,0.0
Japanese (JAPANESE),"Culture, Literature & the Arts",0,4,0.0
Japanese (JAPANESE),"Mathematics, Physical Science & Computing",0,4,0.0
Japanese (JAPANESE),Placement Credit & Degree Requirements,1,4,0.25
Japanese (JAPANESE),"Biology, Environment & Global Health",0,4,0.0
Japanese (JAPANESE),"Politics, Policy & Economics",0,4,0.0
Key Components,"Student Development, Advising & Skills",2,9,0.222222
Key Components,China & Global History,0,9,0.0
Key Components,Language & Writing Courses,0,9,0.0
Key Components,Transfer Credit & Global Education,4,9,0.444444
Key Components,"Grading, Registration & Academic Standing",0,9,0.0
Key Components,"Culture, Literature & the Arts",0,9,0.0
Key Components,"Mathematics, Physical Science & Computing",0,9,0.0
Key Components,Placement Credit & Degree Requirements,3,9,0.333333
Key Components,"Biology, Environment & Global Health",0,9,0.0
Key Components,"Politics, Policy & Economics",0,9,0.0
Latin (LATIN),"Student Development, Advising & Skills",0,1,0.0
Latin (LATIN),China & Global History,0,1,0.0
Latin (LATIN),Language & Writing Courses,0,1,0.0
Latin (LATIN),Transfer Credit & Global Education,0,1,0.0
Latin (LATIN),"Grading, Registration & Academic Standing",0,1,0.0
Latin (LATIN),"Culture, Literature & the Arts",0,1,0.0
Latin (LATIN),"Mathematics, Physical Science & Computing",0,1,0.0
Latin (LATIN),Placement Credit & Degree Requirements,1,1,1.0
Latin (LATIN),"Biology, Environment & Global Health",0,1,0.0
Latin (LATIN),"Politics, Policy & Economics",0,1,0.0
Leadership Development,"Student Development, Advising & Skills",1,1,1.0
Leadership Development,China & Global History,0,1,0.0
Leadership Development,Language & Writing Courses,0,1,0.0
Leadership Development,Transfer Credit & Global Education,0,1,0.0
Leadership Development,"Grading, Registration & Academic Standing",0,1,0.0
Leadership Development,"Culture, Literature & the Arts",0,1,0.0
Leadership Development,"Mathematics, Physical Science & Computing",0,1,0.0
Leadership Development,Placement Credit & Degree Requirements,0,1,0.0
Leadership Development,"Biology, Environment & Global Health",0,1,0.0
Leadership Development,"Politics, Policy & Economics",0,1,0.0
Literature (LIT),"Student Development, Advising & Skills",0,33,0.0
Literature (LIT),China & Global History,4,33,0.121212
Literature (LIT),Language & Writing Courses,0,33,0.0
Literature (LIT),Transfer Credit & Global Education,0,33,0.0
Literature (LIT),"Grading, Registration & Academic Standing",0,33,0.0
Literature (LIT),"Culture, Literature & the Arts",26,33,0.787879
Literature (LIT),"Mathematics, Physical Science & Computing",0,33,0.0
Literature (LIT),Placement Credit & Degree Requirements,1,33,0.030303
Literature (LIT),"Biology, Environment & Global Health",0,33,0.0
Literature (LIT),"Politics, Policy & Economics",2,33,0.060606
Material Science (MATSCI),"Student Development, Advising & Skills",0,12,0.0
Material Science (MATSCI),China & Global History,0,12,0.0
Material Science (MATSCI),Language & Writing Courses,0,12,0.0
Material Science (MATSCI),Transfer Credit & Global Education,0,12,0.0
Material Science (MATSCI),"Grading, Registration & Academic Standing",0,12,0.0
Material Science (MATSCI),"Culture, Literature & the Arts",0,12,0.0
Material Science (MATSCI),"Mathematics, Physical Science & Computing",12,12,1.0
Material Science (MATSCI),Placement Credit & Degree Requirements,0,12,0.0
Material Science (MATSCI),"Biology, Environment & Global Health",0,12,0.0
Material Science (MATSCI),"Politics, Policy & Economics",0,12,0.0
Materials Science,"Student Development, Advising & Skills",1,8,0.125
Materials Science,China & Global History,0,8,0.0
Materials Science,Language & Writing Courses,0,8,0.0
Materials Science,Transfer Credit & Global Education,0,8,0.0
Materials Science,"Grading, Registration & Academic Standing",0,8,0.0
Materials Science,"Culture, Literature & the Arts",0,8,0.0
Materials Science,"Mathematics, Physical Science & Computing",7,8,0.875
Materials Science,Placement Credit & Degree Requirements,0,8,0.0
Materials Science,"Biology, Environment & Global Health",0,8,0.0
Materials Science,"Politics, Policy & Economics",0,8,0.0
Mathematics (MATH),"Student Development, Advising & Skills",0,28,0.0
Mathematics (MATH),China & Global History,0,28,0.0
Mathematics (MATH),Language & Writing Courses,0,28,0.0
Mathematics (MATH),Transfer Credit & Global Education,0,28,0.0
Mathematics (MATH),"Grading, Registration & Academic Standing",0,28,0.0
Mathematics (MATH),"Culture, Literature & the Arts",0,28,0.0
Mathematics (MATH),"Mathematics, Physical Science & Computing",27,28,0.964286
Mathematics (MATH),Placement Credit & Degree Requirements,1,28,0.035714
Mathematics (MATH),"Biology, Environment & Global Health",0,28,0.0
Mathematics (MATH),"Politics, Policy & Economics",0,28,0.0
Media and Arts,"Student Development, Advising & Skills",0,18,0.0
Media and Arts,China & Global History,2,18,0.111111
Media and Arts,Language & Writing Courses,0,18,0.0
Media and Arts,Transfer Credit & Global Education,0,18,0.0
Media and Arts,"Grading, Registration & Academic Standing",0,18,0.0
Media and Arts,"Culture, Literature & the Arts",11,18,0.611111
Media and Arts,"Mathematics, Physical Science & Computing",0,18,0.0
Media and Arts,Placement Credit & Degree Requirements,5,18,0.277778
Media and Arts,"Biology, Environment & Global Health",0,18,0.0
Media and Arts,"Politics, Policy & Economics",0,18,0.0
Media and Arts (MEDIART),"Student Development, Advising & Skills",8,41,0.195122
Media and Arts (MEDIART),China & Global History,2,41,0.04878
Media and Arts (MEDIART),Language & Writing Courses,1,41,0.02439
Media and Arts (MEDIART),Transfer Credit & Global Education,1,41,0.02439
Media and Arts (MEDIART),"Grading, Registration & Academic Standing",0,41,0.0
Media and Arts (MEDIART),"Culture, Literature & the Arts",29,41,0.707317
Media and Arts (MEDIART),"Mathematics, Physical Science & Computing",0,41,0.0
Media and Arts (MEDIART),Placement Credit & Degree Requirements,0,41,0.0
Media and Arts (MEDIART),"Biology, Environment & Global Health",0,41,0.0
Media and Arts (MEDIART),"Politics, Policy & Economics",0,41,0.0
Military Science (MILITSCI),"Student Development, Advising & Skills",2,2,1.0
Military Science (MILITSCI),China & Global History,0,2,0.0
Military Science (MILITSCI),Language & Writing Courses,0,2,0.0
Military Science (MILITSCI),Transfer Credit & Global Education,0,2,0.0
Military Science (MILITSCI),"Grading, Registration & Academic Standing",0,2,0.0
Military Science (MILITSCI),"Culture, Literature & the Arts",0,2,0.0
Military Science (MILITSCI),"Mathematics, Physical Science & Computing",0,2,0.0
Military Science (MILITSCI),Placement Credit & Degree Requirements,0,2,0.0
Military Science (MILITSCI),"Biology, Environment & Global Health",0,2,0.0
Military Science (MILITSCI),"Politics, Policy & Economics",0,2,0.0
Mission Statement,"Student Development, Advising & Skills",0,2,0.0
Mission Statement,China & Global History,1,2,0.5
Mission Statement,Language & Writing Courses,0,2,0.0
Mission Statement,Transfer Credit & Global Education,1,2,0.5
Mission Statement,"Grading, Registration & Academic Standing",0,2,0.0
Mission Statement,"Culture, Literature & the Arts",0,2,0.0
Mission Statement,"Mathematics, Physical Science & Computing",0,2,0.0
Mission Statement,Placement Credit & Degree Requirements,0,2,0.0
Mission Statement,"Biology, Environment & Global Health",0,2,0.0
Mission Statement,"Politics, Policy & Economics",0,2,0.0
Molecular Bioscience,"Student Development, Advising & Skills",1,19,0.052632
Molecular Bioscience,China & Global History,0,19,0.0
Molecular Bioscience,Language & Writing Courses,0,19,0.0
Molecular Bioscience,Transfer Credit & Global Education,0,19,0.0
Molecular Bioscience,"Grading, Registration & Academic Standing",0,19,0.0
Molecular Bioscience,"Culture, Literature & the Arts",0,19,0.0
Molecular Bioscience,"Mathematics, Physical Science & Computing",9,19,0.473684
Molecular Bioscience,Placement Credit & Degree Requirements,0,19,0.0
Molecular Bioscience,"Biology, Environment & Global Health",9,19,0.473684
Molecular Bioscience,"Politics, Policy & Economics",0,19,0.0
Music (MUSIC),"Student Development, Advising & Skills",0,3,0.0
Music (MUSIC),China & Global History,0,3,0.0
Music (MUSIC),Language & Writing Courses,1,3,0.333333
Music (MUSIC),Transfer Credit & Global Education,1,3,0.333333
Music (MUSIC),"Grading, Registration & Academic Standing",0,3,0.0
Music (MUSIC),"Culture, Literature & the Arts",0,3,0.0
Music (MUSIC),"Mathematics, Physical Science & Computing",0,3,0.0
Music (MUSIC),Placement Credit & Degree Requirements,1,3,0.333333
Music (MUSIC),"Biology, Environment & Global Health",0,3,0.0
Music (MUSIC),"Politics, Policy & Economics",0,3,0.0
Neuroscience (NEUROSCI),"Student Development, Advising & Skills",1,4,0.25
Neuroscience (NEUROSCI),China & Global History,0,4,0.0
Neuroscience (NEUROSCI),Language & Writing Courses,0,4,0.0
Neuroscience (NEUROSCI),Transfer Credit & Global Education,0,4,0.0
Neuroscience (NEUROSCI),"Grading, Registration & Academic Standing",0,4,0.0
Neuroscience (NEUROSCI),"Culture, Literature & the Arts",0,4,0.0
Neuroscience (NEUROSCI),"Mathematics, Physical Science & Computing",2,4,0.5
Neuroscience (NEUROSCI),Placement Credit & Degree Requirements,0,4,0.0
Neuroscience (NEUROSCI),"Biology, Environment & Global Health",0,4,0.0
Neuroscience (NEUROSCI),"Politics, Policy & Economics",1,4,0.25
Notification and Responses,"Student Development, Advising & Skills",0,1,0.0
Notification and Responses,China & Global History,0,1,0.0
Notification and Responses,Language & Writing Courses,0,1,0.0
Notification and Responses,Transfer Credit & Global Education,0,1,0.0
Notification and Responses,"Grading, Registration & Academic Standing",0,1,0.0
Notification and Responses,"Culture, Literature & the Arts",0,1,0.0
Notification and Responses,"Mathematics, Physical Science & Computing",0,1,0.0
Notification and Responses,Placement Credit & Degree Requirements,1,1,1.0
Notification and Responses,"Biology, Environment & Global Health",0,1,0.0
Notification and Responses,"Politics, Policy & Economics",0,1,0.0
Notification of Intention to Graduate,"Student Development, Advising & Skills",0,1,0.0
Notification of Intention to Graduate,China & Global History,0,1,0.0
Notification of Intention to Graduate,Language & Writing Courses,0,1,0.0
Notification of Intention to Graduate,Transfer Credit & Global Education,1,1,1.0
Notification of Intention to Graduate,"Grading, Registration & Academic Standing",0,1,0.0
Notification of Intention to Graduate,"Culture, Literature & the Arts",0,1,0.0
Notification of Intention to Graduate,"Mathematics, Physical Science & Computing",0,1,0.0
Notification of Intention to Graduate,Placement Credit & Degree Requirements,0,1,0.0
Notification of Intention to Graduate,"Biology, Environment & Global Health",0,1,0.0
Notification of Intention to Graduate,"Politics, Policy & Economics",0,1,0.0
Office of Global Education and Study Away,"Student Development, Advising & Skills",1,21,0.047619
Office of Global Education and Study Away,China & Global History,0,21,0.0
Office of Global Education and Study Away,Language & Writing Courses,0,21,0.0
Office of Global Education and Study Away,Transfer Credit & Global Education,15,21,0.714286
Office of Global Education and Study Away,"Grading, Registration & Academic Standing",5,21,0.238095
Office of Global Education and Study Away,"Culture, Literature & the Arts",0,21,0.0
Office of Global Education and Study Away,"Mathematics, Physical Science & Computing",0,21,0.0
Office of Global Education and Study Away,Placement Credit & Degree Requirements,0,21,0.0
Office of Global Education and Study Away,"Biology, Environment & Global Health",0,21,0.0
Office of Global Education and Study Away,"Politics, Policy & Economics",0,21,0.0
Overview,"Student Development, Advising & Skills",4,6,0.666667
Overview,China & Global History,0,6,0.0
Overview,Language & Writing Courses,0,6,0.0
Overview,Transfer Credit & Global Education,2,6,0.333333
Overview,"Grading, Registration & Academic Standing",0,6,0.0
Overview,"Culture, Literature & the Arts",0,6,0.0
Overview,"Mathematics, Physical Science & Computing",0,6,0.0
Overview,Placement Credit & Degree Requirements,0,6,0.0
Overview,"Biology, Environment & Global Health",0,6,0.0
Overview,"Politics, Policy & Economics",0,6,0.0
Partners,"Student Development, Advising & Skills",0,7,0.0
Partners,China & Global History,1,7,0.142857
Partners,Language & Writing Courses,1,7,0.142857
Partners,Transfer Credit & Global Education,4,7,0.571429
Partners,"Grading, Registration & Academic Standing",0,7,0.0
Partners,"Culture, Literature & the Arts",0,7,0.0
Partners,"Mathematics, Physical Science & Computing",0,7,0.0
Partners,Placement Credit & Degree Requirements,0,7,0.0
Partners,"Biology, Environment & Global Health",1,7,0.142857
Partners,"Politics, Policy & Economics",0,7,0.0
Philosophy (PHIL),"Student Development, Advising & Skills",1,17,0.058824
Philosophy (PHIL),China & Global History,2,17,0.117647
Philosophy (PHIL),Language & Writing Courses,0,17,0.0
Philosophy (PHIL),Transfer Credit & Global Education,0,17,0.0
Philosophy (PHIL),"Grading, Registration & Academic Standing",0,17,0.0
Philosophy (PHIL),"Culture, Literature & the Arts",11,17,0.647059
Philosophy (PHIL),"Mathematics, Physical Science & Computing",1,17,0.058824
Philosophy (PHIL),Placement Credit & Degree Requirements,0,17,0.0
Philosophy (PHIL),"Biology, Environment & Global Health",1,17,0.058824
Philosophy (PHIL),"Politics, Policy & Economics",1,17,0.058824
Physical Education (PHYSEDU),"Student Development, Advising & Skills",28,29,0.965517
Physical Education (PHYSEDU),China & Global History,0,29,0.0
Physical Education (PHYSEDU),Language & Writing Courses,0,29,0.0
Physical Education (PHYSEDU),Transfer Credit & Global Education,0,29,0.0
Physical Education (PHYSEDU),"Grading, Registration & Academic Standing",0,29,0.0
Physical Education (PHYSEDU),"Culture, Literature & the Arts",0,29,0.0
Physical Education (PHYSEDU),"Mathematics, Physical Science & Computing",0,29,0.0
Physical Education (PHYSEDU),Placement Credit & Degree Requirements,1,29,0.034483
Physical Education (PHYSEDU),"Biology, Environment & Global Health",0,29,0.0
Physical Education (PHYSEDU),"Politics, Policy & Economics",0,29,0.0
Physics (PHYS),"Student Development, Advising & Skills",0,23,0.0
Physics (PHYS),China & Global History,0,23,0.0
Physics (PHYS),Language & Writing Courses,0,23,0.0
Physics (PHYS),Transfer Credit & Global Education,0,23,0.0
Physics (PHYS),"Grading, Registration & Academic Standing",0,23,0.0
Physics (PHYS),"Culture, Literature & the Arts",0,23,0.0
Physics (PHYS),"Mathematics, Physical Science & Computing",20,23,0.869565
Physics (PHYS),Placement Credit & Degree Requirements,3,23,0.130435
Physics (PHYS),"Biology, Environment & Global Health",0,23,0.0
Physics (PHYS),"Politics, Policy & Economics",0,23,0.0
Political Economy,"Student Development, Advising & Skills",0,22,0.0
Political Economy,China & Global History,5,22,0.227273
Political Economy,Language & Writing Courses,0,22,0.0
Political Economy,Transfer Credit & Global Education,0,22,0.0
Political Economy,"Grading, Registration & Academic Standing",0,22,0.0
Political Economy,"Culture, Literature & the Arts",0,22,0.0
Political Economy,"Mathematics, Physical Science & Computing",0,22,0.0
Political Economy,Placement Credit & Degree Requirements,0,22,0.0
Political Economy,"Biology, Environment & Global Health",0,22,0.0
Political Economy,"Politics, Policy & Economics",17,22,0.772727
Political Economy (POLECON),"Student Development, Advising & Skills",0,8,0.0
Political Economy (POLECON),China & Global History,3,8,0.375
Political Economy (POLECON),Language & Writing Courses,0,8,0.0
Political Economy (POLECON),Transfer Credit & Global Education,0,8,0.0
Political Economy (POLECON),"Grading, Registration & Academic Standing",0,8,0.0
Political Economy (POLECON),"Culture, Literature & the Arts",0,8,0.0
Political Economy (POLECON),"Mathematics, Physical Science & Computing",0,8,0.0
Political Economy (POLECON),Placement Credit & Degree Requirements,0,8,0.0
Political Economy (POLECON),"Biology, Environment & Global Health",0,8,0.0
Political Economy (POLECON),"Politics, Policy & Economics",5,8,0.625
Political Science (POLSCI),"Student Development, Advising & Skills",1,37,0.027027
Political Science (POLSCI),China & Global History,5,37,0.135135
Political Science (POLSCI),Language & Writing Courses,0,37,0.0
Political Science (POLSCI),Transfer Credit & Global Education,0,37,0.0
Political Science (POLSCI),"Grading, Registration & Academic Standing",0,37,0.0
Political Science (POLSCI),"Culture, Literature & the Arts",8,37,0.216216
Political Science (POLSCI),"Mathematics, Physical Science & Computing",0,37,0.0
Political Science (POLSCI),Placement Credit & Degree Requirements,2,37,0.054054
Political Science (POLSCI),"Biology, Environment & Global Health",0,37,0.0
Political Science (POLSCI),"Politics, Policy & Economics",21,37,0.567568
Principles of Selection,"Student Development, Advising & Skills",0,2,0.0
Principles of Selection,China & Global History,0,2,0.0
Principles of Selection,Language & Writing Courses,0,2,0.0
Principles of Selection,Transfer Credit & Global Education,2,2,1.0
Principles of Selection,"Grading, Registration & Academic Standing",0,2,0.0
Principles of Selection,"Culture, Literature & the Arts",0,2,0.0
Principles of Selection,"Mathematics, Physical Science & Computing",0,2,0.0
Principles of Selection,Placement Credit & Degree Requirements,0,2,0.0
Principles of Selection,"Biology, Environment & Global Health",0,2,0.0
Principles of Selection,"Politics, Policy & Economics",0,2,0.0
Procedure for Resolution of Students' Academic Concerns,"Student Development, Advising & Skills",1,5,0.2
Procedure for Resolution of Students' Academic Concerns,China & Global History,0,5,0.0
Procedure for Resolution of Students' Academic Concerns,Language & Writing Courses,0,5,0.0
Procedure for Resolution of Students' Academic Concerns,Transfer Credit & Global Education,1,5,0.2
Procedure for Resolution of Students' Academic Concerns,"Grading, Registration & Academic Standing",3,5,0.6
Procedure for Resolution of Students' Academic Concerns,"Culture, Literature & the Arts",0,5,0.0
Procedure for Resolution of Students' Academic Concerns,"Mathematics, Physical Science & Computing",0,5,0.0
Procedure for Resolution of Students' Academic Concerns,Placement Credit & Degree Requirements,0,5,0.0
Procedure for Resolution of Students' Academic Concerns,"Biology, Environment & Global Health",0,5,0.0
Procedure for Resolution of Students' Academic Concerns,"Politics, Policy & Economics",0,5,0.0
Progress toward Degree,"Student Development, Advising & Skills",0,7,0.0
Progress toward Degree,China & Global History,0,7,0.0
Progress toward Degree,Language & Writing Courses,0,7,0.0
Progress toward Degree,Transfer Credit & Global Education,1,7,0.142857
Progress toward Degree,"Grading, Registration & Academic Standing",6,7,0.857143
Progress toward Degree,"Culture, Literature & the Arts",0,7,0.0
Progress toward Degree,"Mathematics, Physical Science & Computing",0,7,0.0
Progress toward Degree,Placement Credit & Degree Requirements,0,7,0.0
Progress toward Degree,"Biology, Environment & Global Health",0,7,0.0
Progress toward Degree,"Politics, Policy & Economics",0,7,0.0
Psychology (PSYCH),"Student Development, Advising & Skills",3,6,0.5
Psychology (PSYCH),China & Global History,0,6,0.0
Psychology (PSYCH),Language & Writing Courses,0,6,0.0
Psychology (PSYCH),Transfer Credit & Global Education,0,6,0.0
Psychology (PSYCH),"Grading, Registration & Academic Standing",0,6,0.0
Psychology (PSYCH),"Culture, Literature & the Arts",0,6,0.0
Psychology (PSYCH),"Mathematics, Physical Science & Computing",1,6,0.166667
Psychology (PSYCH),Placement Credit & Degree Requirements,0,6,0.0
Psychology (PSYCH),"Biology, Environment & Global Health",0,6,0.0
Psychology (PSYCH),"Politics, Policy & Economics",2,6,0.333333
Public Policy (PUBPOL),"Student Development, Advising & Skills",3,34,0.088235
Public Policy (PUBPOL),China & Global History,3,34,0.088235
Public Policy (PUBPOL),Language & Writing Courses,0,34,0.0
Public Policy (PUBPOL),Transfer Credit & Global Education,0,34,0.0
Public Policy (PUBPOL),"Grading, Registration & Academic Standing",0,34,0.0
Public Policy (PUBPOL),"Culture, Literature & the Arts",3,34,0.088235
Public Policy (PUBPOL),"Mathematics, Physical Science & Computing",0,34,0.0
Public Policy (PUBPOL),Placement Credit & Degree Requirements,0,34,0.0
Public Policy (PUBPOL),"Biology, Environment & Global Health",5,34,0.147059
Public Policy (PUBPOL),"Politics, Policy & Economics",20,34,0.588235
Refund,"Student Development, Advising & Skills",0,11,0.0
Refund,China & Global History,0,11,0.0
Refund,Language & Writing Courses,0,11,0.0
Refund,Transfer Credit & Global Education,0,11,0.0
Refund,"Grading, Registration & Academic Standing",11,11,1.0
Refund,"Culture, Literature & the Arts",0,11,0.0
Refund,"Mathematics, Physical Science & Computing",0,11,0.0
Refund,Placement Credit & Degree Requirements,0,11,0.0
Refund,"Biology, Environment & Global Health",0,11,0.0
Refund,"Politics, Policy & Economics",0,11,0.0
Registration,"Student Development, Advising & Skills",0,8,0.0
Registration,China & Global History,0,8,0.0
Registration,Language & Writing Courses,0,8,0.0
Registration,Transfer Credit & Global Education,1,8,0.125
Registration,"Grading, Registration & Academic Standing",7,8,0.875
Registration,"Culture, Literature & the Arts",0,8,0.0
Registration,"Mathematics, Physical Science & Computing",0,8,0.0
Registration,Placement Credit & Degree Requirements,0,8,0.0
Registration,"Biology, Environment & Global Health",0,8,0.0
Registration,"Politics, Policy & Economics",0,8,0.0
Religious Holidays,"Student Development, Advising & Skills",0,1,0.0
Religious Holidays,China & Global History,0,1,0.0
Religious Holidays,Language & Writing Courses,0,1,0.0
Religious Holidays,Transfer Credit & Global Education,1,1,1.0
Religious Holidays,"Grading, Registration & Academic Standing",0,1,0.0
Religious Holidays,"Culture, Literature & the Arts",0,1,0.0
Religious Holidays,"Mathematics, Physical Science & Computing",0,1,0.0
Religious Holidays,Placement Credit & Degree Requirements,0,1,0.0
Religious Holidays,"Biology, Environment & Global Health",0,1,0.0
Religious Holidays,"Politics, Policy & Economics",0,1,0.0
Religious Studies (RELIG),"Student Development, Advising & Skills",0,15,0.0
Religious Studies (RELIG),China & Global History,2,15,0.133333
Religious Studies (RELIG),Language & Writing Courses,0,15,0.0
Religious Studies (RELIG),Transfer Credit & Global Education,0,15,0.0
Religious Studies (RELIG),"Grading, Registration & Academic Standing",0,15,0.0
Religious Studies (RELIG),"Culture, Literature & the Arts",12,15,0.8
Religious Studies (RELIG),"Mathematics, Physical Science & Computing",0,15,0.0
Religious Studies (RELIG),Placement Credit & Degree Requirements,0,15,0.0
Religious Studies (RELIG),"Biology, Environment & Global Health",1,15,0.066667
Religious Studies (RELIG),"Politics, Policy & Economics",0,15,0.0
Requirements for All Majors,"Student Development, Advising & Skills",1,8,0.125
Requirements for All Majors,China & Global History,1,8,0.125
Requirements for All Majors,Language & Writing Courses,2,8,0.25
Requirements for All Majors,Transfer Credit & Global Education,0,8,0.0
Requirements for All Majors,"Grading, Registration & Academic Standing",0,8,0.0
Requirements for All Majors,"Culture, Literature & the Arts",0,8,0.0
Requirements for All Majors,"Mathematics, Physical Science & Computing",0,8,0.0
Requirements for All Majors,Placement Credit & Degree Requirements,4,8,0.5
Requirements for All Majors,"Biology, Environment & Global Health",0,8,0.0
Requirements for All Majors,"Politics, Policy & Economics",0,8,0.0
Research Independent Study (RINDSTU),"Student Development, Advising & Skills",1,1,1.0
Research Independent Study (RINDSTU),China & Global History,0,1,0.0
Research Independent Study (RINDSTU),Language & Writing Courses,0,1,0.0
Research Independent Study (RINDSTU),Transfer Credit & Global Education,0,1,0.0
Research Independent Study (RINDSTU),"Grading, Registration & Academic Standing",0,1,0.0
Research Independent Study (RINDSTU),"Culture, Literature & the Arts",0,1,0.0
Research Independent Study (RINDSTU),"Mathematics, Physical Science & Computing",0,1,0.0
Research Independent Study (RINDSTU),Placement Credit & Degree Requirements,0,1,0.0
Research Independent Study (RINDSTU),"Biology, Environment & Global Health",0,1,0.0
Research Independent Study (RINDSTU),"Politics, Policy & Economics",0,1,0.0
Residence Life,"Student Development, Advising & Skills",2,2,1.0
Residence Life,China & Global History,0,2,0.0
Residence Life,Language & Writing Courses,0,2,0.0
Residence Life,Transfer Credit & Global Education,0,2,0.0
Residence Life,"Grading, Registration & Academic Standing",0,2,0.0
Residence Life,"Culture, Literature & the Arts",0,2,0.0
Residence Life,"Mathematics, Physical Science & Computing",0,2,0.0
Residence Life,Placement Credit & Degree Requirements,0,2,0.0
Residence Life,"Biology, Environment & Global Health",0,2,0.0
Residence Life,"Politics, Policy & Economics",0,2,0.0
Scholarships and Financial Aid,"Student Development, Advising & Skills",0,3,0.0
Scholarships and Financial Aid,China & Global History,0,3,0.0
Scholarships and Financial Aid,Language & Writing Courses,0,3,0.0
Scholarships and Financial Aid,Transfer Credit & Global Education,3,3,1.0
Scholarships and Financial Aid,"Grading, Registration & Academic Standing",0,3,0.0
Scholarships and Financial Aid,"Culture, Literature & the Arts",0,3,0.0
Scholarships and Financial Aid,"Mathematics, Physical Science & Computing",0,3,0.0
Scholarships and Financial Aid,Placement Credit & Degree Requirements,0,3,0.0
Scholarships and Financial Aid,"Biology, Environment & Global Health",0,3,0.0
Scholarships and Financial Aid,"Politics, Policy & Economics",0,3,0.0
Seven Principles of Duke Kunshan University Academic Advising,"Student Development, Advising & Skills",2,2,1.0
Seven Principles of Duke Kunshan University Academic Advising,China & Global History,0,2,0.0
Seven Principles of Duke Kunshan University Academic Advising,Language & Writing Courses,0,2,0.0
Seven Principles of Duke Kunshan University Academic Advising,Transfer Credit & Global Education,0,2,0.0
Seven Principles of Duke Kunshan University Academic Advising,"Grading, Registration & Academic Standing",0,2,0.0
Seven Principles of Duke Kunshan University Academic Advising,"Culture, Literature & the Arts",0,2,0.0
Seven Principles of Duke Kunshan University Academic Advising,"Mathematics, Physical Science & Computing",0,2,0.0
Seven Principles of Duke Kunshan University Academic Advising,Placement Credit & Degree Requirements,0,2,0.0
Seven Principles of Duke Kunshan University Academic Advising,"Biology, Environment & Global Health",0,2,0.0
Seven Principles of Duke Kunshan University Academic Advising,"Politics, Policy & Economics",0,2,0.0
Social Science (SOSC),"Student Development, Advising & Skills",2,10,0.2
Social Science (SOSC),China & Global History,1,10,0.1
Social Science (SOSC),Language & Writing Courses,0,10,0.0
Social Science (SOSC),Transfer Credit & Global Education,0,10,0.0
Social Science (SOSC),"Grading, Registration & Academic Standing",0,10,0.0
Social Science (SOSC),"Culture, Literature & the Arts",2,10,0.2
Social Science (SOSC),"Mathematics, Physical Science & Computing",2,10,0.2
Social Science (SOSC),Placement Credit & Degree Requirements,0,10,0.0
Social Science (SOSC),"Biology, Environment & Global Health",0,10,0.0
Social Science (SOSC),"Politics, Policy & Economics",3,10,0.3
Sociology (SOCIOL),"Student Development, Advising & Skills",0,11,0.0
Sociology (SOCIOL),China & Global History,1,11,0.090909
Sociology (SOCIOL),Language & Writing Courses,0,11,0.0
Sociology (SOCIOL),Transfer Credit & Global Education,0,11,0.0
Sociology (SOCIOL),"Grading, Registration & Academic Standing",0,11,0.0
Sociology (SOCIOL),"Culture, Literature & the Arts",6,11,0.545455
Sociology (SOCIOL),"Mathematics, Physical Science & Computing",0,11,0.0
Sociology (SOCIOL),Placement Credit & Degree Requirements,0,11,0.0
Sociology (SOCIOL),"Biology, Environment & Global Health",0,11,0.0
Sociology (SOCIOL),"Politics, Policy & Economics",4,11,0.363636
Spanish (SPANISH),"Student Development, Advising & Skills",0,1,0.0
Spanish (SPANISH),China & Global History,0,1,0.0
Spanish (SPANISH),Language & Writing Courses,0,1,0.0
Spanish (SPANISH),Transfer Credit & Global Education,0,1,0.0
Spanish (SPANISH),"Grading, Registration & Academic Standing",0,1,0.0
Spanish (SPANISH),"Culture, Literature & the Arts",0,1,0.0
Spanish (SPANISH),"Mathematics, Physical Science & Computing",0,1,0.0
Spanish (SPANISH),Placement Credit & Degree Requirements,1,1,1.0
Spanish (SPANISH),"Biology, Environment & Global Health",0,1,0.0
Spanish (SPANISH),"Politics, Policy & Economics",0,1,0.0
Statement on Diversity and Inclusion,"Student Development, Advising & Skills",0,2,0.0
Statement on Diversity and Inclusion,China & Global History,0,2,0.0
Statement on Diversity and Inclusion,Language & Writing Courses,0,2,0.0
Statement on Diversity and Inclusion,Transfer Credit & Global Education,1,2,0.5
Statement on Diversity and Inclusion,"Grading, Registration & Academic Standing",0,2,0.0
Statement on Diversity and Inclusion,"Culture, Literature & the Arts",1,2,0.5
Statement on Diversity and Inclusion,"Mathematics, Physical Science & Computing",0,2,0.0
Statement on Diversity and Inclusion,Placement Credit & Degree Requirements,0,2,0.0
Statement on Diversity and Inclusion,"Biology, Environment & Global Health",0,2,0.0
Statement on Diversity and Inclusion,"Politics, Policy & Economics",0,2,0.0
Statistics (STATS),"Student Development, Advising & Skills",1,18,0.055556
Statistics (STATS),China & Global History,0,18,0.0
Statistics (STATS),Language & Writing Courses,0,18,0.0
Statistics (STATS),Transfer Credit & Global Education,0,18,0.0
Statistics (STATS),"Grading, Registration & Academic Standing",0,18,0.0
Statistics (STATS),"Culture, Literature & the Arts",0,18,0.0
Statistics (STATS),"Mathematics, Physical Science & Computing",14,18,0.777778
Statistics (STATS),Placement Credit & Degree Requirements,2,18,0.111111
Statistics (STATS),"Biology, Environment & Global Health",0,18,0.0
Statistics (STATS),"Politics, Policy & Economics",1,18,0.055556
Student Affairs,"Student Development, Advising & Skills",2,2,1.0
Student Affairs,China & Global History,0,2,0.0
Student Affairs,Language & Writing Courses,0,2,0.0
Student Affairs,Transfer Credit & Global Education,0,2,0.0
Student Affairs,"Grading, Registration & Academic Standing",0,2,0.0
Student Affairs,"Culture, Literature & the Arts",0,2,0.0
Student Affairs,"Mathematics, Physical Science & Computing",0,2,0.0
Student Affairs,Placement Credit & Degree Requirements,0,2,0.0
Student Affairs,"Biology, Environment & Global Health",0,2,0.0
Student Affairs,"Politics, Policy & Economics",0,2,0.0
Student Affairs Conceptual Framework,"Student Development, Advising & Skills",1,3,0.333333
Student Affairs Conceptual Framework,China & Global History,0,3,0.0
Student Affairs Conceptual Framework,Language & Writing Courses,0,3,0.0
Student Affairs Conceptual Framework,Transfer Credit & Global Education,1,3,0.333333
Student Affairs Conceptual Framework,"Grading, Registration & Academic Standing",0,3,0.0
Student Affairs Conceptual Framework,"Culture, Literature & the Arts",0,3,0.0
Student Affairs Conceptual Framework,"Mathematics, Physical Science & Computing",0,3,0.0
Student Affairs Conceptual Framework,Placement Credit & Degree Requirements,0,3,0.0
Student Affairs Conceptual Framework,"Biology, Environment & Global Health",0,3,0.0
Student Affairs Conceptual Framework,"Politics, Policy & Economics",1,3,0.333333
Student Clubs and Organizations,"Student Development, Advising & Skills",0,1,0.0
Student Clubs and Organizations,China & Global History,0,1,0.0
Student Clubs and Organizations,Language & Writing Courses,0,1,0.0
Student Clubs and Organizations,Transfer Credit & Global Education,1,1,1.0
Student Clubs and Organizations,"Grading, Registration & Academic Standing",0,1,0.0
Student Clubs and Organizations,"Culture, Literature & the Arts",0,1,0.0
Student Clubs and Organizations,"Mathematics, Physical Science & Computing",0,1,0.0
Student Clubs and Organizations,Placement Credit & Degree Requirements,0,1,0.0
Student Clubs and Organizations,"Biology, Environment & Global Health",0,1,0.0
Student Clubs and Organizations,"Politics, Policy & Economics",0,1,0.0
Student Conduct,"Student Development, Advising & Skills",1,3,0.333333
Student Conduct,China & Global History,0,3,0.0
Student Conduct,Language & Writing Courses,0,3,0.0
Student Conduct,Transfer Credit & Global Education,1,3,0.333333
Student Conduct,"Grading, Registration & Academic Standing",1,3,0.333333
Student Conduct,"Culture, Literature & the Arts",0,3,0.0
Student Conduct,"Mathematics, Physical Science & Computing",0,3,0.0
Student Conduct,Placement Credit & Degree Requirements,0,3,0.0
Student Conduct,"Biology, Environment & Global Health",0,3,0.0
Student Conduct,"Politics, Policy & Economics",0,3,0.0
Student Research Opportunities,"Student Development, Advising & Skills",0,2,0.0
Student Research Opportunities,China & Global History,0,2,0.0
Student Research Opportunities,Language & Writing Courses,0,2,0.0
Student Research Opportunities,Transfer Credit & Global Education,2,2,1.0
Student Research Opportunities,"Grading, Registration & Academic Standing",0,2,0.0
Student Research Opportunities,"Culture, Literature & the Arts",0,2,0.0
Student Research Opportunities,"Mathematics, Physical Science & Computing",0,2,0.0
Student Research Opportunities,Placement Credit & Degree Requirements,0,2,0.0
Student Research Opportunities,"Biology, Environment & Global Health",0,2,0.0
Student Research Opportunities,"Politics, Policy & Economics",0,2,0.0
Submission of Term Paper,"Student Development, Advising & Skills",0,1,0.0
Submission of Term Paper,China & Global History,0,1,0.0
Submission of Term Paper,Language & Writing Courses,0,1,0.0
Submission of Term Paper,Transfer Credit & Global Education,0,1,0.0
Submission of Term Paper,"Grading, Registration & Academic Standing",0,1,0.0
Submission of Term Paper,"Culture, Literature & the Arts",0,1,0.0
Submission of Term Paper,"Mathematics, Physical Science & Computing",0,1,0.0
Submission of Term Paper,Placement Credit & Degree Requirements,1,1,1.0
Submission of Term Paper,"Biology, Environment & Global Health",0,1,0.0
Submission of Term Paper,"Politics, Policy & Economics",0,1,0.0
The Provision of Academic Information to Parents and Guardians,"Student Development, Advising & Skills",0,1,0.0
The Provision of Academic Information to Parents and Guardians,China & Global History,0,1,0.0
The Provision of Academic Information to Parents and Guardians,Language & Writing Courses,0,1,0.0
The Provision of Academic Information to Parents and Guardians,Transfer Credit & Global Education,0,1,0.0
The Provision of Academic Information to Parents and Guardians,"Grading, Registration & Academic Standing",1,1,1.0
The Provision of Academic Information to Parents and Guardians,"Culture, Literature & the Arts",0,1,0.0
The Provision of Academic Information to Parents and Guardians,"Mathematics, Physical Science & Computing",0,1,0.0
The Provision of Academic Information to Parents and Guardians,Placement Credit & Degree Requirements,0,1,0.0
The Provision of Academic Information to Parents and Guardians,"Biology, Environment & Global Health",0,1,0.0
The Provision of Academic Information to Parents and Guardians,"Politics, Policy & Economics",0,1,0.0
Third Language (TLANG),"Student Development, Advising & Skills",2,6,0.333333
Third Language (TLANG),China & Global History,0,6,0.0
Third Language (TLANG),Language & Writing Courses,4,6,0.666667
Third Language (TLANG),Transfer Credit & Global Education,0,6,0.0
Third Language (TLANG),"Grading, Registration & Academic Standing",0,6,0.0
Third Language (TLANG),"Culture, Literature & the Arts",0,6,0.0
Third Language (TLANG),"Mathematics, Physical Science & Computing",0,6,0.0
Third Language (TLANG),Placement Credit & Degree Requirements,0,6,0.0
Third Language (TLANG),"Biology, Environment & Global Health",0,6,0.0
Third Language (TLANG),"Politics, Policy & Economics",0,6,0.0
Time Limit for Completing Undergraduate Degree,"Student Development, Advising & Skills",0,1,0.0
Time Limit for Completing Undergraduate Degree,China & Global History,0,1,0.0
Time Limit for Completing Undergraduate Degree,Language & Writing Courses,0,1,0.0
Time Limit for Completing Undergraduate Degree,Transfer Credit & Global Education,1,1,1.0
Time Limit for Completing Undergraduate Degree,"Grading, Registration & Academic Standing",0,1,0.0
Time Limit for Completing Undergraduate Degree,"Culture, Literature & the Arts",0,1,0.0
Time Limit for Completing Undergraduate Degree,"Mathematics, Physical Science & Computing",0,1,0.0
Time Limit for Completing Undergraduate Degree,Placement Credit & Degree Requirements,0,1,0.0
Time Limit for Completing Undergraduate Degree,"Biology, Environment & Global Health",0,1,0.0
Time Limit for Completing Undergraduate Degree,"Politics, Policy & Economics",0,1,0.0
Transfer of Work Taken Elsewhere,"Student Development, Advising & Skills",0,8,0.0
Transfer of Work Taken Elsewhere,China & Global History,0,8,0.0
Transfer of Work Taken Elsewhere,Language & Writing Courses,0,8,0.0
Transfer of Work Taken Elsewhere,Transfer Credit & Global Education,8,8,1.0
Transfer of Work Taken Elsewhere,"Grading, Registration & Academic Standing",0,8,0.0
Transfer of Work Taken Elsewhere,"Culture, Literature & the Arts",0,8,0.0
Transfer of Work Taken Elsewhere,"Mathematics, Physical Science & Computing",0,8,0.0
Transfer of Work Taken Elsewhere,Placement Credit & Degree Requirements,0,8,0.0
Transfer of Work Taken Elsewhere,"Biology, Environment & Global Health",0,8,0.0
Transfer of Work Taken Elsewhere,"Politics, Policy & Economics",0,8,0.0
Tuition and Fees,"Student Development, Advising & Skills",0,2,0.0
Tuition and Fees,China & Global History,0,2,0.0
Tuition and Fees,Language & Writing Courses,1,2,0.5
Tuition and Fees,Transfer Credit & Global Education,0,2,0.0
Tuition and Fees,"Grading, Registration & Academic Standing",1,2,0.5
Tuition and Fees,"Culture, Literature & the Arts",0,2,0.0
Tuition and Fees,"Mathematics, Physical Science & Computing",0,2,0.0
Tuition and Fees,Placement Credit & Degree Requirements,0,2,0.0
Tuition and Fees,"Biology, Environment & Global Health",0,2,0.0
Tuition and Fees,"Politics, Policy & Economics",0,2,0.0
Two-Credit Writing Courses,"Student Development, Advising & Skills",0,1,0.0
Two-Credit Writing Courses,China & Global History,0,1,0.0
Two-Credit Writing Courses,Language & Writing Courses,0,1,0.0
Two-Credit Writing Courses,Transfer Credit & Global Education,0,1,0.0
Two-Credit Writing Courses,"Grading, Registration & Academic Standing",0,1,0.0
Two-Credit Writing Courses,"Culture, Literature & the Arts",0,1,0.0
Two-Credit Writing Courses,"Mathematics, Physical Science & Computing",0,1,0.0
Two-Credit Writing Courses,Placement Credit & Degree Requirements,1,1,1.0
Two-Credit Writing Courses,"Biology, Environment & Global Health",0,1,0.0
Two-Credit Writing Courses,"Politics, Policy & Economics",0,1,0.0
US Studies,"Student Development, Advising & Skills",0,25,0.0
US Studies,China & Global History,1,25,0.04
US Studies,Language & Writing Courses,0,25,0.0
US Studies,Transfer Credit & Global Education,0,25,0.0
US Studies,"Grading, Registration & Academic Standing",0,25,0.0
US Studies,"Culture, Literature & the Arts",5,25,0.2
US Studies,"Mathematics, Physical Science & Computing",0,25,0.0
US Studies,Placement Credit & Degree Requirements,3,25,0.12
US Studies,"Biology, Environment & Global Health",0,25,0.0
US Studies,"Politics, Policy & Economics",16,25,0.64
US Studies (USTUD),"Student Development, Advising & Skills",2,4,0.5
US Studies (USTUD),China & Global History,0,4,0.0
US Studies (USTUD),Language & Writing Courses,0,4,0.0
US Studies (USTUD),Transfer Credit & Global Education,0,4,0.0
US Studies (USTUD),"Grading, Registration & Academic Standing",0,4,0.0
US Studies (USTUD),"Culture, Literature & the Arts",2,4,0.5
US Studies (USTUD),"Mathematics, Physical Science & Computing",0,4,0.0
US Studies (USTUD),Placement Credit & Degree Requirements,0,4,0.0
US Studies (USTUD),"Biology, Environment & Global Health",0,4,0.0
US Studies (USTUD),"Politics, Policy & Economics",0,4,0.0
Undergraduate Course Load,"Student Development, Advising & Skills",0,18,0.0
Undergraduate Course Load,China & Global History,0,18,0.0
Undergraduate Course Load,Language & Writing Courses,0,18,0.0
Undergraduate Course Load,Transfer Credit & Global Education,1,18,0.055556
Undergraduate Course Load,"Grading, Registration & Academic Standing",15,18,0.833333
Undergraduate Course Load,"Culture, Literature & the Arts",0,18,0.0
Undergraduate Course Load,"Mathematics, Physical Science & Computing",0,18,0.0
Undergraduate Course Load,Placement Credit & Degree Requirements,2,18,0.111111
Undergraduate Course Load,"Biology, Environment & Global Health",0,18,0.0
Undergraduate Course Load,"Politics, Policy & Economics",0,18,0.0
Useful Contacts,"Student Development, Advising & Skills",0,2,0.0
Useful Contacts,China & Global History,0,2,0.0
Useful Contacts,Language & Writing Courses,0,2,0.0
Useful Contacts,Transfer Credit & Global Education,2,2,1.0
Useful Contacts,"Grading, Registration & Academic Standing",0,2,0.0
Useful Contacts,"Culture, Literature & the Arts",0,2,0.0
Useful Contacts,"Mathematics, Physical Science & Computing",0,2,0.0
Useful Contacts,Placement Credit & Degree Requirements,0,2,0.0
Useful Contacts,"Biology, Environment & Global Health",0,2,0.0
Useful Contacts,"Politics, Policy & Economics",0,2,0.0
Who We Are,"Student Development, Advising & Skills",1,6,0.166667
Who We Are,China & Global History,0,6,0.0
Who We Are,Language & Writing Courses,0,6,0.0
Who We Are,Transfer Credit & Global Education,5,6,0.833333
Who We Are,"Grading, Registration & Academic Standing",0,6,0.0
Who We Are,"Culture, Literature & the Arts",0,6,0.0
Who We Are,"Mathematics, Physical Science & Computing",0,6,0.0
Who We Are,Placement Credit & Degree Requirements,0,6,0.0
Who We Are,"Biology, Environment & Global Health",0,6,0.0
Who We Are,"Politics, Policy & Economics",0,6,0.0
Written and Oral Communication (WOC),"Student Development, Advising & Skills",4,16,0.25
Written and Oral Communication (WOC),China & Global History,0,16,0.0
Written and Oral Communication (WOC),Language & Writing Courses,6,16,0.375
Written and Oral Communication (WOC),Transfer Credit & Global Education,0,16,0.0
Written and Oral Communication (WOC),"Grading, Registration & Academic Standing",0,16,0.0
Written and Oral Communication (WOC),"Culture, Literature & the Arts",5,16,0.3125
Written and Oral Communication (WOC),"Mathematics, Physical Science & Computing",0,16,0.0
Written and Oral Communication (WOC),Placement Credit & Degree Requirements,1,16,0.0625
Written and Oral Communication (WOC),"Biology, Environment & Global Health",0,16,0.0
Written and Oral Communication (WOC),"Politics, Policy & Economics",0,16,0.0
